season,team_id,team_name,reached_playin,won_playin,reached_r64,reached_r32,reached_s16,reached_e8,reached_f4,reached_f2,won_championship
1985,1104,Alabama,0,0,1,1,1,0,0,0,0
1985,1112,Arizona,0,0,1,0,0,0,0,0,0
1985,1116,Arkansas,0,0,1,1,0,0,0,0,0
1985,1120,Auburn,0,0,1,1,1,0,0,0,0
1985,1130,Boston College,0,0,1,1,1,0,0,0,0
1985,1173,Dayton,0,0,1,0,0,0,0,0,0
1985,1177,DePaul,0,0,1,0,0,0,0,0,0
1985,1181,Duke,0,0,1,1,0,0,0,0,0
1985,1192,F Dickinson,0,0,1,0,0,0,0,0,0
1985,1207,Georgetown,0,0,1,1,1,1,1,1,0
1985,1208,Georgia,0,0,1,1,0,0,0,0,0
1985,1210,Georgia Tech,0,0,1,1,1,1,0,0,0
1985,1228,Illinois,0,0,1,1,1,0,0,0,0
1985,1229,Illinois St,0,0,1,1,0,0,0,0,0
1985,1233,Iona,0,0,1,0,0,0,0,0,0
1985,1234,Iowa,0,0,1,0,0,0,0,0,0
1985,1235,Iowa St,0,0,1,0,0,0,0,0,0
1985,1242,Kansas,0,0,1,1,0,0,0,0,0
1985,1246,Kentucky,0,0,1,1,1,0,0,0,0
1985,1250,Lehigh,0,0,1,0,0,0,0,0,0
1985,1256,Louisiana Tech,0,0,1,1,1,0,0,0,0
1985,1260,Loyola-Chicago,0,0,1,1,1,0,0,0,0
1985,1261,LSU,0,0,1,0,0,0,0,0,0
1985,1267,Marshall,0,0,1,0,0,0,0,0,0
1985,1268,Maryland,0,0,1,1,1,0,0,0,0
1985,1272,Memphis,0,0,1,1,1,1,1,0,0
1985,1273,Mercer,0,0,1,0,0,0,0,0,0
1985,1275,Miami OH,0,0,1,0,0,0,0,0,0
1985,1276,Michigan,0,0,1,1,0,0,0,0,0
1985,1277,Michigan St,0,0,1,0,0,0,0,0,0
1985,1292,MTSU,0,0,1,0,0,0,0,0,0
1985,1298,Navy,0,0,1,1,0,0,0,0,0
1985,1299,NC A&T,0,0,1,0,0,0,0,0,0
1985,1301,NC State,0,0,1,1,1,1,0,0,0
1985,1305,Nevada,0,0,1,0,0,0,0,0,0
1985,1314,North Carolina,0,0,1,1,1,1,0,0,0
1985,1318,Northeastern,0,0,1,0,0,0,0,0,0
1985,1323,Notre Dame,0,0,1,1,0,0,0,0,0
1985,1325,Ohio,0,0,1,0,0,0,0,0,0
1985,1326,Ohio St,0,0,1,1,0,0,0,0,0
1985,1328,Oklahoma,0,0,1,1,1,1,0,0,0
1985,1330,Old Dominion,0,0,1,0,0,0,0,0,0
1985,1333,Oregon St,0,0,1,0,0,0,0,0,0
1985,1335,Penn,0,0,1,0,0,0,0,0,0
1985,1337,Pepperdine,0,0,1,0,0,0,0,0,0
1985,1338,Pittsburgh,0,0,1,0,0,0,0,0,0
1985,1345,Purdue,0,0,1,0,0,0,0,0,0
1985,1361,San Diego St,0,0,1,0,0,0,0,0,0
1985,1374,SMU,0,0,1,1,0,0,0,0,0
1985,1380,Southern Univ,0,0,1,0,0,0,0,0,0
1985,1385,St John's,0,0,1,1,1,1,1,0,0
1985,1393,Syracuse,0,0,1,1,0,0,0,0,0
1985,1396,Temple,0,0,1,1,0,0,0,0,0
1985,1403,Texas Tech,0,0,1,0,0,0,0,0,0
1985,1409,Tulsa,0,0,1,0,0,0,0,0,0
1985,1412,UAB,0,0,1,1,0,0,0,0,0
1985,1424,UNLV,0,0,1,1,0,0,0,0,0
1985,1425,USC,0,0,1,0,0,0,0,0,0
1985,1431,UTEP,0,0,1,1,0,0,0,0,0
1985,1433,VCU,0,0,1,1,0,0,0,0,0
1985,1437,Villanova,0,0,1,1,1,1,1,1,1
1985,1439,Virginia Tech,0,0,1,0,0,0,0,0,0
1985,1449,Washington,0,0,1,0,0,0,0,0,0
1985,1455,Wichita St,0,0,1,0,0,0,0,0,0
1986,1103,Akron,0,0,1,0,0,0,0,0,0
1986,1104,Alabama,0,0,1,1,1,0,0,0,0
1986,1112,Arizona,0,0,1,0,0,0,0,0,0
1986,1114,Ark Little Rock,0,0,1,1,0,0,0,0,0
1986,1120,Auburn,0,0,1,1,1,1,0,0,0
1986,1123,Ball St,0,0,1,0,0,0,0,0,0
1986,1133,Bradley,0,0,1,1,0,0,0,0,0
1986,1135,Brown,0,0,1,0,0,0,0,0,0
1986,1156,Cleveland St,0,0,1,1,1,0,0,0,0
1986,1172,Davidson,0,0,1,0,0,0,0,0,0
1986,1177,DePaul,0,0,1,1,1,0,0,0,0
1986,1180,Drexel,0,0,1,0,0,0,0,0,0
1986,1181,Duke,0,0,1,1,1,1,1,1,0
1986,1193,Fairfield,0,0,1,0,0,0,0,0,0
1986,1207,Georgetown,0,0,1,1,0,0,0,0,0
1986,1210,Georgia Tech,0,0,1,1,1,0,0,0,0
1986,1228,Illinois,0,0,1,1,0,0,0,0,0
1986,1231,Indiana,0,0,1,0,0,0,0,0,0
1986,1234,Iowa,0,0,1,0,0,0,0,0,0
1986,1235,Iowa St,0,0,1,1,1,0,0,0,0
1986,1239,Jacksonville,0,0,1,0,0,0,0,0,0
1986,1242,Kansas,0,0,1,1,1,1,1,0,0
1986,1246,Kentucky,0,0,1,1,1,1,0,0,0
1986,1257,Louisville,0,0,1,1,1,1,1,1,1
1986,1261,LSU,0,0,1,1,1,1,1,0,0
1986,1265,Marist,0,0,1,0,0,0,0,0,0
1986,1268,Maryland,0,0,1,1,0,0,0,0,0
1986,1272,Memphis,0,0,1,1,0,0,0,0,0
1986,1275,Miami OH,0,0,1,0,0,0,0,0,0
1986,1276,Michigan,0,0,1,1,0,0,0,0,0
1986,1277,Michigan St,0,0,1,1,1,0,0,0,0
1986,1281,Missouri,0,0,1,0,0,0,0,0,0
1986,1286,Montana St,0,0,1,0,0,0,0,0,0
1986,1290,MS Valley St,0,0,1,0,0,0,0,0,0
1986,1298,Navy,0,0,1,1,1,1,0,0,0
1986,1299,NC A&T,0,0,1,0,0,0,0,0,0
1986,1301,NC State,0,0,1,1,1,1,0,0,0
1986,1304,Nebraska,0,0,1,0,0,0,0,0,0
1986,1314,North Carolina,0,0,1,1,1,0,0,0,0
1986,1318,Northeastern,0,0,1,0,0,0,0,0,0
1986,1323,Notre Dame,0,0,1,0,0,0,0,0,0
1986,1328,Oklahoma,0,0,1,1,0,0,0,0,0
1986,1330,Old Dominion,0,0,1,1,0,0,0,0,0
1986,1337,Pepperdine,0,0,1,0,0,0,0,0,0
1986,1345,Purdue,0,0,1,0,0,0,0,0,0
1986,1350,Richmond,0,0,1,0,0,0,0,0,0
1986,1385,St John's,0,0,1,1,0,0,0,0,0
1986,1386,St Joseph's PA,0,0,1,1,0,0,0,0,0
1986,1393,Syracuse,0,0,1,1,0,0,0,0,0
1986,1396,Temple,0,0,1,1,0,0,0,0,0
1986,1403,Texas Tech,0,0,1,0,0,0,0,0,0
1986,1409,Tulsa,0,0,1,0,0,0,0,0,0
1986,1412,UAB,0,0,1,1,0,0,0,0,0
1986,1419,ULM,0,0,1,0,0,0,0,0,0
1986,1424,UNLV,0,0,1,1,1,0,0,0,0
1986,1428,Utah,0,0,1,0,0,0,0,0,0
1986,1431,UTEP,0,0,1,0,0,0,0,0,0
1986,1437,Villanova,0,0,1,1,0,0,0,0,0
1986,1438,Virginia,0,0,1,0,0,0,0,0,0
1986,1439,Virginia Tech,0,0,1,0,0,0,0,0,0
1986,1443,WKU,0,0,1,1,0,0,0,0,0
1986,1449,Washington,0,0,1,0,0,0,0,0,0
1986,1452,West Virginia,0,0,1,0,0,0,0,0,0
1986,1462,Xavier,0,0,1,0,0,0,0,0,0
1987,1104,Alabama,0,0,1,1,1,0,0,0,0
1987,1112,Arizona,0,0,1,0,0,0,0,0,0
1987,1120,Auburn,0,0,1,1,0,0,0,0,0
1987,1122,Austin Peay,0,0,1,1,0,0,0,0,0
1987,1137,Bucknell,0,0,1,0,0,0,0,0,0
1987,1140,BYU,0,0,1,0,0,0,0,0,0
1987,1141,C Michigan,0,0,1,0,0,0,0,0,0
1987,1155,Clemson,0,0,1,0,0,0,0,0,0
1987,1177,DePaul,0,0,1,1,1,0,0,0,0
1987,1181,Duke,0,0,1,1,1,0,0,0,0
1987,1193,Fairfield,0,0,1,0,0,0,0,0,0
1987,1196,Florida,0,0,1,1,1,0,0,0,0
1987,1204,Ga Southern,0,0,1,0,0,0,0,0,0
1987,1207,Georgetown,0,0,1,1,1,1,0,0,0
1987,1208,Georgia,0,0,1,0,0,0,0,0,0
1987,1210,Georgia Tech,0,0,1,0,0,0,0,0,0
1987,1222,Houston,0,0,1,0,0,0,0,0,0
1987,1226,Idaho St,0,0,1,0,0,0,0,0,0
1987,1228,Illinois,0,0,1,0,0,0,0,0,0
1987,1231,Indiana,0,0,1,1,1,1,1,1,1
1987,1234,Iowa,0,0,1,1,1,1,0,0,0
1987,1242,Kansas,0,0,1,1,1,0,0,0,0
1987,1243,Kansas St,0,0,1,1,0,0,0,0,0
1987,1246,Kentucky,0,0,1,0,0,0,0,0,0
1987,1256,Louisiana Tech,0,0,1,0,0,0,0,0,0
1987,1261,LSU,0,0,1,1,1,1,0,0,0
1987,1265,Marist,0,0,1,0,0,0,0,0,0
1987,1267,Marshall,0,0,1,0,0,0,0,0,0
1987,1276,Michigan,0,0,1,1,0,0,0,0,0
1987,1281,Missouri,0,0,1,0,0,0,0,0,0
1987,1283,Missouri St,0,0,1,1,0,0,0,0,0
1987,1292,MTSU,0,0,1,0,0,0,0,0,0
1987,1298,Navy,0,0,1,0,0,0,0,0,0
1987,1299,NC A&T,0,0,1,0,0,0,0,0,0
1987,1301,NC State,0,0,1,0,0,0,0,0,0
1987,1309,New Orleans,0,0,1,1,0,0,0,0,0
1987,1314,North Carolina,0,0,1,1,1,1,0,0,0
1987,1318,Northeastern,0,0,1,0,0,0,0,0,0
1987,1323,Notre Dame,0,0,1,1,1,0,0,0,0
1987,1326,Ohio St,0,0,1,1,0,0,0,0,0
1987,1328,Oklahoma,0,0,1,1,1,0,0,0,0
1987,1335,Penn,0,0,1,0,0,0,0,0,0
1987,1338,Pittsburgh,0,0,1,1,0,0,0,0,0
1987,1344,Providence,0,0,1,1,1,1,1,0,0
1987,1345,Purdue,0,0,1,1,0,0,0,0,0
1987,1360,San Diego,0,0,1,0,0,0,0,0,0
1987,1365,Santa Clara,0,0,1,0,0,0,0,0,0
1987,1380,Southern Univ,0,0,1,0,0,0,0,0,0
1987,1385,St John's,0,0,1,1,0,0,0,0,0
1987,1393,Syracuse,0,0,1,1,1,1,1,1,0
1987,1395,TCU,0,0,1,1,0,0,0,0,0
1987,1396,Temple,0,0,1,1,0,0,0,0,0
1987,1401,Texas A&M,0,0,1,0,0,0,0,0,0
1987,1409,Tulsa,0,0,1,0,0,0,0,0,0
1987,1412,UAB,0,0,1,0,0,0,0,0,0
1987,1417,UCLA,0,0,1,1,0,0,0,0,0
1987,1424,UNLV,0,0,1,1,1,1,1,0,0
1987,1431,UTEP,0,0,1,1,0,0,0,0,0
1987,1438,Virginia,0,0,1,0,0,0,0,0,0
1987,1443,WKU,0,0,1,1,0,0,0,0,0
1987,1452,West Virginia,0,0,1,0,0,0,0,0,0
1987,1455,Wichita St,0,0,1,0,0,0,0,0,0
1987,1461,Wyoming,0,0,1,1,1,0,0,0,0
1987,1462,Xavier,0,0,1,1,0,0,0,0,0
1988,1112,Arizona,0,0,1,1,1,1,1,0,0
1988,1116,Arkansas,0,0,1,0,0,0,0,0,0
1988,1120,Auburn,0,0,1,1,0,0,0,0,0
1988,1124,Baylor,0,0,1,0,0,0,0,0,0
1988,1129,Boise St,0,0,1,0,0,0,0,0,0
1988,1131,Boston Univ,0,0,1,0,0,0,0,0,0
1988,1133,Bradley,0,0,1,0,0,0,0,0,0
1988,1140,BYU,0,0,1,1,0,0,0,0,0
1988,1150,Charlotte,0,0,1,0,0,0,0,0,0
1988,1151,Chattanooga,0,0,1,0,0,0,0,0,0
1988,1165,Cornell,0,0,1,0,0,0,0,0,0
1988,1177,DePaul,0,0,1,1,0,0,0,0,0
1988,1181,Duke,0,0,1,1,1,1,1,0,0
1988,1185,E Michigan,0,0,1,0,0,0,0,0,0
1988,1192,F Dickinson,0,0,1,0,0,0,0,0,0
1988,1196,Florida,0,0,1,1,0,0,0,0,0
1988,1199,Florida St,0,0,1,0,0,0,0,0,0
1988,1207,Georgetown,0,0,1,1,0,0,0,0,0
1988,1210,Georgia Tech,0,0,1,1,0,0,0,0,0
1988,1228,Illinois,0,0,1,1,0,0,0,0,0
1988,1231,Indiana,0,0,1,0,0,0,0,0,0
1988,1234,Iowa,0,0,1,1,1,0,0,0,0
1988,1235,Iowa St,0,0,1,0,0,0,0,0,0
1988,1242,Kansas,0,0,1,1,1,1,1,1,1
1988,1243,Kansas St,0,0,1,1,1,1,0,0,0
1988,1246,Kentucky,0,0,1,1,1,0,0,0,0
1988,1247,La Salle,0,0,1,0,0,0,0,0,0
1988,1250,Lehigh,0,0,1,0,0,0,0,0,0
1988,1257,Louisville,0,0,1,1,1,0,0,0,0
1988,1258,Loy Marymount,0,0,1,1,0,0,0,0,0
1988,1261,LSU,0,0,1,0,0,0,0,0,0
1988,1268,Maryland,0,0,1,1,0,0,0,0,0
1988,1272,Memphis,0,0,1,1,0,0,0,0,0
1988,1276,Michigan,0,0,1,1,1,0,0,0,0
1988,1281,Missouri,0,0,1,0,0,0,0,0,0
1988,1283,Missouri St,0,0,1,0,0,0,0,0,0
1988,1293,Murray St,0,0,1,1,0,0,0,0,0
1988,1299,NC A&T,0,0,1,0,0,0,0,0,0
1988,1301,NC State,0,0,1,0,0,0,0,0,0
1988,1314,North Carolina,0,0,1,1,1,1,0,0,0
1988,1317,North Texas,0,0,1,0,0,0,0,0,0
1988,1323,Notre Dame,0,0,1,0,0,0,0,0,0
1988,1328,Oklahoma,0,0,1,1,1,1,1,1,0
1988,1333,Oregon St,0,0,1,0,0,0,0,0,0
1988,1338,Pittsburgh,0,0,1,1,0,0,0,0,0
1988,1345,Purdue,0,0,1,1,1,0,0,0,0
1988,1348,Rhode Island,0,0,1,1,1,0,0,0,0
1988,1350,Richmond,0,0,1,1,1,0,0,0,0
1988,1364,UC Santa Barbara,0,0,1,0,0,0,0,0,0
1988,1371,Seton Hall,0,0,1,1,0,0,0,0,0
1988,1374,SMU,0,0,1,1,0,0,0,0,0
1988,1380,Southern Univ,0,0,1,0,0,0,0,0,0
1988,1385,St John's,0,0,1,0,0,0,0,0,0
1988,1393,Syracuse,0,0,1,1,0,0,0,0,0
1988,1396,Temple,0,0,1,1,1,1,0,0,0
1988,1424,UNLV,0,0,1,1,0,0,0,0,0
1988,1427,UT San Antonio,0,0,1,0,0,0,0,0,0
1988,1429,Utah St,0,0,1,0,0,0,0,0,0
1988,1431,UTEP,0,0,1,0,0,0,0,0,0
1988,1435,Vanderbilt,0,0,1,1,1,0,0,0,0
1988,1437,Villanova,0,0,1,1,1,1,0,0,0
1988,1455,Wichita St,0,0,1,0,0,0,0,0,0
1988,1461,Wyoming,0,0,1,0,0,0,0,0,0
1988,1462,Xavier,0,0,1,0,0,0,0,0,0
1989,1104,Alabama,0,0,1,0,0,0,0,0,0
1989,1112,Arizona,0,0,1,1,1,0,0,0,0
1989,1114,Ark Little Rock,0,0,1,0,0,0,0,0,0
1989,1116,Arkansas,0,0,1,1,0,0,0,0,0
1989,1123,Ball St,0,0,1,1,0,0,0,0,0
1989,1137,Bucknell,0,0,1,0,0,0,0,0,0
1989,1155,Clemson,0,0,1,1,0,0,0,0,0
1989,1161,Colorado St,0,0,1,1,0,0,0,0,0
1989,1166,Creighton,0,0,1,0,0,0,0,0,0
1989,1177,DePaul,0,0,1,1,0,0,0,0,0
1989,1181,Duke,0,0,1,1,1,1,1,0,0
1989,1190,ETSU,0,0,1,0,0,0,0,0,0
1989,1191,Evansville,0,0,1,1,0,0,0,0,0
1989,1196,Florida,0,0,1,0,0,0,0,0,0
1989,1199,Florida St,0,0,1,0,0,0,0,0,0
1989,1206,George Mason,0,0,1,0,0,0,0,0,0
1989,1207,Georgetown,0,0,1,1,1,1,0,0,0
1989,1210,Georgia Tech,0,0,1,0,0,0,0,0,0
1989,1225,Idaho,0,0,1,0,0,0,0,0,0
1989,1228,Illinois,0,0,1,1,1,1,1,0,0
1989,1231,Indiana,0,0,1,1,1,0,0,0,0
1989,1234,Iowa,0,0,1,1,0,0,0,0,0
1989,1235,Iowa St,0,0,1,0,0,0,0,0,0
1989,1243,Kansas St,0,0,1,0,0,0,0,0,0
1989,1247,La Salle,0,0,1,0,0,0,0,0,0
1989,1256,Louisiana Tech,0,0,1,1,0,0,0,0,0
1989,1257,Louisville,0,0,1,1,1,0,0,0,0
1989,1258,Loy Marymount,0,0,1,0,0,0,0,0,0
1989,1261,LSU,0,0,1,0,0,0,0,0,0
1989,1270,McNeese St,0,0,1,0,0,0,0,0,0
1989,1272,Memphis,0,0,1,0,0,0,0,0,0
1989,1276,Michigan,0,0,1,1,1,1,1,1,1
1989,1278,Minnesota,0,0,1,1,1,0,0,0,0
1989,1281,Missouri,0,0,1,1,1,0,0,0,0
1989,1283,Missouri St,0,0,1,0,0,0,0,0,0
1989,1292,MTSU,0,0,1,1,0,0,0,0,0
1989,1301,NC State,0,0,1,1,1,0,0,0,0
1989,1314,North Carolina,0,0,1,1,1,0,0,0,0
1989,1323,Notre Dame,0,0,1,1,0,0,0,0,0
1989,1328,Oklahoma,0,0,1,1,1,0,0,0,0
1989,1333,Oregon St,0,0,1,0,0,0,0,0,0
1989,1338,Pittsburgh,0,0,1,0,0,0,0,0,0
1989,1343,Princeton,0,0,1,0,0,0,0,0,0
1989,1344,Providence,0,0,1,0,0,0,0,0,0
1989,1352,Robert Morris,0,0,1,0,0,0,0,0,0
1989,1353,Rutgers,0,0,1,0,0,0,0,0,0
1989,1354,S Carolina St,0,0,1,0,0,0,0,0,0
1989,1371,Seton Hall,0,0,1,1,1,1,1,1,0
1989,1373,Siena,0,0,1,1,0,0,0,0,0
1989,1375,South Alabama,0,0,1,1,0,0,0,0,0
1989,1376,South Carolina,0,0,1,0,0,0,0,0,0
1989,1380,Southern Univ,0,0,1,0,0,0,0,0,0
1989,1388,St Mary's CA,0,0,1,0,0,0,0,0,0
1989,1390,Stanford,0,0,1,0,0,0,0,0,0
1989,1393,Syracuse,0,0,1,1,1,1,0,0,0
1989,1397,Tennessee,0,0,1,0,0,0,0,0,0
1989,1400,Texas,0,0,1,1,0,0,0,0,0
1989,1417,UCLA,0,0,1,1,0,0,0,0,0
1989,1424,UNLV,0,0,1,1,1,1,0,0,0
1989,1431,UTEP,0,0,1,1,0,0,0,0,0
1989,1435,Vanderbilt,0,0,1,0,0,0,0,0,0
1989,1438,Virginia,0,0,1,1,1,1,0,0,0
1989,1452,West Virginia,0,0,1,1,0,0,0,0,0
1989,1462,Xavier,0,0,1,0,0,0,0,0,0
1990,1104,Alabama,0,0,1,1,1,0,0,0,0
1990,1112,Arizona,0,0,1,1,0,0,0,0,0
1990,1114,Ark Little Rock,0,0,1,0,0,0,0,0,0
1990,1116,Arkansas,0,0,1,1,1,1,1,0,0
1990,1123,Ball St,0,0,1,1,1,0,0,0,0
1990,1131,Boston Univ,0,0,1,0,0,0,0,0,0
1990,1140,BYU,0,0,1,0,0,0,0,0,0
1990,1143,California,0,0,1,1,0,0,0,0,0
1990,1155,Clemson,0,0,1,1,1,0,0,0,0
1990,1161,Colorado St,0,0,1,0,0,0,0,0,0
1990,1163,Connecticut,0,0,1,1,1,1,0,0,0
1990,1164,Coppin St,0,0,1,0,0,0,0,0,0
1990,1173,Dayton,0,0,1,1,0,0,0,0,0
1990,1181,Duke,0,0,1,1,1,1,1,1,0
1990,1190,ETSU,0,0,1,0,0,0,0,0,0
1990,1207,Georgetown,0,0,1,1,0,0,0,0,0
1990,1208,Georgia,0,0,1,0,0,0,0,0,0
1990,1210,Georgia Tech,0,0,1,1,1,1,1,0,0
1990,1222,Houston,0,0,1,0,0,0,0,0,0
1990,1225,Idaho,0,0,1,0,0,0,0,0,0
1990,1228,Illinois,0,0,1,0,0,0,0,0,0
1990,1229,Illinois St,0,0,1,0,0,0,0,0,0
1990,1231,Indiana,0,0,1,0,0,0,0,0,0
1990,1242,Kansas,0,0,1,1,0,0,0,0,0
1990,1243,Kansas St,0,0,1,0,0,0,0,0,0
1990,1247,La Salle,0,0,1,1,0,0,0,0,0
1990,1257,Louisville,0,0,1,1,0,0,0,0,0
1990,1258,Loy Marymount,0,0,1,1,1,1,0,0,0
1990,1261,LSU,0,0,1,1,0,0,0,0,0
1990,1276,Michigan,0,0,1,1,0,0,0,0,0
1990,1277,Michigan St,0,0,1,1,1,0,0,0,0
1990,1278,Minnesota,0,0,1,1,1,1,0,0,0
1990,1281,Missouri,0,0,1,0,0,0,0,0,0
1990,1283,Missouri St,0,0,1,0,0,0,0,0,0
1990,1293,Murray St,0,0,1,0,0,0,0,0,0
1990,1308,New Mexico St,0,0,1,0,0,0,0,0,0
1990,1314,North Carolina,0,0,1,1,1,0,0,0,0
1990,1320,Northern Iowa,0,0,1,1,0,0,0,0,0
1990,1323,Notre Dame,0,0,1,0,0,0,0,0,0
1990,1326,Ohio St,0,0,1,1,0,0,0,0,0
1990,1328,Oklahoma,0,0,1,1,0,0,0,0,0
1990,1333,Oregon St,0,0,1,0,0,0,0,0,0
1990,1343,Princeton,0,0,1,0,0,0,0,0,0
1990,1344,Providence,0,0,1,0,0,0,0,0,0
1990,1345,Purdue,0,0,1,1,0,0,0,0,0
1990,1350,Richmond,0,0,1,0,0,0,0,0,0
1990,1352,Robert Morris,0,0,1,0,0,0,0,0,0
1990,1364,UC Santa Barbara,0,0,1,1,0,0,0,0,0
1990,1378,South Florida,0,0,1,0,0,0,0,0,0
1990,1379,Southern Miss,0,0,1,0,0,0,0,0,0
1990,1385,St John's,0,0,1,1,0,0,0,0,0
1990,1393,Syracuse,0,0,1,1,1,0,0,0,0
1990,1396,Temple,0,0,1,0,0,0,0,0,0
1990,1400,Texas,0,0,1,1,1,1,0,0,0
1990,1406,Towson,0,0,1,0,0,0,0,0,0
1990,1411,TX Southern,0,0,1,0,0,0,0,0,0
1990,1412,UAB,0,0,1,0,0,0,0,0,0
1990,1417,UCLA,0,0,1,1,1,0,0,0,0
1990,1419,ULM,0,0,1,0,0,0,0,0,0
1990,1424,UNLV,0,0,1,1,1,1,1,1,1
1990,1431,UTEP,0,0,1,0,0,0,0,0,0
1990,1437,Villanova,0,0,1,0,0,0,0,0,0
1990,1438,Virginia,0,0,1,1,0,0,0,0,0
1990,1462,Xavier,0,0,1,1,1,0,0,0,0
1991,1104,Alabama,0,0,1,1,1,0,0,0,0
1991,1112,Arizona,0,0,1,1,1,0,0,0,0
1991,1113,Arizona St,0,0,1,1,0,0,0,0,0
1991,1116,Arkansas,0,0,1,1,1,1,0,0,0
1991,1140,BYU,0,0,1,1,0,0,0,0,0
1991,1157,Coastal Car,0,0,1,0,0,0,0,0,0
1991,1163,Connecticut,0,0,1,1,1,0,0,0,0
1991,1166,Creighton,0,0,1,1,0,0,0,0,0
1991,1177,DePaul,0,0,1,0,0,0,0,0,0
1991,1181,Duke,0,0,1,1,1,1,1,1,1
1991,1185,E Michigan,0,0,1,1,1,0,0,0,0
1991,1190,ETSU,0,0,1,0,0,0,0,0,0
1991,1199,Florida St,0,0,1,1,0,0,0,0,0
1991,1207,Georgetown,0,0,1,1,0,0,0,0,0
1991,1208,Georgia,0,0,1,0,0,0,0,0,0
1991,1209,Georgia St,0,0,1,0,0,0,0,0,0
1991,1210,Georgia Tech,0,0,1,1,0,0,0,0,0
1991,1231,Indiana,0,0,1,1,1,0,0,0,0
1991,1234,Iowa,0,0,1,1,0,0,0,0,0
1991,1242,Kansas,0,0,1,1,1,1,1,1,0
1991,1256,Louisiana Tech,0,0,1,0,0,0,0,0,0
1991,1261,LSU,0,0,1,0,0,0,0,0,0
1991,1277,Michigan St,0,0,1,1,0,0,0,0,0
1991,1280,Mississippi St,0,0,1,0,0,0,0,0,0
1991,1285,Montana,0,0,1,0,0,0,0,0,0
1991,1293,Murray St,0,0,1,0,0,0,0,0,0
1991,1296,N Illinois,0,0,1,0,0,0,0,0,0
1991,1301,NC State,0,0,1,1,0,0,0,0,0
1991,1304,Nebraska,0,0,1,0,0,0,0,0,0
1991,1307,New Mexico,0,0,1,0,0,0,0,0,0
1991,1308,New Mexico St,0,0,1,0,0,0,0,0,0
1991,1309,New Orleans,0,0,1,0,0,0,0,0,0
1991,1314,North Carolina,0,0,1,1,1,1,1,0,0
1991,1318,Northeastern,0,0,1,0,0,0,0,0,0
1991,1326,Ohio St,0,0,1,1,1,0,0,0,0
1991,1329,Oklahoma St,0,0,1,1,1,0,0,0,0
1991,1336,Penn St,0,0,1,1,0,0,0,0,0
1991,1337,Pepperdine,0,0,1,0,0,0,0,0,0
1991,1338,Pittsburgh,0,0,1,1,0,0,0,0,0
1991,1343,Princeton,0,0,1,0,0,0,0,0,0
1991,1345,Purdue,0,0,1,0,0,0,0,0,0
1991,1350,Richmond,0,0,1,1,0,0,0,0,0
1991,1353,Rutgers,0,0,1,0,0,0,0,0,0
1991,1371,Seton Hall,0,0,1,1,1,1,0,0,0
1991,1375,South Alabama,0,0,1,0,0,0,0,0,0
1991,1379,Southern Miss,0,0,1,0,0,0,0,0,0
1991,1384,St Francis PA,0,0,1,0,0,0,0,0,0
1991,1385,St John's,0,0,1,1,1,1,0,0,0
1991,1389,St Peter's,0,0,1,0,0,0,0,0,0
1991,1393,Syracuse,0,0,1,0,0,0,0,0,0
1991,1396,Temple,0,0,1,1,1,1,0,0,0
1991,1400,Texas,0,0,1,1,0,0,0,0,0
1991,1406,Towson,0,0,1,0,0,0,0,0,0
1991,1417,UCLA,0,0,1,0,0,0,0,0,0
1991,1419,ULM,0,0,1,0,0,0,0,0,0
1991,1424,UNLV,0,0,1,1,1,1,1,0,0
1991,1425,USC,0,0,1,0,0,0,0,0,0
1991,1428,Utah,0,0,1,1,1,0,0,0,0
1991,1435,Vanderbilt,0,0,1,0,0,0,0,0,0
1991,1437,Villanova,0,0,1,1,0,0,0,0,0
1991,1438,Virginia,0,0,1,0,0,0,0,0,0
1991,1448,Wake Forest,0,0,1,1,0,0,0,0,0
1991,1453,WI Green Bay,0,0,1,0,0,0,0,0,0
1991,1462,Xavier,0,0,1,1,0,0,0,0,0
1992,1104,Alabama,0,0,1,1,0,0,0,0,0
1992,1112,Arizona,0,0,1,0,0,0,0,0,0
1992,1116,Arkansas,0,0,1,1,0,0,0,0,0
1992,1140,BYU,0,0,1,0,0,0,0,0,0
1992,1144,Campbell,0,0,1,0,0,0,0,0,0
1992,1150,Charlotte,0,0,1,0,0,0,0,0,0
1992,1153,Cincinnati,0,0,1,1,1,1,1,0,0
1992,1163,Connecticut,0,0,1,1,0,0,0,0,0
1992,1174,Delaware,0,0,1,0,0,0,0,0,0
1992,1177,DePaul,0,0,1,0,0,0,0,0,0
1992,1181,Duke,0,0,1,1,1,1,1,1,1
1992,1183,E Illinois,0,0,1,0,0,0,0,0,0
1992,1190,ETSU,0,0,1,1,0,0,0,0,0
1992,1191,Evansville,0,0,1,0,0,0,0,0,0
1992,1199,Florida St,0,0,1,1,1,0,0,0,0
1992,1200,Fordham,0,0,1,0,0,0,0,0,0
1992,1204,Ga Southern,0,0,1,0,0,0,0,0,0
1992,1207,Georgetown,0,0,1,1,0,0,0,0,0
1992,1210,Georgia Tech,0,0,1,1,1,0,0,0,0
1992,1222,Houston,0,0,1,0,0,0,0,0,0
1992,1224,Howard,0,0,1,0,0,0,0,0,0
1992,1231,Indiana,0,0,1,1,1,1,1,0,0
1992,1234,Iowa,0,0,1,1,0,0,0,0,0
1992,1235,Iowa St,0,0,1,1,0,0,0,0,0
1992,1242,Kansas,0,0,1,1,0,0,0,0,0
1992,1246,Kentucky,0,0,1,1,1,1,0,0,0
1992,1247,La Salle,0,0,1,0,0,0,0,0,0
1992,1257,Louisville,0,0,1,1,0,0,0,0,0
1992,1261,LSU,0,0,1,1,0,0,0,0,0
1992,1269,Massachusetts,0,0,1,1,1,0,0,0,0
1992,1272,Memphis,0,0,1,1,1,1,0,0,0
1992,1275,Miami OH,0,0,1,0,0,0,0,0,0
1992,1276,Michigan,0,0,1,1,1,1,1,1,0
1992,1277,Michigan St,0,0,1,1,0,0,0,0,0
1992,1281,Missouri,0,0,1,1,0,0,0,0,0
1992,1283,Missouri St,0,0,1,0,0,0,0,0,0
1992,1285,Montana,0,0,1,0,0,0,0,0,0
1992,1290,MS Valley St,0,0,1,0,0,0,0,0,0
1992,1293,Murray St,0,0,1,0,0,0,0,0,0
1992,1304,Nebraska,0,0,1,0,0,0,0,0,0
1992,1308,New Mexico St,0,0,1,1,1,0,0,0,0
1992,1314,North Carolina,0,0,1,1,1,0,0,0,0
1992,1326,Ohio St,0,0,1,1,1,1,0,0,0
1992,1328,Oklahoma,0,0,1,0,0,0,0,0,0
1992,1329,Oklahoma St,0,0,1,1,1,0,0,0,0
1992,1330,Old Dominion,0,0,1,0,0,0,0,0,0
1992,1337,Pepperdine,0,0,1,0,0,0,0,0,0
1992,1343,Princeton,0,0,1,0,0,0,0,0,0
1992,1352,Robert Morris,0,0,1,0,0,0,0,0,0
1992,1371,Seton Hall,0,0,1,1,1,0,0,0,0
1992,1378,South Florida,0,0,1,0,0,0,0,0,0
1992,1385,St John's,0,0,1,0,0,0,0,0,0
1992,1390,Stanford,0,0,1,0,0,0,0,0,0
1992,1393,Syracuse,0,0,1,1,0,0,0,0,0
1992,1396,Temple,0,0,1,0,0,0,0,0,0
1992,1400,Texas,0,0,1,0,0,0,0,0,0
1992,1408,Tulane,0,0,1,1,0,0,0,0,0
1992,1417,UCLA,0,0,1,1,1,1,0,0,0
1992,1418,Louisiana,0,0,1,1,0,0,0,0,0
1992,1419,ULM,0,0,1,0,0,0,0,0,0
1992,1425,USC,0,0,1,1,0,0,0,0,0
1992,1431,UTEP,0,0,1,1,1,0,0,0,0
1992,1448,Wake Forest,0,0,1,0,0,0,0,0,0
1992,1452,West Virginia,0,0,1,0,0,0,0,0,0
1993,1112,Arizona,0,0,1,0,0,0,0,0,0
1993,1116,Arkansas,0,0,1,1,1,0,0,0,0
1993,1123,Ball St,0,0,1,0,0,0,0,0,0
1993,1129,Boise St,0,0,1,0,0,0,0,0,0
1993,1140,BYU,0,0,1,1,0,0,0,0,0
1993,1143,California,0,0,1,1,1,0,0,0,0
1993,1151,Chattanooga,0,0,1,0,0,0,0,0,0
1993,1153,Cincinnati,0,0,1,1,1,1,0,0,0
1993,1157,Coastal Car,0,0,1,0,0,0,0,0,0
1993,1164,Coppin St,0,0,1,0,0,0,0,0,0
1993,1174,Delaware,0,0,1,0,0,0,0,0,0
1993,1181,Duke,0,0,1,1,0,0,0,0,0
1993,1187,East Carolina,0,0,1,0,0,0,0,0,0
1993,1191,Evansville,0,0,1,0,0,0,0,0,0
1993,1199,Florida St,0,0,1,1,1,1,0,0,0
1993,1203,G Washington,0,0,1,1,1,0,0,0,0
1993,1210,Georgia Tech,0,0,1,0,0,0,0,0,0
1993,1221,Holy Cross,0,0,1,0,0,0,0,0,0
1993,1228,Illinois,0,0,1,1,0,0,0,0,0
1993,1231,Indiana,0,0,1,1,1,1,0,0,0
1993,1234,Iowa,0,0,1,1,0,0,0,0,0
1993,1235,Iowa St,0,0,1,0,0,0,0,0,0
1993,1242,Kansas,0,0,1,1,1,1,1,0,0
1993,1243,Kansas St,0,0,1,0,0,0,0,0,0
1993,1246,Kentucky,0,0,1,1,1,1,1,0,0
1993,1253,Long Beach St,0,0,1,0,0,0,0,0,0
1993,1257,Louisville,0,0,1,1,1,0,0,0,0
1993,1261,LSU,0,0,1,0,0,0,0,0,0
1993,1264,Manhattan,0,0,1,0,0,0,0,0,0
1993,1266,Marquette,0,0,1,0,0,0,0,0,0
1993,1269,Massachusetts,0,0,1,1,0,0,0,0,0
1993,1272,Memphis,0,0,1,0,0,0,0,0,0
1993,1276,Michigan,0,0,1,1,1,1,1,1,0
1993,1281,Missouri,0,0,1,0,0,0,0,0,0
1993,1304,Nebraska,0,0,1,0,0,0,0,0,0
1993,1307,New Mexico,0,0,1,0,0,0,0,0,0
1993,1308,New Mexico St,0,0,1,1,0,0,0,0,0
1993,1309,New Orleans,0,0,1,0,0,0,0,0,0
1993,1314,North Carolina,0,0,1,1,1,1,1,1,1
1993,1329,Oklahoma St,0,0,1,1,0,0,0,0,0
1993,1335,Penn,0,0,1,0,0,0,0,0,0
1993,1338,Pittsburgh,0,0,1,0,0,0,0,0,0
1993,1345,Purdue,0,0,1,0,0,0,0,0,0
1993,1348,Rhode Island,0,0,1,1,0,0,0,0,0
1993,1351,Rider,0,0,1,0,0,0,0,0,0
1993,1356,S Illinois,0,0,1,0,0,0,0,0,0
1993,1365,Santa Clara,0,0,1,1,0,0,0,0,0
1993,1371,Seton Hall,0,0,1,1,0,0,0,0,0
1993,1374,SMU,0,0,1,0,0,0,0,0,0
1993,1380,Southern Univ,0,0,1,1,0,0,0,0,0
1993,1385,St John's,0,0,1,1,0,0,0,0,0
1993,1396,Temple,0,0,1,1,1,1,0,0,0
1993,1398,Tennessee St,0,0,1,0,0,0,0,0,0
1993,1403,Texas Tech,0,0,1,0,0,0,0,0,0
1993,1408,Tulane,0,0,1,1,0,0,0,0,0
1993,1417,UCLA,0,0,1,1,0,0,0,0,0
1993,1419,ULM,0,0,1,0,0,0,0,0,0
1993,1428,Utah,0,0,1,1,0,0,0,0,0
1993,1435,Vanderbilt,0,0,1,1,1,0,0,0,0
1993,1438,Virginia,0,0,1,1,1,0,0,0,0
1993,1443,WKU,0,0,1,1,1,0,0,0,0
1993,1448,Wake Forest,0,0,1,1,1,0,0,0,0
1993,1460,Wright St,0,0,1,0,0,0,0,0,0
1993,1462,Xavier,0,0,1,1,0,0,0,0,0
1994,1104,Alabama,0,0,1,1,0,0,0,0,0
1994,1112,Arizona,0,0,1,1,1,1,1,0,0
1994,1116,Arkansas,0,0,1,1,1,1,1,1,1
1994,1129,Boise St,0,0,1,0,0,0,0,0,0
1994,1130,Boston College,0,0,1,1,1,1,0,0,0
1994,1143,California,0,0,1,0,0,0,0,0,0
1994,1151,Chattanooga,0,0,1,0,0,0,0,0,0
1994,1153,Cincinnati,0,0,1,0,0,0,0,0,0
1994,1158,Col Charleston,0,0,1,0,0,0,0,0,0
1994,1163,Connecticut,0,0,1,1,1,0,0,0,0
1994,1180,Drexel,0,0,1,0,0,0,0,0,0
1994,1181,Duke,0,0,1,1,1,1,1,1,0
1994,1196,Florida,0,0,1,1,1,1,1,0,0
1994,1203,G Washington,0,0,1,1,0,0,0,0,0
1994,1207,Georgetown,0,0,1,1,0,0,0,0,0
1994,1218,Hawaii,0,0,1,0,0,0,0,0,0
1994,1228,Illinois,0,0,1,0,0,0,0,0,0
1994,1231,Indiana,0,0,1,1,1,0,0,0,0
1994,1241,James Madison,0,0,1,0,0,0,0,0,0
1994,1242,Kansas,0,0,1,1,1,0,0,0,0
1994,1246,Kentucky,0,0,1,1,0,0,0,0,0
1994,1251,Liberty,0,0,1,0,0,0,0,0,0
1994,1257,Louisville,0,0,1,1,1,0,0,0,0
1994,1259,Loyola MD,0,0,1,0,0,0,0,0,0
1994,1266,Marquette,0,0,1,1,1,0,0,0,0
1994,1268,Maryland,0,0,1,1,1,0,0,0,0
1994,1269,Massachusetts,0,0,1,1,0,0,0,0,0
1994,1276,Michigan,0,0,1,1,1,1,0,0,0
1994,1277,Michigan St,0,0,1,1,0,0,0,0,0
1994,1278,Minnesota,0,0,1,1,0,0,0,0,0
1994,1281,Missouri,0,0,1,1,1,1,0,0,0
1994,1298,Navy,0,0,1,0,0,0,0,0,0
1994,1299,NC A&T,0,0,1,0,0,0,0,0,0
1994,1304,Nebraska,0,0,1,0,0,0,0,0,0
1994,1307,New Mexico,0,0,1,0,0,0,0,0,0
1994,1308,New Mexico St,0,0,1,0,0,0,0,0,0
1994,1314,North Carolina,0,0,1,1,0,0,0,0,0
1994,1325,Ohio,0,0,1,0,0,0,0,0,0
1994,1329,Oklahoma St,0,0,1,1,0,0,0,0,0
1994,1335,Penn,0,0,1,1,0,0,0,0,0
1994,1337,Pepperdine,0,0,1,0,0,0,0,0,0
1994,1344,Providence,0,0,1,0,0,0,0,0,0
1994,1345,Purdue,0,0,1,1,1,1,0,0,0
1994,1351,Rider,0,0,1,0,0,0,0,0,0
1994,1356,S Illinois,0,0,1,0,0,0,0,0,0
1994,1371,Seton Hall,0,0,1,0,0,0,0,0,0
1994,1387,St Louis,0,0,1,0,0,0,0,0,0
1994,1393,Syracuse,0,0,1,1,1,0,0,0,0
1994,1396,Temple,0,0,1,1,0,0,0,0,0
1994,1398,Tennessee St,0,0,1,0,0,0,0,0,0
1994,1400,Texas,0,0,1,1,0,0,0,0,0
1994,1402,Texas St,0,0,1,0,0,0,0,0,0
1994,1409,Tulsa,0,0,1,1,1,0,0,0,0
1994,1411,TX Southern,0,0,1,0,0,0,0,0,0
1994,1412,UAB,0,0,1,0,0,0,0,0,0
1994,1416,UCF,0,0,1,0,0,0,0,0,0
1994,1417,UCLA,0,0,1,0,0,0,0,0,0
1994,1418,Louisiana,0,0,1,0,0,0,0,0,0
1994,1438,Virginia,0,0,1,1,0,0,0,0,0
1994,1443,WKU,0,0,1,0,0,0,0,0,0
1994,1448,Wake Forest,0,0,1,1,0,0,0,0,0
1994,1450,Washington St,0,0,1,0,0,0,0,0,0
1994,1453,WI Green Bay,0,0,1,1,0,0,0,0,0
1994,1458,Wisconsin,0,0,1,1,0,0,0,0,0
1995,1104,Alabama,0,0,1,1,0,0,0,0,0
1995,1112,Arizona,0,0,1,0,0,0,0,0,0
1995,1113,Arizona St,0,0,1,1,1,0,0,0,0
1995,1116,Arkansas,0,0,1,1,1,1,1,1,0
1995,1123,Ball St,0,0,1,0,0,0,0,0,0
1995,1140,BYU,0,0,1,0,0,0,0,0,0
1995,1150,Charlotte,0,0,1,0,0,0,0,0,0
1995,1151,Chattanooga,0,0,1,0,0,0,0,0,0
1995,1153,Cincinnati,0,0,1,1,0,0,0,0,0
1995,1159,Colgate,0,0,1,0,0,0,0,0,0
1995,1163,Connecticut,0,0,1,1,1,1,0,0,0
1995,1180,Drexel,0,0,1,0,0,0,0,0,0
1995,1196,Florida,0,0,1,0,0,0,0,0,0
1995,1198,Florida Intl,0,0,1,0,0,0,0,0,0
1995,1207,Georgetown,0,0,1,1,1,0,0,0,0
1995,1211,Gonzaga,0,0,1,0,0,0,0,0,0
1995,1228,Illinois,0,0,1,0,0,0,0,0,0
1995,1231,Indiana,0,0,1,0,0,0,0,0,0
1995,1235,Iowa St,0,0,1,1,0,0,0,0,0
1995,1242,Kansas,0,0,1,1,1,0,0,0,0
1995,1246,Kentucky,0,0,1,1,1,1,0,0,0
1995,1253,Long Beach St,0,0,1,0,0,0,0,0,0
1995,1257,Louisville,0,0,1,0,0,0,0,0,0
1995,1264,Manhattan,0,0,1,1,0,0,0,0,0
1995,1268,Maryland,0,0,1,1,1,0,0,0,0
1995,1269,Massachusetts,0,0,1,1,1,1,0,0,0
1995,1272,Memphis,0,0,1,1,1,0,0,0,0
1995,1275,Miami OH,0,0,1,1,0,0,0,0,0
1995,1276,Michigan,0,0,1,0,0,0,0,0,0
1995,1277,Michigan St,0,0,1,0,0,0,0,0,0
1995,1278,Minnesota,0,0,1,0,0,0,0,0,0
1995,1280,Mississippi St,0,0,1,1,1,0,0,0,0
1995,1281,Missouri,0,0,1,1,0,0,0,0,0
1995,1291,Mt St Mary's,0,0,1,0,0,0,0,0,0
1995,1293,Murray St,0,0,1,0,0,0,0,0,0
1995,1299,NC A&T,0,0,1,0,0,0,0,0,0
1995,1311,Nicholls St,0,0,1,0,0,0,0,0,0
1995,1314,North Carolina,0,0,1,1,1,1,1,0,0
1995,1328,Oklahoma,0,0,1,0,0,0,0,0,0
1995,1329,Oklahoma St,0,0,1,1,1,1,1,0,0
1995,1330,Old Dominion,0,0,1,1,0,0,0,0,0
1995,1332,Oregon,0,0,1,0,0,0,0,0,0
1995,1335,Penn,0,0,1,0,0,0,0,0,0
1995,1345,Purdue,0,0,1,1,0,0,0,0,0
1995,1356,S Illinois,0,0,1,0,0,0,0,0,0
1995,1365,Santa Clara,0,0,1,0,0,0,0,0,0
1995,1387,St Louis,0,0,1,1,0,0,0,0,0
1995,1389,St Peter's,0,0,1,0,0,0,0,0,0
1995,1390,Stanford,0,0,1,1,0,0,0,0,0
1995,1393,Syracuse,0,0,1,1,0,0,0,0,0
1995,1396,Temple,0,0,1,0,0,0,0,0,0
1995,1400,Texas,0,0,1,1,0,0,0,0,0
1995,1408,Tulane,0,0,1,1,0,0,0,0,0
1995,1409,Tulsa,0,0,1,1,1,0,0,0,0
1995,1411,TX Southern,0,0,1,0,0,0,0,0,0
1995,1417,UCLA,0,0,1,1,1,1,1,1,1
1995,1428,Utah,0,0,1,1,0,0,0,0,0
1995,1437,Villanova,0,0,1,0,0,0,0,0,0
1995,1438,Virginia,0,0,1,1,1,1,0,0,0
1995,1443,WKU,0,0,1,1,0,0,0,0,0
1995,1448,Wake Forest,0,0,1,1,1,0,0,0,0
1995,1451,Weber St,0,0,1,1,0,0,0,0,0
1995,1453,WI Green Bay,0,0,1,0,0,0,0,0,0
1995,1462,Xavier,0,0,1,0,0,0,0,0,0
1996,1112,Arizona,0,0,1,1,1,0,0,0,0
1996,1116,Arkansas,0,0,1,1,1,0,0,0,0
1996,1122,Austin Peay,0,0,1,0,0,0,0,0,0
1996,1130,Boston College,0,0,1,1,0,0,0,0,0
1996,1133,Bradley,0,0,1,0,0,0,0,0,0
1996,1143,California,0,0,1,0,0,0,0,0,0
1996,1145,Canisius,0,0,1,0,0,0,0,0,0
1996,1153,Cincinnati,0,0,1,1,1,1,0,0,0
1996,1155,Clemson,0,0,1,0,0,0,0,0,0
1996,1159,Colgate,0,0,1,0,0,0,0,0,0
1996,1163,Connecticut,0,0,1,1,1,0,0,0,0
1996,1180,Drexel,0,0,1,1,0,0,0,0,0
1996,1181,Duke,0,0,1,0,0,0,0,0,0
1996,1185,E Michigan,0,0,1,1,0,0,0,0,0
1996,1203,G Washington,0,0,1,0,0,0,0,0,0
1996,1207,Georgetown,0,0,1,1,1,1,0,0,0
1996,1208,Georgia,0,0,1,1,1,0,0,0,0
1996,1210,Georgia Tech,0,0,1,1,1,0,0,0,0
1996,1231,Indiana,0,0,1,0,0,0,0,0,0
1996,1234,Iowa,0,0,1,1,0,0,0,0,0
1996,1235,Iowa St,0,0,1,1,0,0,0,0,0
1996,1242,Kansas,0,0,1,1,1,1,0,0,0
1996,1243,Kansas St,0,0,1,0,0,0,0,0,0
1996,1246,Kentucky,0,0,1,1,1,1,1,1,1
1996,1257,Louisville,0,0,1,1,1,0,0,0,0
1996,1266,Marquette,0,0,1,1,0,0,0,0,0
1996,1268,Maryland,0,0,1,0,0,0,0,0,0
1996,1269,Massachusetts,0,0,1,1,1,1,1,0,0
1996,1272,Memphis,0,0,1,0,0,0,0,0,0
1996,1276,Michigan,0,0,1,0,0,0,0,0,0
1996,1280,Mississippi St,0,0,1,1,1,1,1,0,0
1996,1284,Monmouth NJ,0,0,1,0,0,0,0,0,0
1996,1286,Montana St,0,0,1,0,0,0,0,0,0
1996,1290,MS Valley St,0,0,1,0,0,0,0,0,0
1996,1296,N Illinois,0,0,1,0,0,0,0,0,0
1996,1307,New Mexico,0,0,1,1,0,0,0,0,0
1996,1309,New Orleans,0,0,1,0,0,0,0,0,0
1996,1314,North Carolina,0,0,1,1,0,0,0,0,0
1996,1328,Oklahoma,0,0,1,0,0,0,0,0,0
1996,1336,Penn St,0,0,1,0,0,0,0,0,0
1996,1339,Portland,0,0,1,0,0,0,0,0,0
1996,1343,Princeton,0,0,1,1,0,0,0,0,0
1996,1345,Purdue,0,0,1,1,0,0,0,0,0
1996,1354,S Carolina St,0,0,1,0,0,0,0,0,0
1996,1363,San Jose St,0,0,1,0,0,0,0,0,0
1996,1365,Santa Clara,0,0,1,1,0,0,0,0,0
1996,1390,Stanford,0,0,1,1,0,0,0,0,0
1996,1393,Syracuse,0,0,1,1,1,1,1,1,0
1996,1396,Temple,0,0,1,1,0,0,0,0,0
1996,1400,Texas,0,0,1,1,0,0,0,0,0
1996,1403,Texas Tech,0,0,1,1,1,0,0,0,0
1996,1409,Tulsa,0,0,1,0,0,0,0,0,0
1996,1416,UCF,0,0,1,0,0,0,0,0,0
1996,1417,UCLA,0,0,1,0,0,0,0,0,0
1996,1419,ULM,0,0,1,0,0,0,0,0,0
1996,1422,UNC Greensboro,0,0,1,0,0,0,0,0,0
1996,1428,Utah,0,0,1,1,1,0,0,0,0
1996,1433,VCU,0,0,1,0,0,0,0,0,0
1996,1434,Valparaiso,0,0,1,0,0,0,0,0,0
1996,1437,Villanova,0,0,1,1,0,0,0,0,0
1996,1439,Virginia Tech,0,0,1,1,0,0,0,0,0
1996,1441,W Carolina,0,0,1,0,0,0,0,0,0
1996,1448,Wake Forest,0,0,1,1,1,1,0,0,0
1996,1453,WI Green Bay,0,0,1,0,0,0,0,0,0
1997,1112,Arizona,0,0,1,1,1,1,1,1,1
1997,1130,Boston College,0,0,1,1,0,0,0,0,0
1997,1131,Boston Univ,0,0,1,0,0,0,0,0,0
1997,1139,Butler,0,0,1,0,0,0,0,0,0
1997,1143,California,0,0,1,1,1,0,0,0,0
1997,1149,Charleston So,0,0,1,0,0,0,0,0,0
1997,1150,Charlotte,0,0,1,1,0,0,0,0,0
1997,1151,Chattanooga,0,0,1,1,1,0,0,0,0
1997,1153,Cincinnati,0,0,1,1,0,0,0,0,0
1997,1155,Clemson,0,0,1,1,1,0,0,0,0
1997,1158,Col Charleston,0,0,1,1,0,0,0,0,0
1997,1160,Colorado,0,0,1,1,0,0,0,0,0
1997,1164,Coppin St,0,0,1,1,0,0,0,0,0
1997,1181,Duke,0,0,1,1,0,0,0,0,0
1997,1193,Fairfield,0,0,1,0,0,0,0,0,0
1997,1207,Georgetown,0,0,1,0,0,0,0,0,0
1997,1208,Georgia,0,0,1,0,0,0,0,0,0
1997,1228,Illinois,0,0,1,1,0,0,0,0,0
1997,1229,Illinois St,0,0,1,0,0,0,0,0,0
1997,1231,Indiana,0,0,1,0,0,0,0,0,0
1997,1234,Iowa,0,0,1,1,0,0,0,0,0
1997,1235,Iowa St,0,0,1,1,1,0,0,0,0
1997,1238,Jackson St,0,0,1,0,0,0,0,0,0
1997,1242,Kansas,0,0,1,1,1,0,0,0,0
1997,1246,Kentucky,0,0,1,1,1,1,1,1,0
1997,1254,LIU Brooklyn,0,0,1,0,0,0,0,0,0
1997,1257,Louisville,0,0,1,1,1,1,0,0,0
1997,1266,Marquette,0,0,1,0,0,0,0,0,0
1997,1268,Maryland,0,0,1,0,0,0,0,0,0
1997,1269,Massachusetts,0,0,1,0,0,0,0,0,0
1997,1275,Miami OH,0,0,1,0,0,0,0,0,0
1997,1278,Minnesota,0,0,1,1,1,1,1,0,0
1997,1279,Mississippi,0,0,1,0,0,0,0,0,0
1997,1285,Montana,0,0,1,0,0,0,0,0,0
1997,1293,Murray St,0,0,1,0,0,0,0,0,0
1997,1298,Navy,0,0,1,0,0,0,0,0,0
1997,1307,New Mexico,0,0,1,1,0,0,0,0,0
1997,1314,North Carolina,0,0,1,1,1,1,1,0,0
1997,1328,Oklahoma,0,0,1,0,0,0,0,0,0
1997,1330,Old Dominion,0,0,1,0,0,0,0,0,0
1997,1334,Pacific,0,0,1,0,0,0,0,0,0
1997,1343,Princeton,0,0,1,0,0,0,0,0,0
1997,1344,Providence,0,0,1,1,1,1,0,0,0
1997,1345,Purdue,0,0,1,1,0,0,0,0,0
1997,1348,Rhode Island,0,0,1,0,0,0,0,0,0
1997,1375,South Alabama,0,0,1,0,0,0,0,0,0
1997,1376,South Carolina,0,0,1,0,0,0,0,0,0
1997,1386,St Joseph's PA,0,0,1,1,1,0,0,0,0
1997,1388,St Mary's CA,0,0,1,0,0,0,0,0,0
1997,1390,Stanford,0,0,1,1,1,0,0,0,0
1997,1396,Temple,0,0,1,1,0,0,0,0,0
1997,1400,Texas,0,0,1,1,1,0,0,0,0
1997,1402,Texas St,0,0,1,0,0,0,0,0,0
1997,1409,Tulsa,0,0,1,1,0,0,0,0,0
1997,1417,UCLA,0,0,1,1,1,1,0,0,0
1997,1425,USC,0,0,1,0,0,0,0,0,0
1997,1428,Utah,0,0,1,1,1,1,0,0,0
1997,1434,Valparaiso,0,0,1,0,0,0,0,0,0
1997,1435,Vanderbilt,0,0,1,0,0,0,0,0,0
1997,1437,Villanova,0,0,1,1,0,0,0,0,0
1997,1438,Virginia,0,0,1,0,0,0,0,0,0
1997,1448,Wake Forest,0,0,1,1,0,0,0,0,0
1997,1458,Wisconsin,0,0,1,0,0,0,0,0,0
1997,1462,Xavier,0,0,1,1,0,0,0,0,0
1998,1112,Arizona,0,0,1,1,1,1,0,0,0
1998,1116,Arkansas,0,0,1,1,0,0,0,0,0
1998,1139,Butler,0,0,1,0,0,0,0,0,0
1998,1150,Charlotte,0,0,1,1,0,0,0,0,0
1998,1153,Cincinnati,0,0,1,1,0,0,0,0,0
1998,1155,Clemson,0,0,1,0,0,0,0,0,0
1998,1158,Col Charleston,0,0,1,0,0,0,0,0,0
1998,1163,Connecticut,0,0,1,1,1,1,0,0,0
1998,1172,Davidson,0,0,1,0,0,0,0,0,0
1998,1174,Delaware,0,0,1,0,0,0,0,0,0
1998,1178,Detroit,0,0,1,1,0,0,0,0,0
1998,1181,Duke,0,0,1,1,1,1,0,0,0
1998,1185,E Michigan,0,0,1,0,0,0,0,0,0
1998,1192,F Dickinson,0,0,1,0,0,0,0,0,0
1998,1199,Florida St,0,0,1,1,0,0,0,0,0
1998,1203,G Washington,0,0,1,0,0,0,0,0,0
1998,1227,IL Chicago,0,0,1,0,0,0,0,0,0
1998,1228,Illinois,0,0,1,1,0,0,0,0,0
1998,1229,Illinois St,0,0,1,1,0,0,0,0,0
1998,1231,Indiana,0,0,1,1,0,0,0,0,0
1998,1233,Iona,0,0,1,0,0,0,0,0,0
1998,1242,Kansas,0,0,1,1,0,0,0,0,0
1998,1246,Kentucky,0,0,1,1,1,1,1,1,1
1998,1268,Maryland,0,0,1,1,1,0,0,0,0
1998,1269,Massachusetts,0,0,1,0,0,0,0,0,0
1998,1274,Miami FL,0,0,1,0,0,0,0,0,0
1998,1276,Michigan,0,0,1,1,0,0,0,0,0
1998,1277,Michigan St,0,0,1,1,1,0,0,0,0
1998,1279,Mississippi,0,0,1,0,0,0,0,0,0
1998,1293,Murray St,0,0,1,0,0,0,0,0,0
1998,1298,Navy,0,0,1,0,0,0,0,0,0
1998,1304,Nebraska,0,0,1,0,0,0,0,0,0
1998,1307,New Mexico,0,0,1,1,0,0,0,0,0
1998,1311,Nicholls St,0,0,1,0,0,0,0,0,0
1998,1314,North Carolina,0,0,1,1,1,1,1,0,0
1998,1319,Northern Arizona,0,0,1,0,0,0,0,0,0
1998,1328,Oklahoma,0,0,1,0,0,0,0,0,0
1998,1329,Oklahoma St,0,0,1,1,0,0,0,0,0
1998,1341,Prairie View,0,0,1,0,0,0,0,0,0
1998,1343,Princeton,0,0,1,1,0,0,0,0,0
1998,1345,Purdue,0,0,1,1,1,0,0,0,0
1998,1347,Radford,0,0,1,0,0,0,0,0,0
1998,1348,Rhode Island,0,0,1,1,1,1,0,0,0
1998,1350,Richmond,0,0,1,1,0,0,0,0,0
1998,1354,S Carolina St,0,0,1,0,0,0,0,0,0
1998,1362,San Francisco,0,0,1,0,0,0,0,0,0
1998,1375,South Alabama,0,0,1,0,0,0,0,0,0
1998,1376,South Carolina,0,0,1,0,0,0,0,0,0
1998,1385,St John's,0,0,1,0,0,0,0,0,0
1998,1387,St Louis,0,0,1,1,0,0,0,0,0
1998,1390,Stanford,0,0,1,1,1,1,1,0,0
1998,1393,Syracuse,0,0,1,1,1,0,0,0,0
1998,1395,TCU,0,0,1,0,0,0,0,0,0
1998,1396,Temple,0,0,1,0,0,0,0,0,0
1998,1397,Tennessee,0,0,1,0,0,0,0,0,0
1998,1417,UCLA,0,0,1,1,1,0,0,0,0
1998,1424,UNLV,0,0,1,0,0,0,0,0,0
1998,1428,Utah,0,0,1,1,1,1,1,1,0
1998,1429,Utah St,0,0,1,0,0,0,0,0,0
1998,1434,Valparaiso,0,0,1,1,1,0,0,0,0
1998,1444,W Michigan,0,0,1,1,0,0,0,0,0
1998,1449,Washington,0,0,1,1,1,0,0,0,0
1998,1452,West Virginia,0,0,1,1,1,0,0,0,0
1998,1462,Xavier,0,0,1,0,0,0,0,0,0
1999,1108,Alcorn St,0,0,1,0,0,0,0,0,0
1999,1112,Arizona,0,0,1,0,0,0,0,0,0
1999,1116,Arkansas,0,0,1,1,0,0,0,0,0
1999,1117,Arkansas St,0,0,1,0,0,0,0,0,0
1999,1120,Auburn,0,0,1,1,1,0,0,0,0
1999,1150,Charlotte,0,0,1,1,0,0,0,0,0
1999,1153,Cincinnati,0,0,1,1,0,0,0,0,0
1999,1158,Col Charleston,0,0,1,0,0,0,0,0,0
1999,1163,Connecticut,0,0,1,1,1,1,1,1,1
1999,1166,Creighton,0,0,1,1,0,0,0,0,0
1999,1174,Delaware,0,0,1,0,0,0,0,0,0
1999,1178,Detroit,0,0,1,1,0,0,0,0,0
1999,1181,Duke,0,0,1,1,1,1,1,1,0
1999,1191,Evansville,0,0,1,0,0,0,0,0,0
1999,1196,Florida,0,0,1,1,1,0,0,0,0
1999,1197,Florida A&M,0,0,1,0,0,0,0,0,0
1999,1203,G Washington,0,0,1,0,0,0,0,0,0
1999,1206,George Mason,0,0,1,0,0,0,0,0,0
1999,1211,Gonzaga,0,0,1,1,1,1,0,0,0
1999,1231,Indiana,0,0,1,1,0,0,0,0,0
1999,1234,Iowa,0,0,1,1,1,0,0,0,0
1999,1242,Kansas,0,0,1,1,0,0,0,0,0
1999,1245,Kent,0,0,1,0,0,0,0,0,0
1999,1246,Kentucky,0,0,1,1,1,1,0,0,0
1999,1248,Lafayette,0,0,1,0,0,0,0,0,0
1999,1257,Louisville,0,0,1,0,0,0,0,0,0
1999,1268,Maryland,0,0,1,1,1,0,0,0,0
1999,1274,Miami FL,0,0,1,1,0,0,0,0,0
1999,1275,Miami OH,0,0,1,1,1,0,0,0,0
1999,1277,Michigan St,0,0,1,1,1,1,1,0,0
1999,1278,Minnesota,0,0,1,0,0,0,0,0,0
1999,1279,Mississippi,0,0,1,1,0,0,0,0,0
1999,1281,Missouri,0,0,1,0,0,0,0,0,0
1999,1283,Missouri St,0,0,1,1,1,0,0,0,0
1999,1291,Mt St Mary's,0,0,1,0,0,0,0,0,0
1999,1293,Murray St,0,0,1,0,0,0,0,0,0
1999,1307,New Mexico,0,0,1,1,0,0,0,0,0
1999,1308,New Mexico St,0,0,1,0,0,0,0,0,0
1999,1314,North Carolina,0,0,1,0,0,0,0,0,0
1999,1326,Ohio St,0,0,1,1,1,1,1,0,0
1999,1328,Oklahoma,0,0,1,1,1,0,0,0,0
1999,1329,Oklahoma St,0,0,1,1,0,0,0,0,0
1999,1335,Penn,0,0,1,0,0,0,0,0,0
1999,1345,Purdue,0,0,1,1,1,0,0,0,0
1999,1348,Rhode Island,0,0,1,0,0,0,0,0,0
1999,1359,Samford,0,0,1,0,0,0,0,0,0
1999,1373,Siena,0,0,1,0,0,0,0,0,0
1999,1385,St John's,0,0,1,1,1,1,0,0,0
1999,1390,Stanford,0,0,1,1,0,0,0,0,0
1999,1393,Syracuse,0,0,1,0,0,0,0,0,0
1999,1396,Temple,0,0,1,1,1,1,0,0,0
1999,1397,Tennessee,0,0,1,1,0,0,0,0,0
1999,1400,Texas,0,0,1,0,0,0,0,0,0
1999,1409,Tulsa,0,0,1,1,0,0,0,0,0
1999,1412,UAB,0,0,1,0,0,0,0,0,0
1999,1417,UCLA,0,0,1,0,0,0,0,0,0
1999,1427,UT San Antonio,0,0,1,0,0,0,0,0,0
1999,1428,Utah,0,0,1,1,0,0,0,0,0
1999,1434,Valparaiso,0,0,1,0,0,0,0,0,0
1999,1437,Villanova,0,0,1,0,0,0,0,0,0
1999,1449,Washington,0,0,1,0,0,0,0,0,0
1999,1451,Weber St,0,0,1,1,0,0,0,0,0
1999,1457,Winthrop,0,0,1,0,0,0,0,0,0
1999,1458,Wisconsin,0,0,1,0,0,0,0,0,0
2000,1111,Appalachian St,0,0,1,0,0,0,0,0,0
2000,1112,Arizona,0,0,1,1,0,0,0,0,0
2000,1116,Arkansas,0,0,1,0,0,0,0,0,0
2000,1120,Auburn,0,0,1,1,0,0,0,0,0
2000,1123,Ball St,0,0,1,0,0,0,0,0,0
2000,1139,Butler,0,0,1,0,0,0,0,0,0
2000,1148,Central Conn,0,0,1,0,0,0,0,0,0
2000,1153,Cincinnati,0,0,1,1,0,0,0,0,0
2000,1163,Connecticut,0,0,1,1,0,0,0,0,0
2000,1166,Creighton,0,0,1,0,0,0,0,0,0
2000,1173,Dayton,0,0,1,0,0,0,0,0,0
2000,1177,DePaul,0,0,1,0,0,0,0,0,0
2000,1181,Duke,0,0,1,1,1,0,0,0,0
2000,1196,Florida,0,0,1,1,1,1,1,1,0
2000,1201,Fresno St,0,0,1,0,0,0,0,0,0
2000,1211,Gonzaga,0,0,1,1,1,0,0,0,0
2000,1220,Hofstra,0,0,1,0,0,0,0,0,0
2000,1228,Illinois,0,0,1,1,0,0,0,0,0
2000,1231,Indiana,0,0,1,0,0,0,0,0,0
2000,1232,Indiana St,0,0,1,0,0,0,0,0,0
2000,1233,Iona,0,0,1,0,0,0,0,0,0
2000,1235,Iowa St,0,0,1,1,1,1,0,0,0
2000,1238,Jackson St,0,0,1,0,0,0,0,0,0
2000,1242,Kansas,0,0,1,1,0,0,0,0,0
2000,1246,Kentucky,0,0,1,1,0,0,0,0,0
2000,1248,Lafayette,0,0,1,0,0,0,0,0,0
2000,1249,Lamar,0,0,1,0,0,0,0,0,0
2000,1257,Louisville,0,0,1,0,0,0,0,0,0
2000,1261,LSU,0,0,1,1,1,0,0,0,0
2000,1268,Maryland,0,0,1,1,0,0,0,0,0
2000,1274,Miami FL,0,0,1,1,1,0,0,0,0
2000,1277,Michigan St,0,0,1,1,1,1,1,1,1
2000,1281,Missouri,0,0,1,0,0,0,0,0,0
2000,1314,North Carolina,0,0,1,1,1,1,1,0,0
2000,1319,Northern Arizona,0,0,1,0,0,0,0,0,0
2000,1326,Ohio St,0,0,1,1,0,0,0,0,0
2000,1328,Oklahoma,0,0,1,1,0,0,0,0,0
2000,1329,Oklahoma St,0,0,1,1,1,1,0,0,0
2000,1332,Oregon,0,0,1,0,0,0,0,0,0
2000,1335,Penn,0,0,1,0,0,0,0,0,0
2000,1337,Pepperdine,0,0,1,1,0,0,0,0,0
2000,1345,Purdue,0,0,1,1,1,1,0,0,0
2000,1354,S Carolina St,0,0,1,0,0,0,0,0,0
2000,1359,Samford,0,0,1,0,0,0,0,0,0
2000,1369,SE Missouri St,0,0,1,0,0,0,0,0,0
2000,1371,Seton Hall,0,0,1,1,1,0,0,0,0
2000,1382,St Bonaventure,0,0,1,0,0,0,0,0,0
2000,1385,St John's,0,0,1,1,0,0,0,0,0
2000,1387,St Louis,0,0,1,0,0,0,0,0,0
2000,1390,Stanford,0,0,1,1,0,0,0,0,0
2000,1393,Syracuse,0,0,1,1,1,0,0,0,0
2000,1396,Temple,0,0,1,1,0,0,0,0,0
2000,1397,Tennessee,0,0,1,1,1,0,0,0,0
2000,1400,Texas,0,0,1,1,0,0,0,0,0
2000,1409,Tulsa,0,0,1,1,1,1,0,0,0
2000,1417,UCLA,0,0,1,1,1,0,0,0,0
2000,1418,Louisiana,0,0,1,0,0,0,0,0,0
2000,1423,UNC Wilmington,0,0,1,0,0,0,0,0,0
2000,1424,UNLV,0,0,1,0,0,0,0,0,0
2000,1428,Utah,0,0,1,1,0,0,0,0,0
2000,1429,Utah St,0,0,1,0,0,0,0,0,0
2000,1434,Valparaiso,0,0,1,0,0,0,0,0,0
2000,1457,Winthrop,0,0,1,0,0,0,0,0,0
2000,1458,Wisconsin,0,0,1,1,1,1,1,0,0
2001,1106,Alabama St,0,0,1,0,0,0,0,0,0
2001,1112,Arizona,0,0,1,1,1,1,1,1,0
2001,1116,Arkansas,0,0,1,0,0,0,0,0,0
2001,1130,Boston College,0,0,1,1,0,0,0,0,0
2001,1139,Butler,0,0,1,1,0,0,0,0,0
2001,1140,BYU,0,0,1,0,0,0,0,0,0
2001,1143,California,0,0,1,0,0,0,0,0,0
2001,1150,Charlotte,0,0,1,1,0,0,0,0,0
2001,1153,Cincinnati,0,0,1,1,1,0,0,0,0
2001,1166,Creighton,0,0,1,0,0,0,0,0,0
2001,1169,CS Northridge,0,0,1,0,0,0,0,0,0
2001,1181,Duke,0,0,1,1,1,1,1,1,1
2001,1183,E Illinois,0,0,1,0,0,0,0,0,0
2001,1196,Florida,0,0,1,1,0,0,0,0,0
2001,1201,Fresno St,0,0,1,1,0,0,0,0,0
2001,1206,George Mason,0,0,1,0,0,0,0,0,0
2001,1207,Georgetown,0,0,1,1,1,0,0,0,0
2001,1208,Georgia,0,0,1,0,0,0,0,0,0
2001,1209,Georgia St,0,0,1,1,0,0,0,0,0
2001,1210,Georgia Tech,0,0,1,0,0,0,0,0,0
2001,1211,Gonzaga,0,0,1,1,1,0,0,0,0
2001,1214,Hampton,0,0,1,1,0,0,0,0,0
2001,1218,Hawaii,0,0,1,0,0,0,0,0,0
2001,1220,Hofstra,0,0,1,0,0,0,0,0,0
2001,1221,Holy Cross,0,0,1,0,0,0,0,0,0
2001,1228,Illinois,0,0,1,1,1,1,0,0,0
2001,1231,Indiana,0,0,1,0,0,0,0,0,0
2001,1232,Indiana St,0,0,1,1,0,0,0,0,0
2001,1233,Iona,0,0,1,0,0,0,0,0,0
2001,1234,Iowa,0,0,1,1,0,0,0,0,0
2001,1235,Iowa St,0,0,1,0,0,0,0,0,0
2001,1242,Kansas,0,0,1,1,1,0,0,0,0
2001,1245,Kent,0,0,1,1,0,0,0,0,0
2001,1246,Kentucky,0,0,1,1,1,0,0,0,0
2001,1268,Maryland,0,0,1,1,1,1,1,0,0
2001,1277,Michigan St,0,0,1,1,1,1,1,0,0
2001,1279,Mississippi,0,0,1,1,1,0,0,0,0
2001,1281,Missouri,0,0,1,1,0,0,0,0,0
2001,1284,Monmouth NJ,0,0,1,0,0,0,0,0,0
2001,1314,North Carolina,0,0,1,1,0,0,0,0,0
2001,1322,Northwestern LA,1,1,1,0,0,0,0,0,0
2001,1323,Notre Dame,0,0,1,1,0,0,0,0,0
2001,1326,Ohio St,0,0,1,0,0,0,0,0,0
2001,1328,Oklahoma,0,0,1,0,0,0,0,0,0
2001,1329,Oklahoma St,0,0,1,0,0,0,0,0,0
2001,1336,Penn St,0,0,1,1,1,0,0,0,0
2001,1343,Princeton,0,0,1,0,0,0,0,0,0
2001,1344,Providence,0,0,1,0,0,0,0,0,0
2001,1381,Southern Utah,0,0,1,0,0,0,0,0,0
2001,1386,St Joseph's PA,0,0,1,1,0,0,0,0,0
2001,1390,Stanford,0,0,1,1,1,1,0,0,0
2001,1393,Syracuse,0,0,1,1,0,0,0,0,0
2001,1396,Temple,0,0,1,1,1,1,0,0,0
2001,1397,Tennessee,0,0,1,0,0,0,0,0,0
2001,1400,Texas,0,0,1,0,0,0,0,0,0
2001,1417,UCLA,0,0,1,1,1,0,0,0,0
2001,1422,UNC Greensboro,0,0,1,0,0,0,0,0,0
2001,1425,USC,0,0,1,1,1,1,0,0,0
2001,1429,Utah St,0,0,1,1,0,0,0,0,0
2001,1438,Virginia,0,0,1,0,0,0,0,0,0
2001,1443,WKU,0,0,1,0,0,0,0,0,0
2001,1448,Wake Forest,0,0,1,0,0,0,0,0,0
2001,1457,Winthrop,1,0,0,0,0,0,0,0,0
2001,1458,Wisconsin,0,0,1,0,0,0,0,0,0
2001,1462,Xavier,0,0,1,0,0,0,0,0,0
2002,1104,Alabama,0,0,1,1,0,0,0,0,0
2002,1108,Alcorn St,1,0,0,0,0,0,0,0,0
2002,1112,Arizona,0,0,1,1,1,0,0,0,0
2002,1130,Boston College,0,0,1,0,0,0,0,0,0
2002,1131,Boston Univ,0,0,1,0,0,0,0,0,0
2002,1143,California,0,0,1,1,0,0,0,0,0
2002,1148,Central Conn,0,0,1,0,0,0,0,0,0
2002,1150,Charlotte,0,0,1,0,0,0,0,0,0
2002,1153,Cincinnati,0,0,1,1,0,0,0,0,0
2002,1163,Connecticut,0,0,1,1,1,1,0,0,0
2002,1166,Creighton,0,0,1,1,0,0,0,0,0
2002,1172,Davidson,0,0,1,0,0,0,0,0,0
2002,1181,Duke,0,0,1,1,1,0,0,0,0
2002,1194,FL Atlantic,0,0,1,0,0,0,0,0,0
2002,1196,Florida,0,0,1,0,0,0,0,0,0
2002,1208,Georgia,0,0,1,1,0,0,0,0,0
2002,1211,Gonzaga,0,0,1,0,0,0,0,0,0
2002,1214,Hampton,0,0,1,0,0,0,0,0,0
2002,1218,Hawaii,0,0,1,0,0,0,0,0,0
2002,1221,Holy Cross,0,0,1,0,0,0,0,0,0
2002,1227,IL Chicago,0,0,1,0,0,0,0,0,0
2002,1228,Illinois,0,0,1,1,1,0,0,0,0
2002,1231,Indiana,0,0,1,1,1,1,1,1,0
2002,1242,Kansas,0,0,1,1,1,1,1,0,0
2002,1245,Kent,0,0,1,1,1,1,0,0,0
2002,1246,Kentucky,0,0,1,1,1,0,0,0,0
2002,1266,Marquette,0,0,1,0,0,0,0,0,0
2002,1268,Maryland,0,0,1,1,1,1,1,1,1
2002,1270,McNeese St,0,0,1,0,0,0,0,0,0
2002,1274,Miami FL,0,0,1,0,0,0,0,0,0
2002,1277,Michigan St,0,0,1,0,0,0,0,0,0
2002,1279,Mississippi,0,0,1,0,0,0,0,0,0
2002,1280,Mississippi St,0,0,1,1,0,0,0,0,0
2002,1281,Missouri,0,0,1,1,1,1,0,0,0
2002,1285,Montana,0,0,1,0,0,0,0,0,0
2002,1293,Murray St,0,0,1,0,0,0,0,0,0
2002,1301,NC State,0,0,1,1,0,0,0,0,0
2002,1323,Notre Dame,0,0,1,1,0,0,0,0,0
2002,1326,Ohio St,0,0,1,1,0,0,0,0,0
2002,1328,Oklahoma,0,0,1,1,1,1,1,0,0
2002,1329,Oklahoma St,0,0,1,0,0,0,0,0,0
2002,1332,Oregon,0,0,1,1,1,1,0,0,0
2002,1335,Penn,0,0,1,0,0,0,0,0,0
2002,1337,Pepperdine,0,0,1,0,0,0,0,0,0
2002,1338,Pittsburgh,0,0,1,1,1,0,0,0,0
2002,1356,S Illinois,0,0,1,1,1,0,0,0,0
2002,1361,San Diego St,0,0,1,0,0,0,0,0,0
2002,1364,UC Santa Barbara,0,0,1,0,0,0,0,0,0
2002,1373,Siena,1,1,1,0,0,0,0,0,0
2002,1385,St John's,0,0,1,0,0,0,0,0,0
2002,1390,Stanford,0,0,1,1,0,0,0,0,0
2002,1400,Texas,0,0,1,1,1,0,0,0,0
2002,1403,Texas Tech,0,0,1,0,0,0,0,0,0
2002,1409,Tulsa,0,0,1,1,0,0,0,0,0
2002,1417,UCLA,0,0,1,1,1,0,0,0,0
2002,1423,UNC Wilmington,0,0,1,1,0,0,0,0,0
2002,1425,USC,0,0,1,0,0,0,0,0,0
2002,1428,Utah,0,0,1,0,0,0,0,0,0
2002,1434,Valparaiso,0,0,1,0,0,0,0,0,0
2002,1443,WKU,0,0,1,0,0,0,0,0,0
2002,1448,Wake Forest,0,0,1,1,0,0,0,0,0
2002,1457,Winthrop,0,0,1,0,0,0,0,0,0
2002,1458,Wisconsin,0,0,1,1,0,0,0,0,0
2002,1461,Wyoming,0,0,1,1,0,0,0,0,0
2002,1462,Xavier,0,0,1,1,0,0,0,0,0
2003,1104,Alabama,0,0,1,0,0,0,0,0,0
2003,1112,Arizona,0,0,1,1,1,1,0,0,0
2003,1113,Arizona St,0,0,1,1,0,0,0,0,0
2003,1120,Auburn,0,0,1,1,1,0,0,0,0
2003,1122,Austin Peay,0,0,1,0,0,0,0,0,0
2003,1139,Butler,0,0,1,1,1,0,0,0,0
2003,1140,BYU,0,0,1,0,0,0,0,0,0
2003,1141,C Michigan,0,0,1,1,0,0,0,0,0
2003,1143,California,0,0,1,1,0,0,0,0,0
2003,1153,Cincinnati,0,0,1,0,0,0,0,0,0
2003,1160,Colorado,0,0,1,0,0,0,0,0,0
2003,1161,Colorado St,0,0,1,0,0,0,0,0,0
2003,1163,Connecticut,0,0,1,1,1,0,0,0,0
2003,1166,Creighton,0,0,1,0,0,0,0,0,0
2003,1173,Dayton,0,0,1,0,0,0,0,0,0
2003,1181,Duke,0,0,1,1,1,0,0,0,0
2003,1190,ETSU,0,0,1,0,0,0,0,0,0
2003,1196,Florida,0,0,1,1,0,0,0,0,0
2003,1211,Gonzaga,0,0,1,1,0,0,0,0,0
2003,1221,Holy Cross,0,0,1,0,0,0,0,0,0
2003,1228,Illinois,0,0,1,1,0,0,0,0,0
2003,1231,Indiana,0,0,1,1,0,0,0,0,0
2003,1237,IUPUI,0,0,1,0,0,0,0,0,0
2003,1242,Kansas,0,0,1,1,1,1,1,1,0
2003,1246,Kentucky,0,0,1,1,1,1,0,0,0
2003,1257,Louisville,0,0,1,1,0,0,0,0,0
2003,1261,LSU,0,0,1,0,0,0,0,0,0
2003,1264,Manhattan,0,0,1,0,0,0,0,0,0
2003,1266,Marquette,0,0,1,1,1,1,1,0,0
2003,1268,Maryland,0,0,1,1,1,0,0,0,0
2003,1272,Memphis,0,0,1,0,0,0,0,0,0
2003,1277,Michigan St,0,0,1,1,1,1,0,0,0
2003,1280,Mississippi St,0,0,1,0,0,0,0,0,0
2003,1281,Missouri,0,0,1,1,0,0,0,0,0
2003,1301,NC State,0,0,1,0,0,0,0,0,0
2003,1323,Notre Dame,0,0,1,1,1,0,0,0,0
2003,1328,Oklahoma,0,0,1,1,1,1,0,0,0
2003,1329,Oklahoma St,0,0,1,1,0,0,0,0,0
2003,1332,Oregon,0,0,1,0,0,0,0,0,0
2003,1335,Penn,0,0,1,0,0,0,0,0,0
2003,1338,Pittsburgh,0,0,1,1,1,0,0,0,0
2003,1345,Purdue,0,0,1,1,0,0,0,0,0
2003,1354,S Carolina St,0,0,1,0,0,0,0,0,0
2003,1356,S Illinois,0,0,1,0,0,0,0,0,0
2003,1358,Sam Houston St,0,0,1,0,0,0,0,0,0
2003,1360,San Diego,0,0,1,0,0,0,0,0,0
2003,1386,St Joseph's PA,0,0,1,0,0,0,0,0,0
2003,1390,Stanford,0,0,1,1,0,0,0,0,0
2003,1393,Syracuse,0,0,1,1,1,1,1,1,1
2003,1400,Texas,0,0,1,1,1,1,1,0,0
2003,1407,Troy,0,0,1,0,0,0,0,0,0
2003,1409,Tulsa,0,0,1,1,0,0,0,0,0
2003,1411,TX Southern,1,0,0,0,0,0,0,0,0
2003,1421,UNC Asheville,1,1,1,0,0,0,0,0,0
2003,1423,UNC Wilmington,0,0,1,0,0,0,0,0,0
2003,1428,Utah,0,0,1,1,0,0,0,0,0
2003,1429,Utah St,0,0,1,0,0,0,0,0,0
2003,1436,Vermont,0,0,1,0,0,0,0,0,0
2003,1443,WKU,0,0,1,0,0,0,0,0,0
2003,1447,Wagner,0,0,1,0,0,0,0,0,0
2003,1448,Wake Forest,0,0,1,1,0,0,0,0,0
2003,1451,Weber St,0,0,1,0,0,0,0,0,0
2003,1454,WI Milwaukee,0,0,1,0,0,0,0,0,0
2003,1458,Wisconsin,0,0,1,1,1,0,0,0,0
2003,1462,Xavier,0,0,1,1,0,0,0,0,0
2004,1102,Air Force,0,0,1,0,0,0,0,0,0
2004,1104,Alabama,0,0,1,1,1,1,0,0,0
2004,1106,Alabama St,0,0,1,0,0,0,0,0,0
2004,1112,Arizona,0,0,1,0,0,0,0,0,0
2004,1130,Boston College,0,0,1,1,0,0,0,0,0
2004,1140,BYU,0,0,1,0,0,0,0,0,0
2004,1150,Charlotte,0,0,1,0,0,0,0,0,0
2004,1153,Cincinnati,0,0,1,1,0,0,0,0,0
2004,1163,Connecticut,0,0,1,1,1,1,1,1,1
2004,1173,Dayton,0,0,1,0,0,0,0,0,0
2004,1177,DePaul,0,0,1,1,0,0,0,0,0
2004,1181,Duke,0,0,1,1,1,1,1,0,0
2004,1186,E Washington,0,0,1,0,0,0,0,0,0
2004,1190,ETSU,0,0,1,0,0,0,0,0,0
2004,1196,Florida,0,0,1,0,0,0,0,0,0
2004,1197,Florida A&M,1,1,1,0,0,0,0,0,0
2004,1210,Georgia Tech,0,0,1,1,1,1,1,1,0
2004,1211,Gonzaga,0,0,1,1,0,0,0,0,0
2004,1227,IL Chicago,0,0,1,0,0,0,0,0,0
2004,1228,Illinois,0,0,1,1,1,0,0,0,0
2004,1242,Kansas,0,0,1,1,1,1,0,0,0
2004,1246,Kentucky,0,0,1,1,0,0,0,0,0
2004,1250,Lehigh,1,0,0,0,0,0,0,0,0
2004,1251,Liberty,0,0,1,0,0,0,0,0,0
2004,1257,Louisville,0,0,1,0,0,0,0,0,0
2004,1264,Manhattan,0,0,1,1,0,0,0,0,0
2004,1268,Maryland,0,0,1,1,0,0,0,0,0
2004,1272,Memphis,0,0,1,1,0,0,0,0,0
2004,1277,Michigan St,0,0,1,0,0,0,0,0,0
2004,1280,Mississippi St,0,0,1,1,0,0,0,0,0
2004,1284,Monmouth NJ,0,0,1,0,0,0,0,0,0
2004,1293,Murray St,0,0,1,0,0,0,0,0,0
2004,1301,NC State,0,0,1,1,0,0,0,0,0
2004,1305,Nevada,0,0,1,1,1,0,0,0,0
2004,1314,North Carolina,0,0,1,1,0,0,0,0,0
2004,1320,Northern Iowa,0,0,1,0,0,0,0,0,0
2004,1329,Oklahoma St,0,0,1,1,1,1,1,0,0
2004,1334,Pacific,0,0,1,1,0,0,0,0,0
2004,1338,Pittsburgh,0,0,1,1,1,0,0,0,0
2004,1343,Princeton,0,0,1,0,0,0,0,0,0
2004,1344,Providence,0,0,1,0,0,0,0,0,0
2004,1350,Richmond,0,0,1,0,0,0,0,0,0
2004,1356,S Illinois,0,0,1,0,0,0,0,0,0
2004,1371,Seton Hall,0,0,1,1,0,0,0,0,0
2004,1376,South Carolina,0,0,1,0,0,0,0,0,0
2004,1386,St Joseph's PA,0,0,1,1,1,1,0,0,0
2004,1390,Stanford,0,0,1,1,0,0,0,0,0
2004,1393,Syracuse,0,0,1,1,1,0,0,0,0
2004,1400,Texas,0,0,1,1,1,0,0,0,0
2004,1403,Texas Tech,0,0,1,1,0,0,0,0,0
2004,1412,UAB,0,0,1,1,1,0,0,0,0
2004,1416,UCF,0,0,1,0,0,0,0,0,0
2004,1418,Louisiana,0,0,1,0,0,0,0,0,0
2004,1427,UT San Antonio,0,0,1,0,0,0,0,0,0
2004,1428,Utah,0,0,1,0,0,0,0,0,0
2004,1431,UTEP,0,0,1,0,0,0,0,0,0
2004,1433,VCU,0,0,1,0,0,0,0,0,0
2004,1434,Valparaiso,0,0,1,0,0,0,0,0,0
2004,1435,Vanderbilt,0,0,1,1,1,0,0,0,0
2004,1436,Vermont,0,0,1,0,0,0,0,0,0
2004,1444,W Michigan,0,0,1,0,0,0,0,0,0
2004,1448,Wake Forest,0,0,1,1,1,0,0,0,0
2004,1449,Washington,0,0,1,0,0,0,0,0,0
2004,1458,Wisconsin,0,0,1,1,0,0,0,0,0
2004,1462,Xavier,0,0,1,1,1,1,0,0,0
2005,1104,Alabama,0,0,1,0,0,0,0,0,0
2005,1105,Alabama A&M,1,0,0,0,0,0,0,0,0
2005,1112,Arizona,0,0,1,1,1,1,0,0,0
2005,1130,Boston College,0,0,1,1,0,0,0,0,0
2005,1137,Bucknell,0,0,1,1,0,0,0,0,0
2005,1150,Charlotte,0,0,1,0,0,0,0,0,0
2005,1151,Chattanooga,0,0,1,0,0,0,0,0,0
2005,1153,Cincinnati,0,0,1,1,0,0,0,0,0
2005,1163,Connecticut,0,0,1,1,0,0,0,0,0
2005,1166,Creighton,0,0,1,0,0,0,0,0,0
2005,1175,Delaware St,0,0,1,0,0,0,0,0,0
2005,1181,Duke,0,0,1,1,1,0,0,0,0
2005,1184,E Kentucky,0,0,1,0,0,0,0,0,0
2005,1192,F Dickinson,0,0,1,0,0,0,0,0,0
2005,1196,Florida,0,0,1,1,0,0,0,0,0
2005,1203,G Washington,0,0,1,0,0,0,0,0,0
2005,1210,Georgia Tech,0,0,1,1,0,0,0,0,0
2005,1211,Gonzaga,0,0,1,1,0,0,0,0,0
2005,1228,Illinois,0,0,1,1,1,1,1,1,0
2005,1234,Iowa,0,0,1,0,0,0,0,0,0
2005,1235,Iowa St,0,0,1,1,0,0,0,0,0
2005,1242,Kansas,0,0,1,0,0,0,0,0,0
2005,1246,Kentucky,0,0,1,1,1,1,0,0,0
2005,1257,Louisville,0,0,1,1,1,1,1,0,0
2005,1261,LSU,0,0,1,0,0,0,0,0,0
2005,1277,Michigan St,0,0,1,1,1,1,1,0,0
2005,1278,Minnesota,0,0,1,0,0,0,0,0,0
2005,1280,Mississippi St,0,0,1,1,0,0,0,0,0
2005,1285,Montana,0,0,1,0,0,0,0,0,0
2005,1301,NC State,0,0,1,1,1,0,0,0,0
2005,1305,Nevada,0,0,1,1,0,0,0,0,0
2005,1307,New Mexico,0,0,1,0,0,0,0,0,0
2005,1310,Niagara,0,0,1,0,0,0,0,0,0
2005,1314,North Carolina,0,0,1,1,1,1,1,1,1
2005,1320,Northern Iowa,0,0,1,0,0,0,0,0,0
2005,1324,Oakland,1,1,1,0,0,0,0,0,0
2005,1325,Ohio,0,0,1,0,0,0,0,0,0
2005,1328,Oklahoma,0,0,1,1,0,0,0,0,0
2005,1329,Oklahoma St,0,0,1,1,1,0,0,0,0
2005,1330,Old Dominion,0,0,1,0,0,0,0,0,0
2005,1334,Pacific,0,0,1,1,0,0,0,0,0
2005,1335,Penn,0,0,1,0,0,0,0,0,0
2005,1338,Pittsburgh,0,0,1,0,0,0,0,0,0
2005,1356,S Illinois,0,0,1,1,0,0,0,0,0
2005,1368,SE Louisiana,0,0,1,0,0,0,0,0,0
2005,1388,St Mary's CA,0,0,1,0,0,0,0,0,0
2005,1390,Stanford,0,0,1,0,0,0,0,0,0
2005,1393,Syracuse,0,0,1,0,0,0,0,0,0
2005,1400,Texas,0,0,1,0,0,0,0,0,0
2005,1403,Texas Tech,0,0,1,1,1,0,0,0,0
2005,1412,UAB,0,0,1,1,0,0,0,0,0
2005,1416,UCF,0,0,1,0,0,0,0,0,0
2005,1417,UCLA,0,0,1,0,0,0,0,0,0
2005,1418,Louisiana,0,0,1,0,0,0,0,0,0
2005,1428,Utah,0,0,1,1,1,0,0,0,0
2005,1429,Utah St,0,0,1,0,0,0,0,0,0
2005,1431,UTEP,0,0,1,0,0,0,0,0,0
2005,1436,Vermont,0,0,1,1,0,0,0,0,0
2005,1437,Villanova,0,0,1,1,1,0,0,0,0
2005,1448,Wake Forest,0,0,1,1,0,0,0,0,0
2005,1449,Washington,0,0,1,1,1,0,0,0,0
2005,1452,West Virginia,0,0,1,1,1,1,0,0,0
2005,1454,WI Milwaukee,0,0,1,1,1,0,0,0,0
2005,1457,Winthrop,0,0,1,0,0,0,0,0,0
2005,1458,Wisconsin,0,0,1,1,1,1,0,0,0
2006,1102,Air Force,0,0,1,0,0,0,0,0,0
2006,1104,Alabama,0,0,1,1,0,0,0,0,0
2006,1107,SUNY Albany,0,0,1,0,0,0,0,0,0
2006,1112,Arizona,0,0,1,1,0,0,0,0,0
2006,1116,Arkansas,0,0,1,0,0,0,0,0,0
2006,1125,Belmont,0,0,1,0,0,0,0,0,0
2006,1130,Boston College,0,0,1,1,1,0,0,0,0
2006,1133,Bradley,0,0,1,1,1,0,0,0,0
2006,1137,Bucknell,0,0,1,1,0,0,0,0,0
2006,1143,California,0,0,1,0,0,0,0,0,0
2006,1163,Connecticut,0,0,1,1,1,1,0,0,0
2006,1172,Davidson,0,0,1,0,0,0,0,0,0
2006,1181,Duke,0,0,1,1,1,0,0,0,0
2006,1196,Florida,0,0,1,1,1,1,1,1,1
2006,1203,G Washington,0,0,1,1,0,0,0,0,0
2006,1206,George Mason,0,0,1,1,1,1,1,0,0
2006,1207,Georgetown,0,0,1,1,1,0,0,0,0
2006,1211,Gonzaga,0,0,1,1,1,0,0,0,0
2006,1214,Hampton,1,0,0,0,0,0,0,0,0
2006,1228,Illinois,0,0,1,1,0,0,0,0,0
2006,1231,Indiana,0,0,1,1,0,0,0,0,0
2006,1233,Iona,0,0,1,0,0,0,0,0,0
2006,1234,Iowa,0,0,1,0,0,0,0,0,0
2006,1242,Kansas,0,0,1,0,0,0,0,0,0
2006,1245,Kent,0,0,1,0,0,0,0,0,0
2006,1246,Kentucky,0,0,1,1,0,0,0,0,0
2006,1261,LSU,0,0,1,1,1,1,1,0,0
2006,1266,Marquette,0,0,1,0,0,0,0,0,0
2006,1272,Memphis,0,0,1,1,1,1,0,0,0
2006,1277,Michigan St,0,0,1,0,0,0,0,0,0
2006,1284,Monmouth NJ,1,1,1,0,0,0,0,0,0
2006,1285,Montana,0,0,1,1,0,0,0,0,0
2006,1293,Murray St,0,0,1,0,0,0,0,0,0
2006,1301,NC State,0,0,1,1,0,0,0,0,0
2006,1305,Nevada,0,0,1,0,0,0,0,0,0
2006,1314,North Carolina,0,0,1,1,0,0,0,0,0
2006,1320,Northern Iowa,0,0,1,0,0,0,0,0,0
2006,1322,Northwestern LA,0,0,1,1,0,0,0,0,0
2006,1326,Ohio St,0,0,1,1,0,0,0,0,0
2006,1328,Oklahoma,0,0,1,0,0,0,0,0,0
2006,1331,Oral Roberts,0,0,1,0,0,0,0,0,0
2006,1334,Pacific,0,0,1,0,0,0,0,0,0
2006,1335,Penn,0,0,1,0,0,0,0,0,0
2006,1338,Pittsburgh,0,0,1,1,0,0,0,0,0
2006,1356,S Illinois,0,0,1,0,0,0,0,0,0
2006,1361,San Diego St,0,0,1,0,0,0,0,0,0
2006,1371,Seton Hall,0,0,1,0,0,0,0,0,0
2006,1375,South Alabama,0,0,1,0,0,0,0,0,0
2006,1380,Southern Univ,0,0,1,0,0,0,0,0,0
2006,1393,Syracuse,0,0,1,0,0,0,0,0,0
2006,1397,Tennessee,0,0,1,1,0,0,0,0,0
2006,1400,Texas,0,0,1,1,1,1,0,0,0
2006,1401,Texas A&M,0,0,1,1,0,0,0,0,0
2006,1412,UAB,0,0,1,0,0,0,0,0,0
2006,1417,UCLA,0,0,1,1,1,1,1,1,0
2006,1423,UNC Wilmington,0,0,1,0,0,0,0,0,0
2006,1429,Utah St,0,0,1,0,0,0,0,0,0
2006,1437,Villanova,0,0,1,1,1,1,0,0,0
2006,1449,Washington,0,0,1,1,1,0,0,0,0
2006,1452,West Virginia,0,0,1,1,1,0,0,0,0
2006,1454,WI Milwaukee,0,0,1,1,0,0,0,0,0
2006,1455,Wichita St,0,0,1,1,1,0,0,0,0
2006,1457,Winthrop,0,0,1,0,0,0,0,0,0
2006,1458,Wisconsin,0,0,1,0,0,0,0,0,0
2006,1462,Xavier,0,0,1,0,0,0,0,0,0
2007,1107,SUNY Albany,0,0,1,0,0,0,0,0,0
2007,1112,Arizona,0,0,1,0,0,0,0,0,0
2007,1116,Arkansas,0,0,1,0,0,0,0,0,0
2007,1125,Belmont,0,0,1,0,0,0,0,0,0
2007,1130,Boston College,0,0,1,1,0,0,0,0,0
2007,1139,Butler,0,0,1,1,1,0,0,0,0
2007,1140,BYU,0,0,1,0,0,0,0,0,0
2007,1148,Central Conn,0,0,1,0,0,0,0,0,0
2007,1166,Creighton,0,0,1,0,0,0,0,0,0
2007,1172,Davidson,0,0,1,0,0,0,0,0,0
2007,1181,Duke,0,0,1,0,0,0,0,0,0
2007,1184,E Kentucky,0,0,1,0,0,0,0,0,0
2007,1196,Florida,0,0,1,1,1,1,1,1,1
2007,1197,Florida A&M,1,0,0,0,0,0,0,0,0
2007,1203,G Washington,0,0,1,0,0,0,0,0,0
2007,1207,Georgetown,0,0,1,1,1,1,1,0,0
2007,1210,Georgia Tech,0,0,1,0,0,0,0,0,0
2007,1211,Gonzaga,0,0,1,0,0,0,0,0,0
2007,1221,Holy Cross,0,0,1,0,0,0,0,0,0
2007,1228,Illinois,0,0,1,0,0,0,0,0,0
2007,1231,Indiana,0,0,1,1,0,0,0,0,0
2007,1238,Jackson St,0,0,1,0,0,0,0,0,0
2007,1242,Kansas,0,0,1,1,1,1,0,0,0
2007,1246,Kentucky,0,0,1,1,0,0,0,0,0
2007,1253,Long Beach St,0,0,1,0,0,0,0,0,0
2007,1257,Louisville,0,0,1,1,0,0,0,0,0
2007,1266,Marquette,0,0,1,0,0,0,0,0,0
2007,1268,Maryland,0,0,1,1,0,0,0,0,0
2007,1272,Memphis,0,0,1,1,1,1,0,0,0
2007,1275,Miami OH,0,0,1,0,0,0,0,0,0
2007,1277,Michigan St,0,0,1,1,0,0,0,0,0
2007,1305,Nevada,0,0,1,1,0,0,0,0,0
2007,1308,New Mexico St,0,0,1,0,0,0,0,0,0
2007,1310,Niagara,1,1,1,0,0,0,0,0,0
2007,1314,North Carolina,0,0,1,1,1,1,0,0,0
2007,1317,North Texas,0,0,1,0,0,0,0,0,0
2007,1323,Notre Dame,0,0,1,0,0,0,0,0,0
2007,1326,Ohio St,0,0,1,1,1,1,1,1,0
2007,1330,Old Dominion,0,0,1,0,0,0,0,0,0
2007,1331,Oral Roberts,0,0,1,0,0,0,0,0,0
2007,1332,Oregon,0,0,1,1,1,1,0,0,0
2007,1335,Penn,0,0,1,0,0,0,0,0,0
2007,1338,Pittsburgh,0,0,1,1,1,0,0,0,0
2007,1345,Purdue,0,0,1,1,0,0,0,0,0
2007,1356,S Illinois,0,0,1,1,1,0,0,0,0
2007,1390,Stanford,0,0,1,0,0,0,0,0,0
2007,1394,TAM C. Christi,0,0,1,0,0,0,0,0,0
2007,1397,Tennessee,0,0,1,1,1,0,0,0,0
2007,1400,Texas,0,0,1,1,0,0,0,0,0
2007,1401,Texas A&M,0,0,1,1,1,0,0,0,0
2007,1403,Texas Tech,0,0,1,0,0,0,0,0,0
2007,1417,UCLA,0,0,1,1,1,1,1,0,0
2007,1424,UNLV,0,0,1,1,1,0,0,0,0
2007,1425,USC,0,0,1,1,1,0,0,0,0
2007,1433,VCU,0,0,1,1,0,0,0,0,0
2007,1435,Vanderbilt,0,0,1,1,1,0,0,0,0
2007,1437,Villanova,0,0,1,0,0,0,0,0,0
2007,1438,Virginia,0,0,1,1,0,0,0,0,0
2007,1439,Virginia Tech,0,0,1,1,0,0,0,0,0
2007,1450,Washington St,0,0,1,1,0,0,0,0,0
2007,1451,Weber St,0,0,1,0,0,0,0,0,0
2007,1457,Winthrop,0,0,1,1,0,0,0,0,0
2007,1458,Wisconsin,0,0,1,1,0,0,0,0,0
2007,1460,Wright St,0,0,1,0,0,0,0,0,0
2007,1462,Xavier,0,0,1,1,0,0,0,0,0
2008,1110,American Univ,0,0,1,0,0,0,0,0,0
2008,1112,Arizona,0,0,1,0,0,0,0,0,0
2008,1116,Arkansas,0,0,1,1,0,0,0,0,0
2008,1122,Austin Peay,0,0,1,0,0,0,0,0,0
2008,1124,Baylor,0,0,1,0,0,0,0,0,0
2008,1125,Belmont,0,0,1,0,0,0,0,0,0
2008,1129,Boise St,0,0,1,0,0,0,0,0,0
2008,1139,Butler,0,0,1,1,0,0,0,0,0
2008,1140,BYU,0,0,1,0,0,0,0,0,0
2008,1155,Clemson,0,0,1,0,0,0,0,0,0
2008,1163,Connecticut,0,0,1,0,0,0,0,0,0
2008,1164,Coppin St,1,0,0,0,0,0,0,0,0
2008,1165,Cornell,0,0,1,0,0,0,0,0,0
2008,1168,CS Fullerton,0,0,1,0,0,0,0,0,0
2008,1172,Davidson,0,0,1,1,1,1,0,0,0
2008,1179,Drake,0,0,1,0,0,0,0,0,0
2008,1181,Duke,0,0,1,1,0,0,0,0,0
2008,1206,George Mason,0,0,1,0,0,0,0,0,0
2008,1207,Georgetown,0,0,1,1,0,0,0,0,0
2008,1208,Georgia,0,0,1,0,0,0,0,0,0
2008,1211,Gonzaga,0,0,1,0,0,0,0,0,0
2008,1231,Indiana,0,0,1,0,0,0,0,0,0
2008,1242,Kansas,0,0,1,1,1,1,1,1,1
2008,1243,Kansas St,0,0,1,1,0,0,0,0,0
2008,1245,Kent,0,0,1,0,0,0,0,0,0
2008,1246,Kentucky,0,0,1,0,0,0,0,0,0
2008,1257,Louisville,0,0,1,1,1,1,0,0,0
2008,1266,Marquette,0,0,1,1,0,0,0,0,0
2008,1272,Memphis,0,0,1,1,1,1,1,1,0
2008,1274,Miami FL,0,0,1,1,0,0,0,0,0
2008,1277,Michigan St,0,0,1,1,1,0,0,0,0
2008,1280,Mississippi St,0,0,1,1,0,0,0,0,0
2008,1290,MS Valley St,0,0,1,0,0,0,0,0,0
2008,1291,Mt St Mary's,1,1,1,0,0,0,0,0,0
2008,1314,North Carolina,0,0,1,1,1,1,1,0,0
2008,1323,Notre Dame,0,0,1,1,0,0,0,0,0
2008,1328,Oklahoma,0,0,1,1,0,0,0,0,0
2008,1331,Oral Roberts,0,0,1,0,0,0,0,0,0
2008,1332,Oregon,0,0,1,0,0,0,0,0,0
2008,1338,Pittsburgh,0,0,1,1,0,0,0,0,0
2008,1340,Portland St,0,0,1,0,0,0,0,0,0
2008,1345,Purdue,0,0,1,1,0,0,0,0,0
2008,1360,San Diego,0,0,1,1,0,0,0,0,0
2008,1373,Siena,0,0,1,1,0,0,0,0,0
2008,1375,South Alabama,0,0,1,0,0,0,0,0,0
2008,1386,St Joseph's PA,0,0,1,0,0,0,0,0,0
2008,1388,St Mary's CA,0,0,1,0,0,0,0,0,0
2008,1390,Stanford,0,0,1,1,1,0,0,0,0
2008,1396,Temple,0,0,1,0,0,0,0,0,0
2008,1397,Tennessee,0,0,1,1,1,0,0,0,0
2008,1400,Texas,0,0,1,1,1,1,0,0,0
2008,1401,Texas A&M,0,0,1,1,0,0,0,0,0
2008,1417,UCLA,0,0,1,1,1,1,1,0,0
2008,1420,UMBC,0,0,1,0,0,0,0,0,0
2008,1424,UNLV,0,0,1,1,0,0,0,0,0
2008,1425,USC,0,0,1,0,0,0,0,0,0
2008,1426,UT Arlington,0,0,1,0,0,0,0,0,0
2008,1435,Vanderbilt,0,0,1,0,0,0,0,0,0
2008,1437,Villanova,0,0,1,1,1,0,0,0,0
2008,1443,WKU,0,0,1,1,1,0,0,0,0
2008,1450,Washington St,0,0,1,1,1,0,0,0,0
2008,1452,West Virginia,0,0,1,1,1,0,0,0,0
2008,1457,Winthrop,0,0,1,0,0,0,0,0,0
2008,1458,Wisconsin,0,0,1,1,1,0,0,0,0
2008,1462,Xavier,0,0,1,1,1,1,0,0,0
2009,1103,Akron,0,0,1,0,0,0,0,0,0
2009,1106,Alabama St,1,0,0,0,0,0,0,0,0
2009,1110,American Univ,0,0,1,0,0,0,0,0,0
2009,1112,Arizona,0,0,1,1,1,0,0,0,0
2009,1113,Arizona St,0,0,1,1,0,0,0,0,0
2009,1127,Binghamton,0,0,1,0,0,0,0,0,0
2009,1130,Boston College,0,0,1,0,0,0,0,0,0
2009,1139,Butler,0,0,1,0,0,0,0,0,0
2009,1140,BYU,0,0,1,0,0,0,0,0,0
2009,1143,California,0,0,1,0,0,0,0,0,0
2009,1151,Chattanooga,0,0,1,0,0,0,0,0,0
2009,1155,Clemson,0,0,1,0,0,0,0,0,0
2009,1156,Cleveland St,0,0,1,1,0,0,0,0,0
2009,1163,Connecticut,0,0,1,1,1,1,1,0,0
2009,1165,Cornell,0,0,1,0,0,0,0,0,0
2009,1169,CS Northridge,0,0,1,0,0,0,0,0,0
2009,1173,Dayton,0,0,1,1,0,0,0,0,0
2009,1181,Duke,0,0,1,1,1,0,0,0,0
2009,1190,ETSU,0,0,1,0,0,0,0,0,0
2009,1199,Florida St,0,0,1,0,0,0,0,0,0
2009,1211,Gonzaga,0,0,1,1,1,0,0,0,0
2009,1228,Illinois,0,0,1,0,0,0,0,0,0
2009,1242,Kansas,0,0,1,1,1,0,0,0,0
2009,1257,Louisville,0,0,1,1,1,1,0,0,0
2009,1261,LSU,0,0,1,1,0,0,0,0,0
2009,1266,Marquette,0,0,1,1,0,0,0,0,0
2009,1268,Maryland,0,0,1,1,0,0,0,0,0
2009,1272,Memphis,0,0,1,1,1,0,0,0,0
2009,1276,Michigan,0,0,1,1,0,0,0,0,0
2009,1277,Michigan St,0,0,1,1,1,1,1,1,0
2009,1278,Minnesota,0,0,1,0,0,0,0,0,0
2009,1280,Mississippi St,0,0,1,0,0,0,0,0,0
2009,1281,Missouri,0,0,1,1,1,1,0,0,0
2009,1287,Morehead St,1,1,1,0,0,0,0,0,0
2009,1288,Morgan St,0,0,1,0,0,0,0,0,0
2009,1295,N Dakota St,0,0,1,0,0,0,0,0,0
2009,1314,North Carolina,0,0,1,1,1,1,1,1,1
2009,1320,Northern Iowa,0,0,1,0,0,0,0,0,0
2009,1326,Ohio St,0,0,1,0,0,0,0,0,0
2009,1328,Oklahoma,0,0,1,1,1,1,0,0,0
2009,1329,Oklahoma St,0,0,1,1,0,0,0,0,0
2009,1338,Pittsburgh,0,0,1,1,1,1,0,0,0
2009,1340,Portland St,0,0,1,0,0,0,0,0,0
2009,1345,Purdue,0,0,1,1,1,0,0,0,0
2009,1347,Radford,0,0,1,0,0,0,0,0,0
2009,1352,Robert Morris,0,0,1,0,0,0,0,0,0
2009,1372,SF Austin,0,0,1,0,0,0,0,0,0
2009,1373,Siena,0,0,1,1,0,0,0,0,0
2009,1393,Syracuse,0,0,1,1,1,0,0,0,0
2009,1396,Temple,0,0,1,0,0,0,0,0,0
2009,1397,Tennessee,0,0,1,0,0,0,0,0,0
2009,1400,Texas,0,0,1,1,0,0,0,0,0
2009,1401,Texas A&M,0,0,1,1,0,0,0,0,0
2009,1417,UCLA,0,0,1,1,0,0,0,0,0
2009,1425,USC,0,0,1,1,0,0,0,0,0
2009,1428,Utah,0,0,1,0,0,0,0,0,0
2009,1429,Utah St,0,0,1,0,0,0,0,0,0
2009,1433,VCU,0,0,1,0,0,0,0,0,0
2009,1437,Villanova,0,0,1,1,1,1,1,0,0
2009,1443,WKU,0,0,1,1,0,0,0,0,0
2009,1448,Wake Forest,0,0,1,0,0,0,0,0,0
2009,1449,Washington,0,0,1,1,0,0,0,0,0
2009,1452,West Virginia,0,0,1,0,0,0,0,0,0
2009,1458,Wisconsin,0,0,1,1,0,0,0,0,0
2009,1462,Xavier,0,0,1,1,1,0,0,0,0
2010,1115,Ark Pine Bluff,1,1,1,0,0,0,0,0,0
2010,1124,Baylor,0,0,1,1,1,1,0,0,0
2010,1139,Butler,0,0,1,1,1,1,1,1,0
2010,1140,BYU,0,0,1,1,0,0,0,0,0
2010,1143,California,0,0,1,1,0,0,0,0,0
2010,1155,Clemson,0,0,1,0,0,0,0,0,0
2010,1165,Cornell,0,0,1,1,1,0,0,0,0
2010,1181,Duke,0,0,1,1,1,1,1,1,1
2010,1190,ETSU,0,0,1,0,0,0,0,0,0
2010,1196,Florida,0,0,1,0,0,0,0,0,0
2010,1199,Florida St,0,0,1,0,0,0,0,0,0
2010,1207,Georgetown,0,0,1,0,0,0,0,0,0
2010,1210,Georgia Tech,0,0,1,1,0,0,0,0,0
2010,1211,Gonzaga,0,0,1,1,0,0,0,0,0
2010,1222,Houston,0,0,1,0,0,0,0,0,0
2010,1242,Kansas,0,0,1,1,0,0,0,0,0
2010,1243,Kansas St,0,0,1,1,1,1,0,0,0
2010,1246,Kentucky,0,0,1,1,1,1,0,0,0
2010,1250,Lehigh,0,0,1,0,0,0,0,0,0
2010,1257,Louisville,0,0,1,0,0,0,0,0,0
2010,1266,Marquette,0,0,1,0,0,0,0,0,0
2010,1268,Maryland,0,0,1,1,0,0,0,0,0
2010,1277,Michigan St,0,0,1,1,1,1,1,0,0
2010,1278,Minnesota,0,0,1,0,0,0,0,0,0
2010,1281,Missouri,0,0,1,1,0,0,0,0,0
2010,1285,Montana,0,0,1,0,0,0,0,0,0
2010,1288,Morgan St,0,0,1,0,0,0,0,0,0
2010,1293,Murray St,0,0,1,1,0,0,0,0,0
2010,1307,New Mexico,0,0,1,1,0,0,0,0,0
2010,1308,New Mexico St,0,0,1,0,0,0,0,0,0
2010,1317,North Texas,0,0,1,0,0,0,0,0,0
2010,1320,Northern Iowa,0,0,1,1,1,0,0,0,0
2010,1323,Notre Dame,0,0,1,0,0,0,0,0,0
2010,1324,Oakland,0,0,1,0,0,0,0,0,0
2010,1325,Ohio,0,0,1,1,0,0,0,0,0
2010,1326,Ohio St,0,0,1,1,1,0,0,0,0
2010,1329,Oklahoma St,0,0,1,0,0,0,0,0,0
2010,1330,Old Dominion,0,0,1,1,0,0,0,0,0
2010,1338,Pittsburgh,0,0,1,1,0,0,0,0,0
2010,1345,Purdue,0,0,1,1,1,0,0,0,0
2010,1350,Richmond,0,0,1,0,0,0,0,0,0
2010,1352,Robert Morris,0,0,1,0,0,0,0,0,0
2010,1358,Sam Houston St,0,0,1,0,0,0,0,0,0
2010,1361,San Diego St,0,0,1,0,0,0,0,0,0
2010,1364,UC Santa Barbara,0,0,1,0,0,0,0,0,0
2010,1373,Siena,0,0,1,0,0,0,0,0,0
2010,1388,St Mary's CA,0,0,1,1,1,0,0,0,0
2010,1393,Syracuse,0,0,1,1,1,0,0,0,0
2010,1396,Temple,0,0,1,0,0,0,0,0,0
2010,1397,Tennessee,0,0,1,1,1,1,0,0,0
2010,1400,Texas,0,0,1,0,0,0,0,0,0
2010,1401,Texas A&M,0,0,1,1,0,0,0,0,0
2010,1424,UNLV,0,0,1,0,0,0,0,0,0
2010,1429,Utah St,0,0,1,0,0,0,0,0,0
2010,1431,UTEP,0,0,1,0,0,0,0,0,0
2010,1435,Vanderbilt,0,0,1,0,0,0,0,0,0
2010,1436,Vermont,0,0,1,0,0,0,0,0,0
2010,1437,Villanova,0,0,1,1,0,0,0,0,0
2010,1448,Wake Forest,0,0,1,1,0,0,0,0,0
2010,1449,Washington,0,0,1,1,1,0,0,0,0
2010,1452,West Virginia,0,0,1,1,1,1,1,0,0
2010,1457,Winthrop,1,0,0,0,0,0,0,0,0
2010,1458,Wisconsin,0,0,1,1,0,0,0,0,0
2010,1459,Wofford,0,0,1,0,0,0,0,0,0
2010,1462,Xavier,0,0,1,1,1,0,0,0,0
2011,1103,Akron,0,0,1,0,0,0,0,0,0
2011,1106,Alabama St,1,0,0,0,0,0,0,0,0
2011,1112,Arizona,0,0,1,1,1,1,0,0,0
2011,1114,Ark Little Rock,1,0,0,0,0,0,0,0,0
2011,1125,Belmont,0,0,1,0,0,0,0,0,0
2011,1131,Boston Univ,0,0,1,0,0,0,0,0,0
2011,1137,Bucknell,0,0,1,0,0,0,0,0,0
2011,1139,Butler,0,0,1,1,1,1,1,1,0
2011,1140,BYU,0,0,1,1,1,0,0,0,0
2011,1153,Cincinnati,0,0,1,1,0,0,0,0,0
2011,1155,Clemson,1,1,1,0,0,0,0,0,0
2011,1163,Connecticut,0,0,1,1,1,1,1,1,1
2011,1181,Duke,0,0,1,1,1,0,0,0,0
2011,1196,Florida,0,0,1,1,1,1,0,0,0
2011,1199,Florida St,0,0,1,1,1,0,0,0,0
2011,1206,George Mason,0,0,1,1,0,0,0,0,0
2011,1207,Georgetown,0,0,1,0,0,0,0,0,0
2011,1208,Georgia,0,0,1,0,0,0,0,0,0
2011,1211,Gonzaga,0,0,1,1,0,0,0,0,0
2011,1214,Hampton,0,0,1,0,0,0,0,0,0
2011,1228,Illinois,0,0,1,1,0,0,0,0,0
2011,1232,Indiana St,0,0,1,0,0,0,0,0,0
2011,1242,Kansas,0,0,1,1,1,1,0,0,0
2011,1243,Kansas St,0,0,1,1,0,0,0,0,0
2011,1246,Kentucky,0,0,1,1,1,1,1,0,0
2011,1254,LIU Brooklyn,0,0,1,0,0,0,0,0,0
2011,1257,Louisville,0,0,1,0,0,0,0,0,0
2011,1266,Marquette,0,0,1,1,1,0,0,0,0
2011,1272,Memphis,0,0,1,0,0,0,0,0,0
2011,1276,Michigan,0,0,1,1,0,0,0,0,0
2011,1277,Michigan St,0,0,1,0,0,0,0,0,0
2011,1281,Missouri,0,0,1,0,0,0,0,0,0
2011,1287,Morehead St,0,0,1,1,0,0,0,0,0
2011,1294,N Colorado,0,0,1,0,0,0,0,0,0
2011,1314,North Carolina,0,0,1,1,1,1,0,0,0
2011,1323,Notre Dame,0,0,1,1,0,0,0,0,0
2011,1324,Oakland,0,0,1,0,0,0,0,0,0
2011,1326,Ohio St,0,0,1,1,1,0,0,0,0
2011,1330,Old Dominion,0,0,1,0,0,0,0,0,0
2011,1336,Penn St,0,0,1,0,0,0,0,0,0
2011,1338,Pittsburgh,0,0,1,1,0,0,0,0,0
2011,1343,Princeton,0,0,1,0,0,0,0,0,0
2011,1345,Purdue,0,0,1,1,0,0,0,0,0
2011,1350,Richmond,0,0,1,1,1,0,0,0,0
2011,1361,San Diego St,0,0,1,1,1,0,0,0,0
2011,1364,UC Santa Barbara,0,0,1,0,0,0,0,0,0
2011,1385,St John's,0,0,1,0,0,0,0,0,0
2011,1389,St Peter's,0,0,1,0,0,0,0,0,0
2011,1393,Syracuse,0,0,1,1,0,0,0,0,0
2011,1396,Temple,0,0,1,1,0,0,0,0,0
2011,1397,Tennessee,0,0,1,0,0,0,0,0,0
2011,1400,Texas,0,0,1,1,0,0,0,0,0
2011,1401,Texas A&M,0,0,1,0,0,0,0,0,0
2011,1412,UAB,1,0,0,0,0,0,0,0,0
2011,1417,UCLA,0,0,1,1,0,0,0,0,0
2011,1421,UNC Asheville,1,1,1,0,0,0,0,0,0
2011,1424,UNLV,0,0,1,0,0,0,0,0,0
2011,1425,USC,1,0,0,0,0,0,0,0,0
2011,1427,UT San Antonio,1,1,1,0,0,0,0,0,0
2011,1429,Utah St,0,0,1,0,0,0,0,0,0
2011,1433,VCU,1,1,1,1,1,1,1,0,0
2011,1435,Vanderbilt,0,0,1,0,0,0,0,0,0
2011,1437,Villanova,0,0,1,0,0,0,0,0,0
2011,1449,Washington,0,0,1,1,0,0,0,0,0
2011,1452,West Virginia,0,0,1,1,0,0,0,0,0
2011,1458,Wisconsin,0,0,1,1,1,0,0,0,0
2011,1459,Wofford,0,0,1,0,0,0,0,0,0
2011,1462,Xavier,0,0,1,0,0,0,0,0,0
2012,1104,Alabama,0,0,1,0,0,0,0,0,0
2012,1124,Baylor,0,0,1,1,1,1,0,0,0
2012,1125,Belmont,0,0,1,0,0,0,0,0,0
2012,1140,BYU,1,1,1,0,0,0,0,0,0
2012,1143,California,1,0,0,0,0,0,0,0,0
2012,1153,Cincinnati,0,0,1,1,1,0,0,0,0
2012,1160,Colorado,0,0,1,1,0,0,0,0,0
2012,1161,Colorado St,0,0,1,0,0,0,0,0,0
2012,1163,Connecticut,0,0,1,0,0,0,0,0,0
2012,1166,Creighton,0,0,1,1,0,0,0,0,0
2012,1172,Davidson,0,0,1,0,0,0,0,0,0
2012,1178,Detroit,0,0,1,0,0,0,0,0,0
2012,1181,Duke,0,0,1,0,0,0,0,0,0
2012,1196,Florida,0,0,1,1,1,1,0,0,0
2012,1199,Florida St,0,0,1,1,0,0,0,0,0
2012,1207,Georgetown,0,0,1,1,0,0,0,0,0
2012,1211,Gonzaga,0,0,1,1,0,0,0,0,0
2012,1217,Harvard,0,0,1,0,0,0,0,0,0
2012,1231,Indiana,0,0,1,1,1,0,0,0,0
2012,1233,Iona,1,0,0,0,0,0,0,0,0
2012,1235,Iowa St,0,0,1,1,0,0,0,0,0
2012,1242,Kansas,0,0,1,1,1,1,1,1,0
2012,1243,Kansas St,0,0,1,1,0,0,0,0,0
2012,1246,Kentucky,0,0,1,1,1,1,1,1,1
2012,1249,Lamar,1,0,0,0,0,0,0,0,0
2012,1250,Lehigh,0,0,1,1,0,0,0,0,0
2012,1253,Long Beach St,0,0,1,0,0,0,0,0,0
2012,1254,LIU Brooklyn,0,0,1,0,0,0,0,0,0
2012,1257,Louisville,0,0,1,1,1,1,1,0,0
2012,1259,Loyola MD,0,0,1,0,0,0,0,0,0
2012,1266,Marquette,0,0,1,1,1,0,0,0,0
2012,1272,Memphis,0,0,1,0,0,0,0,0,0
2012,1276,Michigan,0,0,1,0,0,0,0,0,0
2012,1277,Michigan St,0,0,1,1,1,0,0,0,0
2012,1281,Missouri,0,0,1,0,0,0,0,0,0
2012,1285,Montana,0,0,1,0,0,0,0,0,0
2012,1290,MS Valley St,1,0,0,0,0,0,0,0,0
2012,1293,Murray St,0,0,1,1,0,0,0,0,0
2012,1301,NC State,0,0,1,1,1,0,0,0,0
2012,1307,New Mexico,0,0,1,1,0,0,0,0,0
2012,1308,New Mexico St,0,0,1,0,0,0,0,0,0
2012,1313,Norfolk St,0,0,1,1,0,0,0,0,0
2012,1314,North Carolina,0,0,1,1,1,1,0,0,0
2012,1323,Notre Dame,0,0,1,0,0,0,0,0,0
2012,1325,Ohio,0,0,1,1,1,0,0,0,0
2012,1326,Ohio St,0,0,1,1,1,1,1,0,0
2012,1345,Purdue,0,0,1,1,0,0,0,0,0
2012,1355,S Dakota St,0,0,1,0,0,0,0,0,0
2012,1361,San Diego St,0,0,1,0,0,0,0,0,0
2012,1378,South Florida,1,1,1,1,0,0,0,0,0
2012,1379,Southern Miss,0,0,1,0,0,0,0,0,0
2012,1382,St Bonaventure,0,0,1,0,0,0,0,0,0
2012,1387,St Louis,0,0,1,1,0,0,0,0,0
2012,1388,St Mary's CA,0,0,1,0,0,0,0,0,0
2012,1393,Syracuse,0,0,1,1,1,1,0,0,0
2012,1396,Temple,0,0,1,0,0,0,0,0,0
2012,1400,Texas,0,0,1,0,0,0,0,0,0
2012,1421,UNC Asheville,0,0,1,0,0,0,0,0,0
2012,1424,UNLV,0,0,1,0,0,0,0,0,0
2012,1433,VCU,0,0,1,1,0,0,0,0,0
2012,1435,Vanderbilt,0,0,1,1,0,0,0,0,0
2012,1436,Vermont,1,1,1,0,0,0,0,0,0
2012,1438,Virginia,0,0,1,0,0,0,0,0,0
2012,1443,WKU,1,1,1,0,0,0,0,0,0
2012,1452,West Virginia,0,0,1,0,0,0,0,0,0
2012,1455,Wichita St,0,0,1,0,0,0,0,0,0
2012,1458,Wisconsin,0,0,1,1,1,0,0,0,0
2012,1462,Xavier,0,0,1,1,1,0,0,0,0
2013,1103,Akron,0,0,1,0,0,0,0,0,0
2013,1107,SUNY Albany,0,0,1,0,0,0,0,0,0
2013,1112,Arizona,0,0,1,1,1,0,0,0,0
2013,1125,Belmont,0,0,1,0,0,0,0,0,0
2013,1129,Boise St,1,0,0,0,0,0,0,0,0
2013,1137,Bucknell,0,0,1,0,0,0,0,0,0
2013,1139,Butler,0,0,1,1,0,0,0,0,0
2013,1143,California,0,0,1,1,0,0,0,0,0
2013,1153,Cincinnati,0,0,1,0,0,0,0,0,0
2013,1160,Colorado,0,0,1,0,0,0,0,0,0
2013,1161,Colorado St,0,0,1,1,0,0,0,0,0
2013,1166,Creighton,0,0,1,1,0,0,0,0,0
2013,1172,Davidson,0,0,1,0,0,0,0,0,0
2013,1181,Duke,0,0,1,1,1,1,0,0,0
2013,1195,FGCU,0,0,1,1,1,0,0,0,0
2013,1196,Florida,0,0,1,1,1,1,0,0,0
2013,1207,Georgetown,0,0,1,0,0,0,0,0,0
2013,1211,Gonzaga,0,0,1,1,0,0,0,0,0
2013,1217,Harvard,0,0,1,1,0,0,0,0,0
2013,1228,Illinois,0,0,1,1,0,0,0,0,0
2013,1231,Indiana,0,0,1,1,1,0,0,0,0
2013,1233,Iona,0,0,1,0,0,0,0,0,0
2013,1235,Iowa St,0,0,1,1,0,0,0,0,0
2013,1241,James Madison,1,1,1,0,0,0,0,0,0
2013,1242,Kansas,0,0,1,1,1,0,0,0,0
2013,1243,Kansas St,0,0,1,0,0,0,0,0,0
2013,1247,La Salle,1,1,1,1,1,0,0,0,0
2013,1251,Liberty,1,0,0,0,0,0,0,0,0
2013,1254,LIU Brooklyn,1,0,0,0,0,0,0,0,0
2013,1257,Louisville,0,0,1,1,1,1,1,1,1
2013,1266,Marquette,0,0,1,1,1,1,0,0,0
2013,1272,Memphis,0,0,1,1,0,0,0,0,0
2013,1274,Miami FL,0,0,1,1,1,0,0,0,0
2013,1276,Michigan,0,0,1,1,1,1,1,1,0
2013,1277,Michigan St,0,0,1,1,1,0,0,0,0
2013,1278,Minnesota,0,0,1,1,0,0,0,0,0
2013,1279,Mississippi,0,0,1,1,0,0,0,0,0
2013,1281,Missouri,0,0,1,0,0,0,0,0,0
2013,1285,Montana,0,0,1,0,0,0,0,0,0
2013,1292,MTSU,1,0,0,0,0,0,0,0,0
2013,1299,NC A&T,1,1,1,0,0,0,0,0,0
2013,1301,NC State,0,0,1,0,0,0,0,0,0
2013,1307,New Mexico,0,0,1,0,0,0,0,0,0
2013,1308,New Mexico St,0,0,1,0,0,0,0,0,0
2013,1314,North Carolina,0,0,1,1,0,0,0,0,0
2013,1322,Northwestern LA,0,0,1,0,0,0,0,0,0
2013,1323,Notre Dame,0,0,1,0,0,0,0,0,0
2013,1326,Ohio St,0,0,1,1,1,1,0,0,0
2013,1328,Oklahoma,0,0,1,0,0,0,0,0,0
2013,1329,Oklahoma St,0,0,1,0,0,0,0,0,0
2013,1332,Oregon,0,0,1,1,1,0,0,0,0
2013,1334,Pacific,0,0,1,0,0,0,0,0,0
2013,1338,Pittsburgh,0,0,1,0,0,0,0,0,0
2013,1355,S Dakota St,0,0,1,0,0,0,0,0,0
2013,1361,San Diego St,0,0,1,1,0,0,0,0,0
2013,1380,Southern Univ,0,0,1,0,0,0,0,0,0
2013,1387,St Louis,0,0,1,1,0,0,0,0,0
2013,1388,St Mary's CA,1,1,1,0,0,0,0,0,0
2013,1393,Syracuse,0,0,1,1,1,1,1,0,0
2013,1396,Temple,0,0,1,1,0,0,0,0,0
2013,1417,UCLA,0,0,1,0,0,0,0,0,0
2013,1424,UNLV,0,0,1,0,0,0,0,0,0
2013,1433,VCU,0,0,1,1,0,0,0,0,0
2013,1434,Valparaiso,0,0,1,0,0,0,0,0,0
2013,1437,Villanova,0,0,1,0,0,0,0,0,0
2013,1443,WKU,0,0,1,0,0,0,0,0,0
2013,1455,Wichita St,0,0,1,1,1,1,1,0,0
2013,1458,Wisconsin,0,0,1,0,0,0,0,0,0
2014,1107,SUNY Albany,1,1,1,0,0,0,0,0,0
2014,1110,American Univ,0,0,1,0,0,0,0,0,0
2014,1112,Arizona,0,0,1,1,1,1,0,0,0
2014,1113,Arizona St,0,0,1,0,0,0,0,0,0
2014,1124,Baylor,0,0,1,1,1,0,0,0,0
2014,1140,BYU,0,0,1,0,0,0,0,0,0
2014,1142,Cal Poly,1,1,1,0,0,0,0,0,0
2014,1153,Cincinnati,0,0,1,0,0,0,0,0,0
2014,1157,Coastal Car,0,0,1,0,0,0,0,0,0
2014,1160,Colorado,0,0,1,0,0,0,0,0,0
2014,1163,Connecticut,0,0,1,1,1,1,1,1,1
2014,1166,Creighton,0,0,1,1,0,0,0,0,0
2014,1173,Dayton,0,0,1,1,1,1,0,0,0
2014,1174,Delaware,0,0,1,0,0,0,0,0,0
2014,1181,Duke,0,0,1,0,0,0,0,0,0
2014,1184,E Kentucky,0,0,1,0,0,0,0,0,0
2014,1196,Florida,0,0,1,1,1,1,1,0,0
2014,1203,G Washington,0,0,1,0,0,0,0,0,0
2014,1211,Gonzaga,0,0,1,1,0,0,0,0,0
2014,1217,Harvard,0,0,1,1,0,0,0,0,0
2014,1234,Iowa,1,0,0,0,0,0,0,0,0
2014,1235,Iowa St,0,0,1,1,1,0,0,0,0
2014,1242,Kansas,0,0,1,1,0,0,0,0,0
2014,1243,Kansas St,0,0,1,0,0,0,0,0,0
2014,1246,Kentucky,0,0,1,1,1,1,1,1,0
2014,1257,Louisville,0,0,1,1,1,0,0,0,0
2014,1264,Manhattan,0,0,1,0,0,0,0,0,0
2014,1269,Massachusetts,0,0,1,0,0,0,0,0,0
2014,1272,Memphis,0,0,1,1,0,0,0,0,0
2014,1273,Mercer,0,0,1,1,0,0,0,0,0
2014,1276,Michigan,0,0,1,1,1,1,0,0,0
2014,1277,Michigan St,0,0,1,1,1,1,0,0,0
2014,1291,Mt St Mary's,1,0,0,0,0,0,0,0,0
2014,1295,N Dakota St,0,0,1,1,0,0,0,0,0
2014,1300,NC Central,0,0,1,0,0,0,0,0,0
2014,1301,NC State,1,1,1,0,0,0,0,0,0
2014,1304,Nebraska,0,0,1,0,0,0,0,0,0
2014,1307,New Mexico,0,0,1,0,0,0,0,0,0
2014,1308,New Mexico St,0,0,1,0,0,0,0,0,0
2014,1314,North Carolina,0,0,1,1,0,0,0,0,0
2014,1326,Ohio St,0,0,1,0,0,0,0,0,0
2014,1328,Oklahoma,0,0,1,0,0,0,0,0,0
2014,1329,Oklahoma St,0,0,1,0,0,0,0,0,0
2014,1332,Oregon,0,0,1,1,0,0,0,0,0
2014,1338,Pittsburgh,0,0,1,1,0,0,0,0,0
2014,1344,Providence,0,0,1,0,0,0,0,0,0
2014,1361,San Diego St,0,0,1,1,1,0,0,0,0
2014,1372,SF Austin,0,0,1,1,0,0,0,0,0
2014,1386,St Joseph's PA,0,0,1,0,0,0,0,0,0
2014,1387,St Louis,0,0,1,1,0,0,0,0,0
2014,1390,Stanford,0,0,1,1,1,0,0,0,0
2014,1393,Syracuse,0,0,1,1,0,0,0,0,0
2014,1397,Tennessee,1,1,1,1,1,0,0,0,0
2014,1400,Texas,0,0,1,1,0,0,0,0,0
2014,1409,Tulsa,0,0,1,0,0,0,0,0,0
2014,1411,TX Southern,1,0,0,0,0,0,0,0,0
2014,1417,UCLA,0,0,1,1,1,0,0,0,0
2014,1418,Louisiana,0,0,1,0,0,0,0,0,0
2014,1433,VCU,0,0,1,0,0,0,0,0,0
2014,1437,Villanova,0,0,1,1,0,0,0,0,0
2014,1438,Virginia,0,0,1,1,1,0,0,0,0
2014,1444,W Michigan,0,0,1,0,0,0,0,0,0
2014,1451,Weber St,0,0,1,0,0,0,0,0,0
2014,1454,WI Milwaukee,0,0,1,0,0,0,0,0,0
2014,1455,Wichita St,0,0,1,1,0,0,0,0,0
2014,1458,Wisconsin,0,0,1,1,1,1,1,0,0
2014,1459,Wofford,0,0,1,0,0,0,0,0,0
2014,1462,Xavier,1,0,0,0,0,0,0,0,0
2015,1107,SUNY Albany,0,0,1,0,0,0,0,0,0
2015,1112,Arizona,0,0,1,1,1,1,0,0,0
2015,1116,Arkansas,0,0,1,1,0,0,0,0,0
2015,1124,Baylor,0,0,1,0,0,0,0,0,0
2015,1125,Belmont,0,0,1,0,0,0,0,0,0
2015,1129,Boise St,1,0,0,0,0,0,0,0,0
2015,1138,Buffalo,0,0,1,0,0,0,0,0,0
2015,1139,Butler,0,0,1,1,0,0,0,0,0
2015,1140,BYU,1,0,0,0,0,0,0,0,0
2015,1153,Cincinnati,0,0,1,1,0,0,0,0,0
2015,1157,Coastal Car,0,0,1,0,0,0,0,0,0
2015,1172,Davidson,0,0,1,0,0,0,0,0,0
2015,1173,Dayton,1,1,1,1,0,0,0,0,0
2015,1181,Duke,0,0,1,1,1,1,1,1,1
2015,1186,E Washington,0,0,1,0,0,0,0,0,0
2015,1207,Georgetown,0,0,1,1,0,0,0,0,0
2015,1208,Georgia,0,0,1,0,0,0,0,0,0
2015,1209,Georgia St,0,0,1,1,0,0,0,0,0
2015,1211,Gonzaga,0,0,1,1,1,1,0,0,0
2015,1214,Hampton,1,1,1,0,0,0,0,0,0
2015,1217,Harvard,0,0,1,0,0,0,0,0,0
2015,1231,Indiana,0,0,1,0,0,0,0,0,0
2015,1234,Iowa,0,0,1,1,0,0,0,0,0
2015,1235,Iowa St,0,0,1,0,0,0,0,0,0
2015,1242,Kansas,0,0,1,1,0,0,0,0,0
2015,1246,Kentucky,0,0,1,1,1,1,1,0,0
2015,1248,Lafayette,0,0,1,0,0,0,0,0,0
2015,1257,Louisville,0,0,1,1,1,1,0,0,0
2015,1261,LSU,0,0,1,0,0,0,0,0,0
2015,1264,Manhattan,1,0,0,0,0,0,0,0,0
2015,1268,Maryland,0,0,1,1,0,0,0,0,0
2015,1277,Michigan St,0,0,1,1,1,1,1,0,0
2015,1279,Mississippi,1,1,1,0,0,0,0,0,0
2015,1295,N Dakota St,0,0,1,0,0,0,0,0,0
2015,1301,NC State,0,0,1,1,1,0,0,0,0
2015,1308,New Mexico St,0,0,1,0,0,0,0,0,0
2015,1314,North Carolina,0,0,1,1,1,0,0,0,0
2015,1316,North Florida,1,0,0,0,0,0,0,0,0
2015,1318,Northeastern,0,0,1,0,0,0,0,0,0
2015,1320,Northern Iowa,0,0,1,1,0,0,0,0,0
2015,1323,Notre Dame,0,0,1,1,1,1,0,0,0
2015,1326,Ohio St,0,0,1,1,0,0,0,0,0
2015,1328,Oklahoma,0,0,1,1,1,0,0,0,0
2015,1329,Oklahoma St,0,0,1,0,0,0,0,0,0
2015,1332,Oregon,0,0,1,1,0,0,0,0,0
2015,1344,Providence,0,0,1,0,0,0,0,0,0
2015,1345,Purdue,0,0,1,0,0,0,0,0,0
2015,1352,Robert Morris,1,1,1,0,0,0,0,0,0
2015,1361,San Diego St,0,0,1,1,0,0,0,0,0
2015,1372,SF Austin,0,0,1,0,0,0,0,0,0
2015,1374,SMU,0,0,1,0,0,0,0,0,0
2015,1385,St John's,0,0,1,0,0,0,0,0,0
2015,1400,Texas,0,0,1,0,0,0,0,0,0
2015,1411,TX Southern,0,0,1,0,0,0,0,0,0
2015,1412,UAB,0,0,1,1,0,0,0,0,0
2015,1414,UC Irvine,0,0,1,0,0,0,0,0,0
2015,1417,UCLA,0,0,1,1,1,0,0,0,0
2015,1428,Utah,0,0,1,1,1,0,0,0,0
2015,1433,VCU,0,0,1,0,0,0,0,0,0
2015,1434,Valparaiso,0,0,1,0,0,0,0,0,0
2015,1437,Villanova,0,0,1,1,0,0,0,0,0
2015,1438,Virginia,0,0,1,1,0,0,0,0,0
2015,1452,West Virginia,0,0,1,1,1,0,0,0,0
2015,1455,Wichita St,0,0,1,1,1,0,0,0,0
2015,1458,Wisconsin,0,0,1,1,1,1,1,1,0
2015,1459,Wofford,0,0,1,0,0,0,0,0,0
2015,1461,Wyoming,0,0,1,0,0,0,0,0,0
2015,1462,Xavier,0,0,1,1,1,0,0,0,0
2016,1112,Arizona,0,0,1,0,0,0,0,0,0
2016,1114,Ark Little Rock,0,0,1,1,0,0,0,0,0
2016,1122,Austin Peay,0,0,1,0,0,0,0,0,0
2016,1124,Baylor,0,0,1,0,0,0,0,0,0
2016,1138,Buffalo,0,0,1,0,0,0,0,0,0
2016,1139,Butler,0,0,1,1,0,0,0,0,0
2016,1143,California,0,0,1,0,0,0,0,0,0
2016,1151,Chattanooga,0,0,1,0,0,0,0,0,0
2016,1153,Cincinnati,0,0,1,0,0,0,0,0,0
2016,1160,Colorado,0,0,1,0,0,0,0,0,0
2016,1163,Connecticut,0,0,1,1,0,0,0,0,0
2016,1167,CS Bakersfield,0,0,1,0,0,0,0,0,0
2016,1173,Dayton,0,0,1,0,0,0,0,0,0
2016,1181,Duke,0,0,1,1,1,0,0,0,0
2016,1192,F Dickinson,1,0,0,0,0,0,0,0,0
2016,1195,FGCU,1,1,1,0,0,0,0,0,0
2016,1201,Fresno St,0,0,1,0,0,0,0,0,0
2016,1211,Gonzaga,0,0,1,1,1,0,0,0,0
2016,1214,Hampton,0,0,1,0,0,0,0,0,0
2016,1218,Hawaii,0,0,1,1,0,0,0,0,0
2016,1221,Holy Cross,1,1,1,0,0,0,0,0,0
2016,1231,Indiana,0,0,1,1,1,0,0,0,0
2016,1233,Iona,0,0,1,0,0,0,0,0,0
2016,1234,Iowa,0,0,1,1,0,0,0,0,0
2016,1235,Iowa St,0,0,1,1,1,0,0,0,0
2016,1242,Kansas,0,0,1,1,1,1,0,0,0
2016,1246,Kentucky,0,0,1,1,0,0,0,0,0
2016,1268,Maryland,0,0,1,1,1,0,0,0,0
2016,1274,Miami FL,0,0,1,1,1,0,0,0,0
2016,1276,Michigan,1,1,1,0,0,0,0,0,0
2016,1277,Michigan St,0,0,1,0,0,0,0,0,0
2016,1292,MTSU,0,0,1,1,0,0,0,0,0
2016,1314,North Carolina,0,0,1,1,1,1,1,1,0
2016,1320,Northern Iowa,0,0,1,1,0,0,0,0,0
2016,1323,Notre Dame,0,0,1,1,1,1,0,0,0
2016,1328,Oklahoma,0,0,1,1,1,1,1,0,0
2016,1332,Oregon,0,0,1,1,1,1,0,0,0
2016,1333,Oregon St,0,0,1,0,0,0,0,0,0
2016,1338,Pittsburgh,0,0,1,0,0,0,0,0,0
2016,1344,Providence,0,0,1,1,0,0,0,0,0
2016,1345,Purdue,0,0,1,0,0,0,0,0,0
2016,1355,S Dakota St,0,0,1,0,0,0,0,0,0
2016,1371,Seton Hall,0,0,1,0,0,0,0,0,0
2016,1372,SF Austin,0,0,1,1,0,0,0,0,0
2016,1380,Southern Univ,1,0,0,0,0,0,0,0,0
2016,1386,St Joseph's PA,0,0,1,1,0,0,0,0,0
2016,1392,Stony Brook,0,0,1,0,0,0,0,0,0
2016,1393,Syracuse,0,0,1,1,1,1,1,0,0
2016,1396,Temple,0,0,1,0,0,0,0,0,0
2016,1400,Texas,0,0,1,0,0,0,0,0,0
2016,1401,Texas A&M,0,0,1,1,1,0,0,0,0
2016,1403,Texas Tech,0,0,1,0,0,0,0,0,0
2016,1409,Tulsa,1,0,0,0,0,0,0,0,0
2016,1421,UNC Asheville,0,0,1,0,0,0,0,0,0
2016,1423,UNC Wilmington,0,0,1,0,0,0,0,0,0
2016,1425,USC,0,0,1,0,0,0,0,0,0
2016,1428,Utah,0,0,1,1,0,0,0,0,0
2016,1433,VCU,0,0,1,1,0,0,0,0,0
2016,1435,Vanderbilt,1,0,0,0,0,0,0,0,0
2016,1437,Villanova,0,0,1,1,1,1,1,1,1
2016,1438,Virginia,0,0,1,1,1,1,0,0,0
2016,1451,Weber St,0,0,1,0,0,0,0,0,0
2016,1452,West Virginia,0,0,1,0,0,0,0,0,0
2016,1453,WI Green Bay,0,0,1,0,0,0,0,0,0
2016,1455,Wichita St,1,1,1,1,0,0,0,0,0
2016,1458,Wisconsin,0,0,1,1,1,0,0,0,0
2016,1462,Xavier,0,0,1,1,0,0,0,0,0
2016,1463,Yale,0,0,1,1,0,0,0,0,0
2017,1112,Arizona,0,0,1,1,1,0,0,0,0
2017,1116,Arkansas,0,0,1,1,0,0,0,0,0
2017,1124,Baylor,0,0,1,1,1,0,0,0,0
2017,1137,Bucknell,0,0,1,0,0,0,0,0,0
2017,1139,Butler,0,0,1,1,1,0,0,0,0
2017,1153,Cincinnati,0,0,1,1,0,0,0,0,0
2017,1166,Creighton,0,0,1,0,0,0,0,0,0
2017,1173,Dayton,0,0,1,0,0,0,0,0,0
2017,1181,Duke,0,0,1,1,0,0,0,0,0
2017,1190,ETSU,0,0,1,0,0,0,0,0,0
2017,1195,FGCU,0,0,1,0,0,0,0,0,0
2017,1196,Florida,0,0,1,1,1,1,0,0,0
2017,1199,Florida St,0,0,1,1,0,0,0,0,0
2017,1211,Gonzaga,0,0,1,1,1,1,1,1,0
2017,1233,Iona,0,0,1,0,0,0,0,0,0
2017,1235,Iowa St,0,0,1,1,0,0,0,0,0
2017,1240,Jacksonville St,0,0,1,0,0,0,0,0,0
2017,1242,Kansas,0,0,1,1,1,1,0,0,0
2017,1243,Kansas St,1,1,1,0,0,0,0,0,0
2017,1245,Kent,0,0,1,0,0,0,0,0,0
2017,1246,Kentucky,0,0,1,1,1,1,0,0,0
2017,1257,Louisville,0,0,1,1,0,0,0,0,0
2017,1266,Marquette,0,0,1,0,0,0,0,0,0
2017,1268,Maryland,0,0,1,0,0,0,0,0,0
2017,1274,Miami FL,0,0,1,0,0,0,0,0,0
2017,1276,Michigan,0,0,1,1,1,0,0,0,0
2017,1277,Michigan St,0,0,1,1,0,0,0,0,0
2017,1278,Minnesota,0,0,1,0,0,0,0,0,0
2017,1291,Mt St Mary's,1,1,1,0,0,0,0,0,0
2017,1292,MTSU,0,0,1,1,0,0,0,0,0
2017,1297,N Kentucky,0,0,1,0,0,0,0,0,0
2017,1300,NC Central,1,0,0,0,0,0,0,0,0
2017,1305,Nevada,0,0,1,0,0,0,0,0,0
2017,1308,New Mexico St,0,0,1,0,0,0,0,0,0
2017,1309,New Orleans,1,0,0,0,0,0,0,0,0
2017,1314,North Carolina,0,0,1,1,1,1,1,1,1
2017,1315,North Dakota,0,0,1,0,0,0,0,0,0
2017,1321,Northwestern,0,0,1,1,0,0,0,0,0
2017,1323,Notre Dame,0,0,1,1,0,0,0,0,0
2017,1329,Oklahoma St,0,0,1,0,0,0,0,0,0
2017,1332,Oregon,0,0,1,1,1,1,1,0,0
2017,1343,Princeton,0,0,1,0,0,0,0,0,0
2017,1344,Providence,1,0,0,0,0,0,0,0,0
2017,1345,Purdue,0,0,1,1,1,0,0,0,0
2017,1348,Rhode Island,0,0,1,1,0,0,0,0,0
2017,1355,S Dakota St,0,0,1,0,0,0,0,0,0
2017,1371,Seton Hall,0,0,1,0,0,0,0,0,0
2017,1374,SMU,0,0,1,0,0,0,0,0,0
2017,1376,South Carolina,0,0,1,1,1,1,1,0,0
2017,1388,St Mary's CA,0,0,1,1,0,0,0,0,0
2017,1407,Troy,0,0,1,0,0,0,0,0,0
2017,1411,TX Southern,0,0,1,0,0,0,0,0,0
2017,1413,UC Davis,1,1,1,0,0,0,0,0,0
2017,1417,UCLA,0,0,1,1,1,0,0,0,0
2017,1423,UNC Wilmington,0,0,1,0,0,0,0,0,0
2017,1425,USC,1,1,1,1,0,0,0,0,0
2017,1433,VCU,0,0,1,0,0,0,0,0,0
2017,1435,Vanderbilt,0,0,1,0,0,0,0,0,0
2017,1436,Vermont,0,0,1,0,0,0,0,0,0
2017,1437,Villanova,0,0,1,1,0,0,0,0,0
2017,1438,Virginia,0,0,1,1,0,0,0,0,0
2017,1439,Virginia Tech,0,0,1,0,0,0,0,0,0
2017,1448,Wake Forest,1,0,0,0,0,0,0,0,0
2017,1452,West Virginia,0,0,1,1,1,0,0,0,0
2017,1455,Wichita St,0,0,1,1,0,0,0,0,0
2017,1457,Winthrop,0,0,1,0,0,0,0,0,0
2017,1458,Wisconsin,0,0,1,1,1,0,0,0,0
2017,1462,Xavier,0,0,1,1,1,1,0,0,0
2018,1104,Alabama,0,0,1,1,0,0,0,0,0
2018,1112,Arizona,0,0,1,0,0,0,0,0,0
2018,1113,Arizona St,1,0,0,0,0,0,0,0,0
2018,1116,Arkansas,0,0,1,0,0,0,0,0,0
2018,1120,Auburn,0,0,1,1,0,0,0,0,0
2018,1137,Bucknell,0,0,1,0,0,0,0,0,0
2018,1138,Buffalo,0,0,1,1,0,0,0,0,0
2018,1139,Butler,0,0,1,1,0,0,0,0,0
2018,1153,Cincinnati,0,0,1,1,0,0,0,0,0
2018,1155,Clemson,0,0,1,1,1,0,0,0,0
2018,1158,Col Charleston,0,0,1,0,0,0,0,0,0
2018,1166,Creighton,0,0,1,0,0,0,0,0,0
2018,1168,CS Fullerton,0,0,1,0,0,0,0,0,0
2018,1172,Davidson,0,0,1,0,0,0,0,0,0
2018,1181,Duke,0,0,1,1,1,1,0,0,0
2018,1196,Florida,0,0,1,1,0,0,0,0,0
2018,1199,Florida St,0,0,1,1,1,1,0,0,0
2018,1209,Georgia St,0,0,1,0,0,0,0,0,0
2018,1211,Gonzaga,0,0,1,1,1,0,0,0,0
2018,1222,Houston,0,0,1,1,0,0,0,0,0
2018,1233,Iona,0,0,1,0,0,0,0,0,0
2018,1242,Kansas,0,0,1,1,1,1,1,0,0
2018,1243,Kansas St,0,0,1,1,1,1,0,0,0
2018,1246,Kentucky,0,0,1,1,1,0,0,0,0
2018,1252,Lipscomb,0,0,1,0,0,0,0,0,0
2018,1254,LIU Brooklyn,1,0,0,0,0,0,0,0,0
2018,1260,Loyola-Chicago,0,0,1,1,1,1,1,0,0
2018,1267,Marshall,0,0,1,1,0,0,0,0,0
2018,1274,Miami FL,0,0,1,0,0,0,0,0,0
2018,1276,Michigan,0,0,1,1,1,1,1,1,0
2018,1277,Michigan St,0,0,1,1,0,0,0,0,0
2018,1281,Missouri,0,0,1,0,0,0,0,0,0
2018,1285,Montana,0,0,1,0,0,0,0,0,0
2018,1293,Murray St,0,0,1,0,0,0,0,0,0
2018,1300,NC Central,1,0,0,0,0,0,0,0,0
2018,1301,NC State,0,0,1,0,0,0,0,0,0
2018,1305,Nevada,0,0,1,1,1,0,0,0,0
2018,1308,New Mexico St,0,0,1,0,0,0,0,0,0
2018,1314,North Carolina,0,0,1,1,0,0,0,0,0
2018,1326,Ohio St,0,0,1,1,0,0,0,0,0
2018,1328,Oklahoma,0,0,1,0,0,0,0,0,0
2018,1335,Penn,0,0,1,0,0,0,0,0,0
2018,1344,Providence,0,0,1,0,0,0,0,0,0
2018,1345,Purdue,0,0,1,1,1,0,0,0,0
2018,1347,Radford,1,1,1,0,0,0,0,0,0
2018,1348,Rhode Island,0,0,1,1,0,0,0,0,0
2018,1355,S Dakota St,0,0,1,0,0,0,0,0,0
2018,1361,San Diego St,0,0,1,0,0,0,0,0,0
2018,1371,Seton Hall,0,0,1,1,0,0,0,0,0
2018,1372,SF Austin,0,0,1,0,0,0,0,0,0
2018,1382,St Bonaventure,1,1,1,0,0,0,0,0,0
2018,1393,Syracuse,1,1,1,1,1,0,0,0,0
2018,1395,TCU,0,0,1,0,0,0,0,0,0
2018,1397,Tennessee,0,0,1,1,0,0,0,0,0
2018,1400,Texas,0,0,1,0,0,0,0,0,0
2018,1401,Texas A&M,0,0,1,1,1,0,0,0,0
2018,1403,Texas Tech,0,0,1,1,1,1,0,0,0
2018,1411,TX Southern,1,1,1,0,0,0,0,0,0
2018,1417,UCLA,1,0,0,0,0,0,0,0,0
2018,1420,UMBC,0,0,1,1,0,0,0,0,0
2018,1422,UNC Greensboro,0,0,1,0,0,0,0,0,0
2018,1437,Villanova,0,0,1,1,1,1,1,1,1
2018,1438,Virginia,0,0,1,0,0,0,0,0,0
2018,1439,Virginia Tech,0,0,1,0,0,0,0,0,0
2018,1452,West Virginia,0,0,1,1,1,0,0,0,0
2018,1455,Wichita St,0,0,1,0,0,0,0,0,0
2018,1460,Wright St,0,0,1,0,0,0,0,0,0
2018,1462,Xavier,0,0,1,1,0,0,0,0,0
2019,1101,Abilene Chr,0,0,1,0,0,0,0,0,0
2019,1113,Arizona St,1,1,1,0,0,0,0,0,0
2019,1120,Auburn,0,0,1,1,1,1,1,0,0
2019,1124,Baylor,0,0,1,1,0,0,0,0,0
2019,1125,Belmont,1,1,1,0,0,0,0,0,0
2019,1133,Bradley,0,0,1,0,0,0,0,0,0
2019,1138,Buffalo,0,0,1,1,0,0,0,0,0
2019,1153,Cincinnati,0,0,1,0,0,0,0,0,0
2019,1159,Colgate,0,0,1,0,0,0,0,0,0
2019,1181,Duke,0,0,1,1,1,1,0,0,0
2019,1192,F Dickinson,1,1,1,0,0,0,0,0,0
2019,1196,Florida,0,0,1,1,0,0,0,0,0
2019,1199,Florida St,0,0,1,1,1,0,0,0,0
2019,1205,Gardner Webb,0,0,1,0,0,0,0,0,0
2019,1209,Georgia St,0,0,1,0,0,0,0,0,0
2019,1211,Gonzaga,0,0,1,1,1,1,0,0,0
2019,1222,Houston,0,0,1,1,1,0,0,0,0
2019,1233,Iona,0,0,1,0,0,0,0,0,0
2019,1234,Iowa,0,0,1,1,0,0,0,0,0
2019,1235,Iowa St,0,0,1,0,0,0,0,0,0
2019,1242,Kansas,0,0,1,1,0,0,0,0,0
2019,1243,Kansas St,0,0,1,0,0,0,0,0,0
2019,1246,Kentucky,0,0,1,1,1,1,0,0,0
2019,1251,Liberty,0,0,1,1,0,0,0,0,0
2019,1257,Louisville,0,0,1,0,0,0,0,0,0
2019,1261,LSU,0,0,1,1,1,0,0,0,0
2019,1266,Marquette,0,0,1,0,0,0,0,0,0
2019,1268,Maryland,0,0,1,1,0,0,0,0,0
2019,1276,Michigan,0,0,1,1,1,0,0,0,0
2019,1277,Michigan St,0,0,1,1,1,1,1,0,0
2019,1278,Minnesota,0,0,1,1,0,0,0,0,0
2019,1279,Mississippi,0,0,1,0,0,0,0,0,0
2019,1280,Mississippi St,0,0,1,0,0,0,0,0,0
2019,1285,Montana,0,0,1,0,0,0,0,0,0
2019,1293,Murray St,0,0,1,1,0,0,0,0,0
2019,1295,N Dakota St,1,1,1,0,0,0,0,0,0
2019,1297,N Kentucky,0,0,1,0,0,0,0,0,0
2019,1300,NC Central,1,0,0,0,0,0,0,0,0
2019,1305,Nevada,0,0,1,0,0,0,0,0,0
2019,1308,New Mexico St,0,0,1,0,0,0,0,0,0
2019,1314,North Carolina,0,0,1,1,1,0,0,0,0
2019,1318,Northeastern,0,0,1,0,0,0,0,0,0
2019,1326,Ohio St,0,0,1,1,0,0,0,0,0
2019,1328,Oklahoma,0,0,1,1,0,0,0,0,0
2019,1330,Old Dominion,0,0,1,0,0,0,0,0,0
2019,1332,Oregon,0,0,1,1,1,0,0,0,0
2019,1341,Prairie View,1,0,0,0,0,0,0,0,0
2019,1345,Purdue,0,0,1,1,1,1,0,0,0
2019,1371,Seton Hall,0,0,1,0,0,0,0,0,0
2019,1385,St John's,1,0,0,0,0,0,0,0,0
2019,1387,St Louis,0,0,1,0,0,0,0,0,0
2019,1388,St Mary's CA,0,0,1,0,0,0,0,0,0
2019,1393,Syracuse,0,0,1,0,0,0,0,0,0
2019,1396,Temple,1,0,0,0,0,0,0,0,0
2019,1397,Tennessee,0,0,1,1,1,0,0,0,0
2019,1403,Texas Tech,0,0,1,1,1,1,1,1,0
2019,1414,UC Irvine,0,0,1,1,0,0,0,0,0
2019,1416,UCF,0,0,1,1,0,0,0,0,0
2019,1429,Utah St,0,0,1,0,0,0,0,0,0
2019,1433,VCU,0,0,1,0,0,0,0,0,0
2019,1436,Vermont,0,0,1,0,0,0,0,0,0
2019,1437,Villanova,0,0,1,1,0,0,0,0,0
2019,1438,Virginia,0,0,1,1,1,1,1,1,1
2019,1439,Virginia Tech,0,0,1,1,1,0,0,0,0
2019,1449,Washington,0,0,1,1,0,0,0,0,0
2019,1458,Wisconsin,0,0,1,0,0,0,0,0,0
2019,1459,Wofford,0,0,1,1,0,0,0,0,0
2019,1463,Yale,0,0,1,0,0,0,0,0,0
2021,1101,Abilene Chr,0,0,1,1,0,0,0,0,0
2021,1104,Alabama,0,0,1,1,1,0,0,0,0
2021,1111,Appalachian St,1,0,0,0,0,0,0,0,0
2021,1116,Arkansas,0,0,1,1,1,1,0,0,0
2021,1124,Baylor,0,0,1,1,1,1,1,1,1
2021,1140,BYU,0,0,1,0,0,0,0,0,0
2021,1155,Clemson,0,0,1,0,0,0,0,0,0
2021,1156,Cleveland St,0,0,1,0,0,0,0,0,0
2021,1159,Colgate,0,0,1,0,0,0,0,0,0
2021,1160,Colorado,0,0,1,1,0,0,0,0,0
2021,1163,Connecticut,0,0,1,0,0,0,0,0,0
2021,1166,Creighton,0,0,1,1,1,0,0,0,0
2021,1179,Drake,1,1,1,0,0,0,0,0,0
2021,1180,Drexel,0,0,1,0,0,0,0,0,0
2021,1186,E Washington,0,0,1,0,0,0,0,0,0
2021,1196,Florida,0,0,1,1,0,0,0,0,0
2021,1199,Florida St,0,0,1,1,1,0,0,0,0
2021,1207,Georgetown,0,0,1,0,0,0,0,0,0
2021,1210,Georgia Tech,0,0,1,0,0,0,0,0,0
2021,1211,Gonzaga,0,0,1,1,1,1,1,1,0
2021,1213,Grand Canyon,0,0,1,0,0,0,0,0,0
2021,1216,Hartford,0,0,1,0,0,0,0,0,0
2021,1222,Houston,0,0,1,1,1,1,1,0,0
2021,1228,Illinois,0,0,1,1,0,0,0,0,0
2021,1233,Iona,0,0,1,0,0,0,0,0,0
2021,1234,Iowa,0,0,1,1,0,0,0,0,0
2021,1242,Kansas,0,0,1,1,0,0,0,0,0
2021,1251,Liberty,0,0,1,0,0,0,0,0,0
2021,1260,Loyola-Chicago,0,0,1,1,1,0,0,0,0
2021,1261,LSU,0,0,1,1,0,0,0,0,0
2021,1268,Maryland,0,0,1,1,0,0,0,0,0
2021,1276,Michigan,0,0,1,1,1,1,0,0,0
2021,1277,Michigan St,1,0,0,0,0,0,0,0,0
2021,1281,Missouri,0,0,1,0,0,0,0,0,0
2021,1287,Morehead St,0,0,1,0,0,0,0,0,0
2021,1291,Mt St Mary's,1,0,0,0,0,0,0,0,0
2021,1313,Norfolk St,1,1,1,0,0,0,0,0,0
2021,1314,North Carolina,0,0,1,0,0,0,0,0,0
2021,1317,North Texas,0,0,1,1,0,0,0,0,0
2021,1325,Ohio,0,0,1,1,0,0,0,0,0
2021,1326,Ohio St,0,0,1,0,0,0,0,0,0
2021,1328,Oklahoma,0,0,1,1,0,0,0,0,0
2021,1329,Oklahoma St,0,0,1,1,0,0,0,0,0
2021,1331,Oral Roberts,0,0,1,1,1,0,0,0,0
2021,1332,Oregon,0,0,1,1,0,0,0,0,0
2021,1333,Oregon St,0,0,1,1,1,1,0,0,0
2021,1345,Purdue,0,0,1,0,0,0,0,0,0
2021,1353,Rutgers,0,0,1,1,0,0,0,0,0
2021,1361,San Diego St,0,0,1,0,0,0,0,0,0
2021,1364,UC Santa Barbara,0,0,1,0,0,0,0,0,0
2021,1382,St Bonaventure,0,0,1,0,0,0,0,0,0
2021,1393,Syracuse,0,0,1,1,1,0,0,0,0
2021,1397,Tennessee,0,0,1,0,0,0,0,0,0
2021,1400,Texas,0,0,1,0,0,0,0,0,0
2021,1403,Texas Tech,0,0,1,1,0,0,0,0,0
2021,1411,TX Southern,1,1,1,0,0,0,0,0,0
2021,1417,UCLA,1,1,1,1,1,1,1,0,0
2021,1422,UNC Greensboro,0,0,1,0,0,0,0,0,0
2021,1425,USC,0,0,1,1,1,1,0,0,0
2021,1429,Utah St,0,0,1,0,0,0,0,0,0
2021,1433,VCU,0,0,1,0,0,0,0,0,0
2021,1437,Villanova,0,0,1,1,1,0,0,0,0
2021,1438,Virginia,0,0,1,0,0,0,0,0,0
2021,1439,Virginia Tech,0,0,1,0,0,0,0,0,0
2021,1452,West Virginia,0,0,1,1,0,0,0,0,0
2021,1455,Wichita St,1,0,0,0,0,0,0,0,0
2021,1457,Winthrop,0,0,1,0,0,0,0,0,0
2021,1458,Wisconsin,0,0,1,1,0,0,0,0,0
2022,1103,Akron,0,0,1,0,0,0,0,0,0
2022,1104,Alabama,0,0,1,0,0,0,0,0,0
2022,1112,Arizona,0,0,1,1,1,0,0,0,0
2022,1116,Arkansas,0,0,1,1,1,1,0,0,0
2022,1120,Auburn,0,0,1,1,0,0,0,0,0
2022,1124,Baylor,0,0,1,1,0,0,0,0,0
2022,1129,Boise St,0,0,1,0,0,0,0,0,0
2022,1136,Bryant,1,0,0,0,0,0,0,0,0
2022,1151,Chattanooga,0,0,1,0,0,0,0,0,0
2022,1159,Colgate,0,0,1,0,0,0,0,0,0
2022,1161,Colorado St,0,0,1,0,0,0,0,0,0
2022,1163,Connecticut,0,0,1,0,0,0,0,0,0
2022,1166,Creighton,0,0,1,1,0,0,0,0,0
2022,1168,CS Fullerton,0,0,1,0,0,0,0,0,0
2022,1172,Davidson,0,0,1,0,0,0,0,0,0
2022,1174,Delaware,0,0,1,0,0,0,0,0,0
2022,1181,Duke,0,0,1,1,1,1,1,0,0
2022,1209,Georgia St,0,0,1,0,0,0,0,0,0
2022,1211,Gonzaga,0,0,1,1,1,0,0,0,0
2022,1222,Houston,0,0,1,1,1,1,0,0,0
2022,1228,Illinois,0,0,1,1,0,0,0,0,0
2022,1231,Indiana,1,1,1,0,0,0,0,0,0
2022,1234,Iowa,0,0,1,0,0,0,0,0,0
2022,1235,Iowa St,0,0,1,1,1,0,0,0,0
2022,1240,Jacksonville St,0,0,1,0,0,0,0,0,0
2022,1242,Kansas,0,0,1,1,1,1,1,1,1
2022,1246,Kentucky,0,0,1,0,0,0,0,0,0
2022,1255,Longwood,0,0,1,0,0,0,0,0,0
2022,1260,Loyola-Chicago,0,0,1,0,0,0,0,0,0
2022,1261,LSU,0,0,1,0,0,0,0,0,0
2022,1266,Marquette,0,0,1,0,0,0,0,0,0
2022,1272,Memphis,0,0,1,1,0,0,0,0,0
2022,1274,Miami FL,0,0,1,1,1,1,0,0,0
2022,1276,Michigan,0,0,1,1,1,0,0,0,0
2022,1277,Michigan St,0,0,1,1,0,0,0,0,0
2022,1286,Montana St,0,0,1,0,0,0,0,0,0
2022,1293,Murray St,0,0,1,1,0,0,0,0,0
2022,1308,New Mexico St,0,0,1,1,0,0,0,0,0
2022,1313,Norfolk St,0,0,1,0,0,0,0,0,0
2022,1314,North Carolina,0,0,1,1,1,1,1,1,0
2022,1323,Notre Dame,1,1,1,1,0,0,0,0,0
2022,1326,Ohio St,0,0,1,1,0,0,0,0,0
2022,1344,Providence,0,0,1,1,1,0,0,0,0
2022,1345,Purdue,0,0,1,1,1,0,0,0,0
2022,1350,Richmond,0,0,1,1,0,0,0,0,0
2022,1353,Rutgers,1,0,0,0,0,0,0,0,0
2022,1355,S Dakota St,0,0,1,0,0,0,0,0,0
2022,1361,San Diego St,0,0,1,0,0,0,0,0,0
2022,1362,San Francisco,0,0,1,0,0,0,0,0,0
2022,1371,Seton Hall,0,0,1,0,0,0,0,0,0
2022,1388,St Mary's CA,0,0,1,1,0,0,0,0,0
2022,1389,St Peter's,0,0,1,1,1,1,0,0,0
2022,1394,TAM C. Christi,1,0,0,0,0,0,0,0,0
2022,1395,TCU,0,0,1,1,0,0,0,0,0
2022,1397,Tennessee,0,0,1,1,0,0,0,0,0
2022,1400,Texas,0,0,1,1,0,0,0,0,0
2022,1403,Texas Tech,0,0,1,1,1,0,0,0,0
2022,1411,TX Southern,1,1,1,0,0,0,0,0,0
2022,1412,UAB,0,0,1,0,0,0,0,0,0
2022,1417,UCLA,0,0,1,1,1,0,0,0,0
2022,1425,USC,0,0,1,0,0,0,0,0,0
2022,1436,Vermont,0,0,1,0,0,0,0,0,0
2022,1437,Villanova,0,0,1,1,1,1,1,0,0
2022,1439,Virginia Tech,0,0,1,0,0,0,0,0,0
2022,1458,Wisconsin,0,0,1,1,0,0,0,0,0
2022,1460,Wright St,1,1,1,0,0,0,0,0,0
2022,1461,Wyoming,1,0,0,0,0,0,0,0,0
2022,1463,Yale,0,0,1,0,0,0,0,0,0
2023,1104,Alabama,0,0,1,1,1,0,0,0,0
2023,1112,Arizona,0,0,1,0,0,0,0,0,0
2023,1113,Arizona St,1,1,1,0,0,0,0,0,0
2023,1116,Arkansas,0,0,1,1,1,0,0,0,0
2023,1120,Auburn,0,0,1,1,0,0,0,0,0
2023,1124,Baylor,0,0,1,1,0,0,0,0,0
2023,1129,Boise St,0,0,1,0,0,0,0,0,0
2023,1158,Col Charleston,0,0,1,0,0,0,0,0,0
2023,1159,Colgate,0,0,1,0,0,0,0,0,0
2023,1163,Connecticut,0,0,1,1,1,1,1,1,1
2023,1166,Creighton,0,0,1,1,1,1,0,0,0
2023,1179,Drake,0,0,1,0,0,0,0,0,0
2023,1181,Duke,0,0,1,1,0,0,0,0,0
2023,1192,F Dickinson,1,1,1,1,0,0,0,0,0
2023,1194,FL Atlantic,0,0,1,1,1,1,1,0,0
2023,1202,Furman,0,0,1,1,0,0,0,0,0
2023,1211,Gonzaga,0,0,1,1,1,1,0,0,0
2023,1213,Grand Canyon,0,0,1,0,0,0,0,0,0
2023,1222,Houston,0,0,1,1,1,0,0,0,0
2023,1224,Howard,0,0,1,0,0,0,0,0,0
2023,1228,Illinois,0,0,1,0,0,0,0,0,0
2023,1231,Indiana,0,0,1,1,0,0,0,0,0
2023,1233,Iona,0,0,1,0,0,0,0,0,0
2023,1234,Iowa,0,0,1,0,0,0,0,0,0
2023,1235,Iowa St,0,0,1,0,0,0,0,0,0
2023,1242,Kansas,0,0,1,1,0,0,0,0,0
2023,1243,Kansas St,0,0,1,1,1,1,0,0,0
2023,1244,Kennesaw,0,0,1,0,0,0,0,0,0
2023,1245,Kent,0,0,1,0,0,0,0,0,0
2023,1246,Kentucky,0,0,1,1,0,0,0,0,0
2023,1266,Marquette,0,0,1,1,0,0,0,0,0
2023,1268,Maryland,0,0,1,1,0,0,0,0,0
2023,1272,Memphis,0,0,1,0,0,0,0,0,0
2023,1274,Miami FL,0,0,1,1,1,1,1,0,0
2023,1277,Michigan St,0,0,1,1,1,0,0,0,0
2023,1280,Mississippi St,1,0,0,0,0,0,0,0,0
2023,1281,Missouri,0,0,1,1,0,0,0,0,0
2023,1286,Montana St,0,0,1,0,0,0,0,0,0
2023,1297,N Kentucky,0,0,1,0,0,0,0,0,0
2023,1301,NC State,0,0,1,0,0,0,0,0,0
2023,1305,Nevada,1,0,0,0,0,0,0,0,0
2023,1321,Northwestern,0,0,1,1,0,0,0,0,0
2023,1331,Oral Roberts,0,0,1,0,0,0,0,0,0
2023,1336,Penn St,0,0,1,1,0,0,0,0,0
2023,1338,Pittsburgh,1,1,1,1,0,0,0,0,0
2023,1343,Princeton,0,0,1,1,1,0,0,0,0
2023,1344,Providence,0,0,1,0,0,0,0,0,0
2023,1345,Purdue,0,0,1,0,0,0,0,0,0
2023,1361,San Diego St,0,0,1,1,1,1,1,1,0
2023,1364,UC Santa Barbara,0,0,1,0,0,0,0,0,0
2023,1369,SE Missouri St,1,0,0,0,0,0,0,0,0
2023,1388,St Mary's CA,0,0,1,1,0,0,0,0,0
2023,1394,TAM C. Christi,1,1,1,0,0,0,0,0,0
2023,1395,TCU,0,0,1,1,0,0,0,0,0
2023,1397,Tennessee,0,0,1,1,1,0,0,0,0
2023,1400,Texas,0,0,1,1,1,1,0,0,0
2023,1401,Texas A&M,0,0,1,0,0,0,0,0,0
2023,1411,TX Southern,1,0,0,0,0,0,0,0,0
2023,1417,UCLA,0,0,1,1,1,0,0,0,0
2023,1418,Louisiana,0,0,1,0,0,0,0,0,0
2023,1421,UNC Asheville,0,0,1,0,0,0,0,0,0
2023,1425,USC,0,0,1,0,0,0,0,0,0
2023,1429,Utah St,0,0,1,0,0,0,0,0,0
2023,1433,VCU,0,0,1,0,0,0,0,0,0
2023,1436,Vermont,0,0,1,0,0,0,0,0,0
2023,1438,Virginia,0,0,1,0,0,0,0,0,0
2023,1452,West Virginia,0,0,1,0,0,0,0,0,0
2023,1462,Xavier,0,0,1,1,1,0,0,0,0
2024,1103,Akron,0,0,1,0,0,0,0,0,0
2024,1104,Alabama,0,0,1,1,1,1,1,0,0
2024,1112,Arizona,0,0,1,1,1,0,0,0,0
2024,1120,Auburn,0,0,1,0,0,0,0,0,0
2024,1124,Baylor,0,0,1,1,0,0,0,0,0
2024,1129,Boise St,1,0,0,0,0,0,0,0,0
2024,1140,BYU,0,0,1,0,0,0,0,0,0
2024,1155,Clemson,0,0,1,1,1,1,0,0,0
2024,1158,Col Charleston,0,0,1,0,0,0,0,0,0
2024,1159,Colgate,0,0,1,0,0,0,0,0,0
2024,1160,Colorado,1,1,1,1,0,0,0,0,0
2024,1161,Colorado St,1,1,1,0,0,0,0,0,0
2024,1163,Connecticut,0,0,1,1,1,1,1,1,1
2024,1166,Creighton,0,0,1,1,1,0,0,0,0
2024,1173,Dayton,0,0,1,1,0,0,0,0,0
2024,1179,Drake,0,0,1,0,0,0,0,0,0
2024,1181,Duke,0,0,1,1,1,1,0,0,0
2024,1182,Duquesne,0,0,1,1,0,0,0,0,0
2024,1194,FL Atlantic,0,0,1,0,0,0,0,0,0
2024,1196,Florida,0,0,1,0,0,0,0,0,0
2024,1211,Gonzaga,0,0,1,1,1,0,0,0,0
2024,1212,Grambling,1,1,1,0,0,0,0,0,0
2024,1213,Grand Canyon,0,0,1,1,0,0,0,0,0
2024,1222,Houston,0,0,1,1,1,0,0,0,0
2024,1224,Howard,1,0,0,0,0,0,0,0,0
2024,1228,Illinois,0,0,1,1,1,1,0,0,0
2024,1235,Iowa St,0,0,1,1,1,0,0,0,0
2024,1241,James Madison,0,0,1,1,0,0,0,0,0
2024,1242,Kansas,0,0,1,1,0,0,0,0,0
2024,1246,Kentucky,0,0,1,0,0,0,0,0,0
2024,1253,Long Beach St,0,0,1,0,0,0,0,0,0
2024,1255,Longwood,0,0,1,0,0,0,0,0,0
2024,1266,Marquette,0,0,1,1,1,0,0,0,0
2024,1270,McNeese St,0,0,1,0,0,0,0,0,0
2024,1277,Michigan St,0,0,1,1,0,0,0,0,0
2024,1280,Mississippi St,0,0,1,0,0,0,0,0,0
2024,1286,Montana St,1,0,0,0,0,0,0,0,0
2024,1287,Morehead St,0,0,1,0,0,0,0,0,0
2024,1301,NC State,0,0,1,1,1,1,1,0,0
2024,1304,Nebraska,0,0,1,0,0,0,0,0,0
2024,1305,Nevada,0,0,1,0,0,0,0,0,0
2024,1307,New Mexico,0,0,1,0,0,0,0,0,0
2024,1314,North Carolina,0,0,1,1,1,0,0,0,0
2024,1321,Northwestern,0,0,1,1,0,0,0,0,0
2024,1324,Oakland,0,0,1,1,0,0,0,0,0
2024,1332,Oregon,0,0,1,1,0,0,0,0,0
2024,1345,Purdue,0,0,1,1,1,1,1,1,0
2024,1355,S Dakota St,0,0,1,0,0,0,0,0,0
2024,1359,Samford,0,0,1,0,0,0,0,0,0
2024,1361,San Diego St,0,0,1,1,1,0,0,0,0
2024,1376,South Carolina,0,0,1,0,0,0,0,0,0
2024,1388,St Mary's CA,0,0,1,0,0,0,0,0,0
2024,1389,St Peter's,0,0,1,0,0,0,0,0,0
2024,1391,Stetson,0,0,1,0,0,0,0,0,0
2024,1395,TCU,0,0,1,0,0,0,0,0,0
2024,1397,Tennessee,0,0,1,1,1,1,0,0,0
2024,1400,Texas,0,0,1,1,0,0,0,0,0
2024,1401,Texas A&M,0,0,1,1,0,0,0,0,0
2024,1403,Texas Tech,0,0,1,0,0,0,0,0,0
2024,1412,UAB,0,0,1,0,0,0,0,0,0
2024,1429,Utah St,0,0,1,1,0,0,0,0,0
2024,1436,Vermont,0,0,1,0,0,0,0,0,0
2024,1438,Virginia,1,0,0,0,0,0,0,0,0
2024,1443,WKU,0,0,1,0,0,0,0,0,0
2024,1447,Wagner,1,1,1,0,0,0,0,0,0
2024,1450,Washington St,0,0,1,1,0,0,0,0,0
2024,1458,Wisconsin,0,0,1,0,0,0,0,0,0
2024,1463,Yale,0,0,1,1,0,0,0,0,0
2025,1103,Akron,0,0,1,0,0,0,0,0,0
2025,1104,Alabama,0,0,1,1,1,1,0,0,0
2025,1106,Alabama St,1,1,1,0,0,0,0,0,0
2025,1110,American Univ,1,0,0,0,0,0,0,0,0
2025,1112,Arizona,0,0,1,1,1,0,0,0,0
2025,1116,Arkansas,0,0,1,1,1,0,0,0,0
2025,1120,Auburn,0,0,1,1,1,1,1,0,0
2025,1124,Baylor,0,0,1,1,0,0,0,0,0
2025,1136,Bryant,0,0,1,0,0,0,0,0,0
2025,1140,BYU,0,0,1,1,1,0,0,0,0
2025,1155,Clemson,0,0,1,0,0,0,0,0,0
2025,1161,Colorado St,0,0,1,1,0,0,0,0,0
2025,1163,Connecticut,0,0,1,1,0,0,0,0,0
2025,1166,Creighton,0,0,1,1,0,0,0,0,0
2025,1179,Drake,0,0,1,1,0,0,0,0,0
2025,1181,Duke,0,0,1,1,1,1,1,0,0
2025,1188,SIUE,0,0,1,0,0,0,0,0,0
2025,1196,Florida,0,0,1,1,1,1,1,1,1
2025,1208,Georgia,0,0,1,0,0,0,0,0,0
2025,1211,Gonzaga,0,0,1,1,0,0,0,0,0
2025,1213,Grand Canyon,0,0,1,0,0,0,0,0,0
2025,1219,High Point,0,0,1,0,0,0,0,0,0
2025,1222,Houston,0,0,1,1,1,1,1,1,0
2025,1228,Illinois,0,0,1,1,0,0,0,0,0
2025,1235,Iowa St,0,0,1,1,0,0,0,0,0
2025,1242,Kansas,0,0,1,0,0,0,0,0,0
2025,1246,Kentucky,0,0,1,1,1,0,0,0,0
2025,1251,Liberty,0,0,1,0,0,0,0,0,0
2025,1252,Lipscomb,0,0,1,0,0,0,0,0,0
2025,1257,Louisville,0,0,1,0,0,0,0,0,0
2025,1266,Marquette,0,0,1,0,0,0,0,0,0
2025,1268,Maryland,0,0,1,1,1,0,0,0,0
2025,1270,McNeese St,0,0,1,1,0,0,0,0,0
2025,1272,Memphis,0,0,1,0,0,0,0,0,0
2025,1276,Michigan,0,0,1,1,1,0,0,0,0
2025,1277,Michigan St,0,0,1,1,1,1,0,0,0
2025,1279,Mississippi,0,0,1,1,1,0,0,0,0
2025,1280,Mississippi St,0,0,1,0,0,0,0,0,0
2025,1281,Missouri,0,0,1,0,0,0,0,0,0
2025,1285,Montana,0,0,1,0,0,0,0,0,0
2025,1291,Mt St Mary's,1,1,1,0,0,0,0,0,0
2025,1303,NE Omaha,0,0,1,0,0,0,0,0,0
2025,1307,New Mexico,0,0,1,1,0,0,0,0,0
2025,1313,Norfolk St,0,0,1,0,0,0,0,0,0
2025,1314,North Carolina,1,1,1,0,0,0,0,0,0
2025,1328,Oklahoma,0,0,1,0,0,0,0,0,0
2025,1332,Oregon,0,0,1,1,0,0,0,0,0
2025,1345,Purdue,0,0,1,1,1,0,0,0,0
2025,1352,Robert Morris,0,0,1,0,0,0,0,0,0
2025,1361,San Diego St,1,0,0,0,0,0,0,0,0
2025,1384,St Francis PA,1,0,0,0,0,0,0,0,0
2025,1385,St John's,0,0,1,1,0,0,0,0,0
2025,1388,St Mary's CA,0,0,1,1,0,0,0,0,0
2025,1397,Tennessee,0,0,1,1,1,1,0,0,0
2025,1400,Texas,1,0,0,0,0,0,0,0,0
2025,1401,Texas A&M,0,0,1,1,0,0,0,0,0
2025,1403,Texas Tech,0,0,1,1,1,1,0,0,0
2025,1407,Troy,0,0,1,0,0,0,0,0,0
2025,1417,UCLA,0,0,1,1,0,0,0,0,0
2025,1423,UNC Wilmington,0,0,1,0,0,0,0,0,0
2025,1429,Utah St,0,0,1,0,0,0,0,0,0
2025,1433,VCU,0,0,1,0,0,0,0,0,0
2025,1435,Vanderbilt,0,0,1,0,0,0,0,0,0
2025,1458,Wisconsin,0,0,1,1,0,0,0,0,0
2025,1459,Wofford,0,0,1,0,0,0,0,0,0
2025,1462,Xavier,1,1,1,0,0,0,0,0,0
2025,1463,Yale,0,0,1,0,0,0,0,0,0
2025,1471,UC San Diego,0,0,1,0,0,0,0,0,0
