season,team_id,team_name,seed,seed_region,conference,reg_season_wins,reg_season_losses,reg_season_win_pct,reached_playin,won_playin,reached_r64,reached_r32,reached_s16,reached_e8,reached_f4,reached_f2,won_championship,payout_pct
1985,1207,Georgetown,1,W,big_east,25,2,0.9259,0,0,1,1,1,1,1,1,0,0.1075
1985,1276,Michigan,1,Z,big_ten,25,3,0.8929,0,0,1,1,0,0,0,0,0,0.0
1985,1328,Oklahoma,1,Y,big_eight,25,5,0.8333,0,0,1,1,1,1,0,0,0,0.035
1985,1385,St John's,1,X,big_east,27,3,0.9,0,0,1,1,1,1,1,0,0,0.0625
1985,1210,Georgia Tech,2,W,acc,24,7,0.7742,0,0,1,1,1,1,0,0,0,0.035
1985,1272,Memphis,2,Y,metro,26,3,0.8966,0,0,1,1,1,1,1,0,0,0.0625
1985,1314,North Carolina,2,Z,acc,23,8,0.7419,0,0,1,1,1,1,0,0,0,0.035
1985,1433,VCU,2,X,sun_belt,25,5,0.8333,0,0,1,1,0,0,0,0,0,0.0
1985,1181,Duke,3,Y,acc,22,7,0.7586,0,0,1,1,0,0,0,0,0,0.0
1985,1228,Illinois,3,W,big_ten,23,8,0.7419,0,0,1,1,1,0,0,0,0,0.015
1985,1242,Kansas,3,Z,big_eight,23,7,0.7667,0,0,1,1,0,0,0,0,0,0.0
1985,1301,NC State,3,X,acc,20,9,0.6897,0,0,1,1,1,1,0,0,0,0.035
1985,1260,Loyola-Chicago,4,W,mw_city,25,5,0.8333,0,0,1,1,1,0,0,0,0,0.025741
1985,1261,LSU,4,Z,sec,19,9,0.6786,0,0,1,0,0,0,0,0,0,0.0
1985,1326,Ohio St,4,Y,big_ten,19,9,0.6786,0,0,1,1,0,0,0,0,0,0.010741
1985,1424,UNLV,4,X,pcaa,27,3,0.9,0,0,1,1,0,0,0,0,0,0.010741
1985,1256,Louisiana Tech,5,Y,southland,26,2,0.9286,0,0,1,1,1,0,0,0,0,0.025741
1985,1268,Maryland,5,Z,acc,22,11,0.6667,0,0,1,1,1,0,0,0,0,0.025741
1985,1374,SMU,5,W,swc,22,8,0.7333,0,0,1,1,0,0,0,0,0,0.010741
1985,1449,Washington,5,X,pac_ten,22,9,0.7097,0,0,1,0,0,0,0,0,0,0.0
1985,1208,Georgia,6,W,sec,19,8,0.7037,0,0,1,1,0,0,0,0,0,0.010741
1985,1345,Purdue,6,Z,big_ten,17,8,0.68,0,0,1,0,0,0,0,0,0,0.0
1985,1403,Texas Tech,6,Y,swc,22,7,0.7586,0,0,1,0,0,0,0,0,0,0.0
1985,1409,Tulsa,6,X,mvc,22,7,0.7586,0,0,1,0,0,0,0,0,0,0.0
1985,1104,Alabama,7,X,sec,21,9,0.7,0,0,1,1,1,0,0,0,0,0.025741
1985,1323,Notre Dame,7,Z,ind,20,8,0.7143,0,0,1,1,0,0,0,0,0,0.010741
1985,1393,Syracuse,7,W,big_east,21,8,0.7241,0,0,1,1,0,0,0,0,0,0.010741
1985,1412,UAB,7,Y,sun_belt,22,8,0.7333,0,0,1,1,0,0,0,0,0,0.010741
1985,1234,Iowa,8,X,big_ten,20,10,0.6667,0,0,1,0,0,0,0,0,0,0.0
1985,1396,Temple,8,W,a_ten,24,5,0.8276,0,0,1,1,0,0,0,0,0,0.010741
1985,1425,USC,8,Y,pac_ten,19,9,0.6786,0,0,1,0,0,0,0,0,0,0.0
1985,1437,Villanova,8,Z,big_east,19,10,0.6552,0,0,1,1,1,1,1,1,1,0.188241
1985,1116,Arkansas,9,X,swc,21,12,0.6364,0,0,1,1,0,0,0,0,0,0.010741
1985,1173,Dayton,9,Z,ind,19,9,0.6786,0,0,1,0,0,0,0,0,0,0.0
1985,1229,Illinois St,9,Y,mvc,20,7,0.7407,0,0,1,1,0,0,0,0,0,0.010741
1985,1439,Virginia Tech,9,W,metro,19,8,0.7037,0,0,1,0,0,0,0,0,0,0.0
1985,1112,Arizona,10,X,pac_ten,18,9,0.6667,0,0,1,0,0,0,0,0,0,0.0
1985,1177,DePaul,10,W,ind,18,9,0.6667,0,0,1,0,0,0,0,0,0,0.0
1985,1277,Michigan St,10,Y,big_ten,19,9,0.6786,0,0,1,0,0,0,0,0,0,0.0
1985,1333,Oregon St,10,Z,pac_ten,21,8,0.7241,0,0,1,0,0,0,0,0,0,0.0
1985,1120,Auburn,11,Z,sec,18,11,0.6207,0,0,1,1,1,0,0,0,0,0.025741
1985,1130,Boston College,11,Y,big_east,16,10,0.6154,0,0,1,1,1,0,0,0,0,0.025741
1985,1431,UTEP,11,X,wac,20,9,0.6897,0,0,1,1,0,0,0,0,0,0.010741
1985,1455,Wichita St,11,W,mvc,17,12,0.5862,0,0,1,0,0,0,0,0,0,0.0
1985,1246,Kentucky,12,X,sec,16,12,0.5714,0,0,1,1,1,0,0,0,0,0.025741
1985,1275,Miami OH,12,Z,mac,18,10,0.6429,0,0,1,0,0,0,0,0,0,0.0
1985,1330,Old Dominion,12,W,sun_belt,18,11,0.6207,0,0,1,0,0,0,0,0,0,0.0
1985,1338,Pittsburgh,12,Y,big_east,15,11,0.5769,0,0,1,0,0,0,0,0,0,0.0
1985,1233,Iona,13,W,maac,25,4,0.8621,0,0,1,0,0,0,0,0,0,0.00537
1985,1235,Iowa St,13,Y,big_eight,17,12,0.5862,0,0,1,0,0,0,0,0,0,0.00537
1985,1298,Navy,13,Z,ecacs,23,5,0.8214,0,0,1,1,0,0,0,0,0,0.00537
1985,1361,San Diego St,13,X,wac,23,7,0.7667,0,0,1,0,0,0,0,0,0,0.00537
1985,1305,Nevada,14,X,big_sky,19,9,0.6786,0,0,1,0,0,0,0,0,0,0.00537
1985,1318,Northeastern,14,W,ecacn,20,8,0.7143,0,0,1,0,0,0,0,0,0,0.00537
1985,1325,Ohio,14,Z,mac,20,7,0.7407,0,0,1,0,0,0,0,0,0,0.00537
1985,1337,Pepperdine,14,Y,wcc,20,7,0.7407,0,0,1,0,0,0,0,0,0,0.00537
1985,1267,Marshall,15,X,southern,19,12,0.6129,0,0,1,0,0,0,0,0,0,0.00537
1985,1273,Mercer,15,W,a_sun,20,8,0.7143,0,0,1,0,0,0,0,0,0,0.00537
1985,1292,MTSU,15,Z,ovc,13,13,0.5,0,0,1,0,0,0,0,0,0,0.00537
1985,1335,Penn,15,Y,ivy,13,13,0.5,0,0,1,0,0,0,0,0,0,0.00537
1985,1192,F Dickinson,16,Z,ecacm,19,9,0.6786,0,0,1,0,0,0,0,0,0,0.00537
1985,1250,Lehigh,16,W,ecc,11,18,0.3793,0,0,1,0,0,0,0,0,0,0.00537
1985,1299,NC A&T,16,Y,meac,16,8,0.6667,0,0,1,0,0,0,0,0,0,0.00537
1985,1380,Southern Univ,16,X,swac,18,10,0.6429,0,0,1,0,0,0,0,0,0,0.00537
1986,1181,Duke,1,W,acc,32,2,0.9412,0,0,1,1,1,1,1,1,0,0.1075
1986,1242,Kansas,1,X,big_eight,30,3,0.9091,0,0,1,1,1,1,1,0,0,0.0625
1986,1246,Kentucky,1,Y,sec,28,3,0.9032,0,0,1,1,1,1,0,0,0,0.035
1986,1385,St John's,1,Z,big_east,30,4,0.8824,0,0,1,1,0,0,0,0,0,0.0
1986,1210,Georgia Tech,2,Y,acc,24,6,0.8,0,0,1,1,1,0,0,0,0,0.015
1986,1257,Louisville,2,Z,metro,26,7,0.7879,0,0,1,1,1,1,1,1,1,0.1775
1986,1276,Michigan,2,X,big_ten,25,4,0.8621,0,0,1,1,0,0,0,0,0,0.0
1986,1393,Syracuse,2,W,big_east,24,5,0.8276,0,0,1,1,0,0,0,0,0,0.0
1986,1231,Indiana,3,W,big_ten,21,7,0.75,0,0,1,0,0,0,0,0,0,0.0
1986,1272,Memphis,3,Y,metro,26,5,0.8387,0,0,1,1,0,0,0,0,0,0.0
1986,1314,North Carolina,3,Z,acc,26,5,0.8387,0,0,1,1,1,0,0,0,0,0.015
1986,1323,Notre Dame,3,X,ind,22,5,0.8148,0,0,1,0,0,0,0,0,0,0.0
1986,1207,Georgetown,4,X,big_east,20,7,0.7407,0,0,1,1,0,0,0,0,0,0.010357
1986,1228,Illinois,4,Y,big_ten,20,9,0.6897,0,0,1,1,0,0,0,0,0,0.010357
1986,1328,Oklahoma,4,W,big_eight,22,8,0.7333,0,0,1,1,0,0,0,0,0,0.010357
1986,1424,UNLV,4,Z,pcaa,31,4,0.8857,0,0,1,1,1,0,0,0,0,0.025357
1986,1104,Alabama,5,Y,sec,22,8,0.7333,0,0,1,1,1,0,0,0,0,0.025357
1986,1268,Maryland,5,Z,acc,16,13,0.5517,0,0,1,1,0,0,0,0,0,0.010357
1986,1277,Michigan St,5,X,big_ten,21,7,0.75,0,0,1,1,1,0,0,0,0,0.025357
1986,1438,Virginia,5,W,acc,19,10,0.6552,0,0,1,0,0,0,0,0,0,0.0
1986,1301,NC State,6,X,acc,16,12,0.5714,0,0,1,1,1,1,0,0,0,0.045357
1986,1345,Purdue,6,Y,big_ten,20,9,0.6897,0,0,1,0,0,0,0,0,0,0.0
1986,1386,St Joseph's PA,6,W,a_ten,25,5,0.8333,0,0,1,1,0,0,0,0,0,0.010357
1986,1412,UAB,6,Z,sun_belt,22,10,0.6875,0,0,1,1,0,0,0,0,0,0.010357
1986,1133,Bradley,7,Z,mvc,30,2,0.9375,0,0,1,1,0,0,0,0,0,0.010357
1986,1235,Iowa St,7,X,big_eight,17,10,0.6296,0,0,1,1,1,0,0,0,0,0.025357
1986,1298,Navy,7,W,caa,25,4,0.8621,0,0,1,1,1,1,0,0,0,0.045357
1986,1439,Virginia Tech,7,Y,metro,21,8,0.7241,0,0,1,0,0,0,0,0,0,0.0
1986,1120,Auburn,8,Z,sec,17,10,0.6296,0,0,1,1,1,1,0,0,0,0.045357
1986,1239,Jacksonville,8,X,sun_belt,19,9,0.6786,0,0,1,0,0,0,0,0,0,0.0
1986,1330,Old Dominion,8,W,sun_belt,20,7,0.7407,0,0,1,1,0,0,0,0,0,0.010357
1986,1443,WKU,8,Y,sun_belt,20,7,0.7407,0,0,1,1,0,0,0,0,0,0.010357
1986,1112,Arizona,9,Z,pac_ten,21,8,0.7241,0,0,1,0,0,0,0,0,0,0.0
1986,1304,Nebraska,9,Y,big_eight,17,10,0.6296,0,0,1,0,0,0,0,0,0,0.0
1986,1396,Temple,9,X,a_ten,24,5,0.8276,0,0,1,1,0,0,0,0,0,0.010357
1986,1452,West Virginia,9,W,a_ten,21,10,0.6774,0,0,1,0,0,0,0,0,0,0.0
1986,1275,Miami OH,10,X,mac,22,6,0.7857,0,0,1,0,0,0,0,0,0,0.0
1986,1409,Tulsa,10,W,mvc,21,8,0.7241,0,0,1,0,0,0,0,0,0,0.0
1986,1431,UTEP,10,Z,wac,27,5,0.8438,0,0,1,0,0,0,0,0,0,0.0
1986,1437,Villanova,10,Y,big_east,21,13,0.6176,0,0,1,1,0,0,0,0,0,0.010357
1986,1234,Iowa,11,X,big_ten,16,11,0.5926,0,0,1,0,0,0,0,0,0,0.0
1986,1261,LSU,11,Y,sec,18,11,0.6207,0,0,1,1,1,1,1,0,0,0.072857
1986,1281,Missouri,11,Z,big_eight,19,12,0.6129,0,0,1,0,0,0,0,0,0,0.0
1986,1350,Richmond,11,W,caa,23,6,0.7931,0,0,1,0,0,0,0,0,0,0.0
1986,1177,DePaul,12,W,ind,16,12,0.5714,0,0,1,1,1,0,0,0,0,0.025357
1986,1337,Pepperdine,12,Z,wcc,24,4,0.8571,0,0,1,0,0,0,0,0,0,0.0
1986,1449,Washington,12,X,pac_ten,19,11,0.6333,0,0,1,0,0,0,0,0,0,0.0
1986,1462,Xavier,12,Y,mw_coll,23,4,0.8519,0,0,1,0,0,0,0,0,0,0.0
1986,1193,Fairfield,13,Y,maac,23,6,0.7931,0,0,1,0,0,0,0,0,0,0.005179
1986,1318,Northeastern,13,W,ecacn,25,4,0.8621,0,0,1,0,0,0,0,0,0,0.005179
1986,1403,Texas Tech,13,X,swc,16,13,0.5517,0,0,1,0,0,0,0,0,0,0.005179
1986,1419,ULM,13,Z,southland,19,9,0.6786,0,0,1,0,0,0,0,0,0,0.005179
1986,1114,Ark Little Rock,14,X,a_sun,21,9,0.7,0,0,1,1,0,0,0,0,0,0.005179
1986,1123,Ball St,14,Y,mac,20,9,0.6897,0,0,1,0,0,0,0,0,0,0.005179
1986,1156,Cleveland St,14,W,mid_cont,24,3,0.8889,0,0,1,1,1,0,0,0,0,0.020179
1986,1428,Utah,14,Z,wac,19,9,0.6786,0,0,1,0,0,0,0,0,0,0.005179
1986,1103,Akron,15,X,ovc,18,7,0.72,0,0,1,0,0,0,0,0,0,0.005179
1986,1135,Brown,15,W,ivy,14,10,0.5833,0,0,1,0,0,0,0,0,0,0.005179
1986,1180,Drexel,15,Z,ecc,16,10,0.6154,0,0,1,0,0,0,0,0,0,0.005179
1986,1265,Marist,15,Y,ecacm,17,11,0.6071,0,0,1,0,0,0,0,0,0,0.005179
1986,1172,Davidson,16,Y,southern,16,10,0.6154,0,0,1,0,0,0,0,0,0,0.005179
1986,1286,Montana St,16,Z,big_sky,12,15,0.4444,0,0,1,0,0,0,0,0,0,0.005179
1986,1290,MS Valley St,16,W,swac,18,8,0.6923,0,0,1,0,0,0,0,0,0,0.005179
1986,1299,NC A&T,16,X,meac,18,7,0.72,0,0,1,0,0,0,0,0,0,0.005179
1987,1207,Georgetown,1,X,big_east,22,4,0.8462,0,0,1,1,1,1,0,0,0,0.035
1987,1231,Indiana,1,Y,big_ten,24,4,0.8571,0,0,1,1,1,1,1,1,1,0.1775
1987,1314,North Carolina,1,W,acc,28,3,0.9032,0,0,1,1,1,1,0,0,0,0.035
1987,1424,UNLV,1,Z,pcaa,33,1,0.9706,0,0,1,1,1,1,1,0,0,0.0625
1987,1104,Alabama,2,X,sec,26,4,0.8667,0,0,1,1,1,0,0,0,0,0.015
1987,1234,Iowa,2,Z,big_ten,25,4,0.8621,0,0,1,1,1,1,0,0,0,0.035
1987,1393,Syracuse,2,W,big_east,25,6,0.8065,0,0,1,1,1,1,1,1,0,0.1075
1987,1396,Temple,2,Y,a_ten,31,3,0.9118,0,0,1,1,0,0,0,0,0,0.0
1987,1177,DePaul,3,Y,ind,26,2,0.9286,0,0,1,1,1,0,0,0,0,0.015
1987,1228,Illinois,3,X,big_ten,23,7,0.7667,0,0,1,0,0,0,0,0,0,0.0
1987,1338,Pittsburgh,3,Z,big_east,23,7,0.7667,0,0,1,1,0,0,0,0,0,0.0
1987,1345,Purdue,3,W,big_ten,23,4,0.8519,0,0,1,1,0,0,0,0,0,0.0
1987,1155,Clemson,4,X,acc,23,5,0.8214,0,0,1,0,0,0,0,0,0,0.0
1987,1281,Missouri,4,Y,big_eight,23,9,0.7188,0,0,1,0,0,0,0,0,0,0.0
1987,1395,TCU,4,W,swc,23,6,0.7931,0,0,1,1,0,0,0,0,0,0.011154
1987,1417,UCLA,4,Z,pac_ten,24,6,0.8,0,0,1,1,0,0,0,0,0,0.011154
1987,1181,Duke,5,Y,acc,21,8,0.7241,0,0,1,1,1,0,0,0,0,0.026154
1987,1242,Kansas,5,X,big_eight,22,10,0.6875,0,0,1,1,1,0,0,0,0,0.026154
1987,1323,Notre Dame,5,W,ind,22,7,0.7586,0,0,1,1,1,0,0,0,0,0.026154
1987,1438,Virginia,5,Z,acc,21,9,0.7,0,0,1,0,0,0,0,0,0,0.0
1987,1196,Florida,6,W,sec,21,10,0.6774,0,0,1,1,1,0,0,0,0,0.026154
1987,1328,Oklahoma,6,Z,big_eight,22,9,0.7097,0,0,1,1,1,0,0,0,0,0.026154
1987,1344,Providence,6,X,big_east,21,8,0.7241,0,0,1,1,1,1,1,0,0,0.073654
1987,1385,St John's,6,Y,big_east,20,8,0.7143,0,0,1,1,0,0,0,0,0,0.011154
1987,1210,Georgia Tech,7,Y,acc,16,12,0.5714,0,0,1,0,0,0,0,0,0,0.0
1987,1309,New Orleans,7,X,ind,23,3,0.8846,0,0,1,1,0,0,0,0,0,0.011154
1987,1431,UTEP,7,Z,wac,23,6,0.7931,0,0,1,1,0,0,0,0,0,0.011154
1987,1452,West Virginia,7,W,a_ten,23,7,0.7667,0,0,1,0,0,0,0,0,0,0.0
1987,1120,Auburn,8,Y,sec,17,12,0.5862,0,0,1,1,0,0,0,0,0,0.011154
1987,1208,Georgia,8,Z,sec,16,11,0.5926,0,0,1,0,0,0,0,0,0,0.0
1987,1246,Kentucky,8,X,sec,18,10,0.6429,0,0,1,0,0,0,0,0,0,0.0
1987,1298,Navy,8,W,caa,25,5,0.8333,0,0,1,0,0,0,0,0,0,0.0
1987,1243,Kansas St,9,Z,big_eight,16,10,0.6154,0,0,1,1,0,0,0,0,0,0.011154
1987,1276,Michigan,9,W,big_ten,17,11,0.6071,0,0,1,1,0,0,0,0,0,0.011154
1987,1326,Ohio St,9,X,big_ten,18,12,0.6,0,0,1,1,0,0,0,0,0,0.011154
1987,1360,San Diego,9,Y,wcc,23,5,0.8214,0,0,1,0,0,0,0,0,0,0.0
1987,1112,Arizona,10,Z,pac_ten,17,11,0.6071,0,0,1,0,0,0,0,0,0,0.0
1987,1140,BYU,10,X,wac,21,10,0.6774,0,0,1,0,0,0,0,0,0,0.0
1987,1261,LSU,10,Y,sec,18,14,0.5625,0,0,1,1,1,1,0,0,0,0.046154
1987,1443,WKU,10,W,sun_belt,25,8,0.7576,0,0,1,1,0,0,0,0,0,0.011154
1987,1301,NC State,11,W,acc,20,13,0.6061,0,0,1,0,0,0,0,0,0,0.0
1987,1409,Tulsa,11,Z,mvc,22,7,0.7586,0,0,1,0,0,0,0,0,0,0.0
1987,1412,UAB,11,X,sun_belt,17,10,0.6296,0,0,1,0,0,0,0,0,0,0.0
1987,1455,Wichita St,11,Y,mvc,21,10,0.6774,0,0,1,0,0,0,0,0,0,0.0
1987,1222,Houston,12,X,swc,17,10,0.6296,0,0,1,0,0,0,0,0,0,0.0
1987,1292,MTSU,12,W,ovc,19,6,0.76,0,0,1,0,0,0,0,0,0,0.0
1987,1401,Texas A&M,12,Y,swc,17,13,0.5667,0,0,1,0,0,0,0,0,0,0.0
1987,1461,Wyoming,12,Z,wac,21,9,0.7,0,0,1,1,1,0,0,0,0,0.026154
1987,1141,C Michigan,13,Z,mac,19,7,0.7308,0,0,1,0,0,0,0,0,0,0.005577
1987,1267,Marshall,13,W,southern,25,5,0.8333,0,0,1,0,0,0,0,0,0,0.005577
1987,1283,Missouri St,13,X,mid_cont,23,5,0.8214,0,0,1,1,0,0,0,0,0,0.005577
1987,1462,Xavier,13,Y,mw_coll,14,12,0.5385,0,0,1,1,0,0,0,0,0,0.005577
1987,1122,Austin Peay,14,X,ovc,16,10,0.6154,0,0,1,1,0,0,0,0,0,0.005577
1987,1256,Louisiana Tech,14,Y,southland,20,7,0.7407,0,0,1,0,0,0,0,0,0,0.005577
1987,1265,Marist,14,Z,ecacm,20,9,0.6897,0,0,1,0,0,0,0,0,0,0.005577
1987,1318,Northeastern,14,W,ecacn,24,6,0.8,0,0,1,0,0,0,0,0,0,0.005577
1987,1204,Ga Southern,15,W,a_sun,18,10,0.6429,0,0,1,0,0,0,0,0,0,0.005577
1987,1299,NC A&T,15,X,meac,21,4,0.84,0,0,1,0,0,0,0,0,0,0.005577
1987,1365,Santa Clara,15,Z,wcc,15,13,0.5357,0,0,1,0,0,0,0,0,0,0.005577
1987,1380,Southern Univ,15,Y,swac,16,11,0.5926,0,0,1,0,0,0,0,0,0,0.005577
1987,1137,Bucknell,16,X,ecc,19,8,0.7037,0,0,1,0,0,0,0,0,0,0.005577
1987,1193,Fairfield,16,Y,maac,14,15,0.4828,0,0,1,0,0,0,0,0,0,0.005577
1987,1226,Idaho St,16,Z,big_sky,12,15,0.4444,0,0,1,0,0,0,0,0,0,0.005577
1987,1335,Penn,16,W,ivy,13,13,0.5,0,0,1,0,0,0,0,0,0,0.005577
1988,1112,Arizona,1,Z,pac_ten,31,2,0.9394,0,0,1,1,1,1,1,0,0,0.0625
1988,1328,Oklahoma,1,Y,big_eight,30,3,0.9091,0,0,1,1,1,1,1,1,0,0.1075
1988,1345,Purdue,1,X,big_ten,27,3,0.9,0,0,1,1,1,0,0,0,0,0.015
1988,1396,Temple,1,W,a_ten,29,1,0.9667,0,0,1,1,1,1,0,0,0,0.035
1988,1181,Duke,2,W,acc,24,6,0.8,0,0,1,1,1,1,1,0,0,0.0625
1988,1246,Kentucky,2,Y,sec,24,5,0.8276,0,0,1,1,1,0,0,0,0,0.015
1988,1314,North Carolina,2,Z,acc,24,6,0.8,0,0,1,1,1,1,0,0,0,0.035
1988,1338,Pittsburgh,2,X,big_east,23,6,0.7931,0,0,1,1,0,0,0,0,0,0.0
1988,1228,Illinois,3,Y,big_ten,22,9,0.7097,0,0,1,1,0,0,0,0,0,0.0
1988,1276,Michigan,3,Z,big_ten,23,7,0.7667,0,0,1,1,1,0,0,0,0,0.015
1988,1301,NC State,3,X,acc,23,7,0.7667,0,0,1,0,0,0,0,0,0,0.0
1988,1393,Syracuse,3,W,big_east,24,8,0.75,0,0,1,1,0,0,0,0,0,0.0
1988,1140,BYU,4,Y,wac,25,5,0.8333,0,0,1,1,0,0,0,0,0,0.010741
1988,1231,Indiana,4,W,big_ten,19,9,0.6786,0,0,1,0,0,0,0,0,0,0.0
1988,1243,Kansas St,4,X,big_eight,20,8,0.7143,0,0,1,1,1,1,0,0,0,0.045741
1988,1424,UNLV,4,Z,pcaa,24,5,0.8276,0,0,1,1,0,0,0,0,0,0.010741
1988,1177,DePaul,5,X,ind,21,7,0.75,0,0,1,1,0,0,0,0,0,0.010741
1988,1210,Georgia Tech,5,W,acc,21,9,0.7,0,0,1,1,0,0,0,0,0,0.010741
1988,1234,Iowa,5,Z,big_ten,22,9,0.7097,0,0,1,1,1,0,0,0,0,0.025741
1988,1257,Louisville,5,Y,metro,22,10,0.6875,0,0,1,1,1,0,0,0,0,0.025741
1988,1196,Florida,6,Z,sec,22,11,0.6667,0,0,1,1,0,0,0,0,0,0.010741
1988,1242,Kansas,6,X,big_eight,18,11,0.6207,0,0,1,1,1,1,1,1,1,0.188241
1988,1281,Missouri,6,W,big_eight,19,10,0.6552,0,0,1,0,0,0,0,0,0,0.0
1988,1437,Villanova,6,Y,big_east,21,12,0.6364,0,0,1,1,1,1,0,0,0,0.045741
1988,1268,Maryland,7,Y,acc,16,12,0.5714,0,0,1,1,0,0,0,0,0,0.010741
1988,1374,SMU,7,W,swc,27,6,0.8182,0,0,1,1,0,0,0,0,0,0.010741
1988,1435,Vanderbilt,7,X,sec,18,10,0.6429,0,0,1,1,1,0,0,0,0,0.025741
1988,1461,Wyoming,7,Z,wac,25,5,0.8333,0,0,1,0,0,0,0,0,0,0.0
1988,1120,Auburn,8,Y,sec,17,10,0.6296,0,0,1,1,0,0,0,0,0,0.010741
1988,1124,Baylor,8,X,swc,22,10,0.6875,0,0,1,0,0,0,0,0,0,0.0
1988,1207,Georgetown,8,W,big_east,16,9,0.64,0,0,1,1,0,0,0,0,0,0.010741
1988,1371,Seton Hall,8,Z,big_east,20,12,0.625,0,0,1,1,0,0,0,0,0,0.010741
1988,1133,Bradley,9,Y,mvc,26,4,0.8667,0,0,1,0,0,0,0,0,0,0.0
1988,1261,LSU,9,W,sec,16,13,0.5517,0,0,1,0,0,0,0,0,0,0.0
1988,1272,Memphis,9,X,metro,19,11,0.6333,0,0,1,1,0,0,0,0,0,0.010741
1988,1431,UTEP,9,Z,wac,21,9,0.7,0,0,1,0,0,0,0,0,0,0.0
1988,1258,Loy Marymount,10,Z,wcc,24,3,0.8889,0,0,1,1,0,0,0,0,0,0.010741
1988,1323,Notre Dame,10,W,ind,19,8,0.7037,0,0,1,0,0,0,0,0,0,0.0
1988,1364,UC Santa Barbara,10,Y,pcaa,21,7,0.75,0,0,1,0,0,0,0,0,0,0.0
1988,1429,Utah St,10,X,pcaa,21,9,0.7,0,0,1,0,0,0,0,0,0,0.0
1988,1116,Arkansas,11,Y,swc,21,8,0.7241,0,0,1,0,0,0,0,0,0,0.0
1988,1348,Rhode Island,11,W,a_ten,25,6,0.8065,0,0,1,1,1,0,0,0,0,0.025741
1988,1385,St John's,11,Z,big_east,17,11,0.6071,0,0,1,0,0,0,0,0,0,0.0
1988,1462,Xavier,11,X,mw_coll,24,3,0.8889,0,0,1,0,0,0,0,0,0,0.0
1988,1199,Florida St,12,Z,metro,19,10,0.6552,0,0,1,0,0,0,0,0,0,0.0
1988,1235,Iowa St,12,W,big_eight,19,11,0.6333,0,0,1,0,0,0,0,0,0,0.0
1988,1333,Oregon St,12,Y,pac_ten,20,10,0.6667,0,0,1,0,0,0,0,0,0,0.0
1988,1455,Wichita St,12,X,mvc,19,9,0.6786,0,0,1,0,0,0,0,0,0,0.0
1988,1150,Charlotte,13,Y,sun_belt,21,7,0.75,0,0,1,0,0,0,0,0,0,0.00537
1988,1247,La Salle,13,X,maac,23,9,0.7188,0,0,1,0,0,0,0,0,0,0.00537
1988,1283,Missouri St,13,Z,mid_cont,20,6,0.7692,0,0,1,0,0,0,0,0,0,0.00537
1988,1350,Richmond,13,W,caa,24,6,0.8,0,0,1,1,1,0,0,0,0,0.02037
1988,1129,Boise St,14,Z,big_sky,22,5,0.8148,0,0,1,0,0,0,0,0,0,0.00537
1988,1293,Murray St,14,X,ovc,18,8,0.6923,0,0,1,1,0,0,0,0,0,0.00537
1988,1299,NC A&T,14,W,meac,22,2,0.9167,0,0,1,0,0,0,0,0,0,0.00537
1988,1427,UT San Antonio,14,Y,a_sun,19,8,0.7037,0,0,1,0,0,0,0,0,0,0.00537
1988,1131,Boston Univ,15,W,ecacn,23,7,0.7667,0,0,1,0,0,0,0,0,0,0.00537
1988,1185,E Michigan,15,X,mac,19,7,0.7308,0,0,1,0,0,0,0,0,0,0.00537
1988,1317,North Texas,15,Z,southland,17,12,0.5862,0,0,1,0,0,0,0,0,0,0.00537
1988,1380,Southern Univ,15,Y,swac,21,6,0.7778,0,0,1,0,0,0,0,0,0,0.00537
1988,1151,Chattanooga,16,Y,southern,17,12,0.5862,0,0,1,0,0,0,0,0,0,0.00537
1988,1165,Cornell,16,Z,ivy,16,9,0.64,0,0,1,0,0,0,0,0,0,0.00537
1988,1192,F Dickinson,16,X,ecacm,21,6,0.7778,0,0,1,0,0,0,0,0,0,0.00537
1988,1250,Lehigh,16,W,ecc,19,9,0.6786,0,0,1,0,0,0,0,0,0,0.00537
1989,1112,Arizona,1,X,pac_ten,27,3,0.9,0,0,1,1,1,0,0,0,0,0.015
1989,1207,Georgetown,1,W,big_east,22,4,0.8462,0,0,1,1,1,1,0,0,0,0.035
1989,1228,Illinois,1,Y,big_ten,26,4,0.8667,0,0,1,1,1,1,1,0,0,0.0625
1989,1328,Oklahoma,1,Z,big_eight,28,5,0.8485,0,0,1,1,1,0,0,0,0,0.015
1989,1181,Duke,2,W,acc,24,7,0.7742,0,0,1,1,1,1,1,0,0,0.0625
1989,1231,Indiana,2,X,big_ten,25,7,0.7812,0,0,1,1,1,0,0,0,0,0.015
1989,1314,North Carolina,2,Z,acc,27,7,0.7941,0,0,1,1,1,0,0,0,0,0.015
1989,1393,Syracuse,2,Y,big_east,26,7,0.7879,0,0,1,1,1,1,0,0,0,0.035
1989,1276,Michigan,3,Z,big_ten,21,6,0.7778,0,0,1,1,1,1,1,1,1,0.1775
1989,1281,Missouri,3,Y,big_eight,26,7,0.7879,0,0,1,1,1,0,0,0,0,0.015
1989,1371,Seton Hall,3,X,big_east,25,6,0.8065,0,0,1,1,1,1,1,1,0,0.1075
1989,1390,Stanford,3,W,pac_ten,26,6,0.8125,0,0,1,0,0,0,0,0,0,0.0
1989,1199,Florida St,4,Z,metro,22,7,0.7586,0,0,1,0,0,0,0,0,0,0.0
1989,1234,Iowa,4,W,big_ten,22,8,0.7333,0,0,1,1,0,0,0,0,0,0.010741
1989,1257,Louisville,4,Y,metro,22,8,0.7333,0,0,1,1,1,0,0,0,0,0.025741
1989,1424,UNLV,4,X,big_west,26,7,0.7879,0,0,1,1,1,1,0,0,0,0.045741
1989,1116,Arkansas,5,Y,swc,24,6,0.8,0,0,1,1,0,0,0,0,0,0.010741
1989,1272,Memphis,5,X,metro,20,10,0.6667,0,0,1,0,0,0,0,0,0,0.0
1989,1301,NC State,5,W,acc,20,8,0.7143,0,0,1,1,1,0,0,0,0,0.025741
1989,1438,Virginia,5,Z,acc,19,10,0.6552,0,0,1,1,1,1,0,0,0,0.045741
1989,1104,Alabama,6,Z,sec,23,7,0.7667,0,0,1,0,0,0,0,0,0,0.0
1989,1210,Georgia Tech,6,Y,acc,20,11,0.6452,0,0,1,0,0,0,0,0,0,0.0
1989,1243,Kansas St,6,W,big_eight,17,10,0.6296,0,0,1,0,0,0,0,0,0,0.0
1989,1333,Oregon St,6,X,pac_ten,22,7,0.7586,0,0,1,0,0,0,0,0,0,0.0
1989,1196,Florida,7,Y,sec,20,12,0.625,0,0,1,0,0,0,0,0,0,0.0
1989,1417,UCLA,7,Z,pac_ten,20,9,0.6897,0,0,1,1,0,0,0,0,0,0.010741
1989,1431,UTEP,7,X,wac,24,6,0.8,0,0,1,1,0,0,0,0,0,0.010741
1989,1452,West Virginia,7,W,a_ten,25,4,0.8621,0,0,1,1,0,0,0,0,0,0.010741
1989,1247,La Salle,8,Z,maac,26,5,0.8387,0,0,1,0,0,0,0,0,0,0.0
1989,1338,Pittsburgh,8,Y,big_east,17,12,0.5862,0,0,1,0,0,0,0,0,0,0.0
1989,1388,St Mary's CA,8,X,wcc,23,4,0.8519,0,0,1,0,0,0,0,0,0,0.0
1989,1435,Vanderbilt,8,W,sec,18,13,0.5806,0,0,1,0,0,0,0,0,0,0.0
1989,1123,Ball St,9,Y,mac,27,2,0.931,0,0,1,1,0,0,0,0,0,0.010741
1989,1155,Clemson,9,X,acc,18,10,0.6429,0,0,1,1,0,0,0,0,0,0.010741
1989,1256,Louisiana Tech,9,Z,asc,22,8,0.7333,0,0,1,1,0,0,0,0,0,0.010741
1989,1323,Notre Dame,9,W,ind,20,8,0.7143,0,0,1,1,0,0,0,0,0,0.010741
1989,1161,Colorado St,10,Y,wac,21,9,0.7,0,0,1,1,0,0,0,0,0,0.010741
1989,1235,Iowa St,10,Z,big_eight,17,11,0.6071,0,0,1,0,0,0,0,0,0,0.0
1989,1261,LSU,10,X,sec,18,11,0.6207,0,0,1,0,0,0,0,0,0,0.0
1989,1397,Tennessee,10,W,sec,19,10,0.6552,0,0,1,0,0,0,0,0,0,0.0
1989,1191,Evansville,11,X,mw_coll,24,5,0.8276,0,0,1,1,0,0,0,0,0,0.010741
1989,1278,Minnesota,11,W,big_ten,16,11,0.5926,0,0,1,1,1,0,0,0,0,0.025741
1989,1375,South Alabama,11,Z,sun_belt,21,8,0.7241,0,0,1,1,0,0,0,0,0,0.010741
1989,1400,Texas,11,Y,swc,24,8,0.75,0,0,1,1,0,0,0,0,0,0.010741
1989,1177,DePaul,12,X,ind,19,11,0.6333,0,0,1,1,0,0,0,0,0,0.010741
1989,1258,Loy Marymount,12,Y,wcc,19,10,0.6552,0,0,1,0,0,0,0,0,0,0.0
1989,1344,Providence,12,Z,big_east,18,10,0.6429,0,0,1,0,0,0,0,0,0,0.0
1989,1376,South Carolina,12,W,metro,18,10,0.6429,0,0,1,0,0,0,0,0,0,0.0
1989,1114,Ark Little Rock,13,Y,a_sun,23,7,0.7667,0,0,1,0,0,0,0,0,0,0.00537
1989,1225,Idaho,13,X,big_sky,21,5,0.8077,0,0,1,0,0,0,0,0,0,0.00537
1989,1292,MTSU,13,Z,ovc,20,7,0.7407,0,0,1,1,0,0,0,0,0,0.00537
1989,1353,Rutgers,13,W,a_ten,18,12,0.6,0,0,1,0,0,0,0,0,0,0.00537
1989,1166,Creighton,14,Y,mvc,20,10,0.6667,0,0,1,0,0,0,0,0,0,0.00537
1989,1283,Missouri St,14,X,mid_cont,20,9,0.6897,0,0,1,0,0,0,0,0,0,0.00537
1989,1373,Siena,14,W,nac,23,4,0.8519,0,0,1,1,0,0,0,0,0,0.00537
1989,1462,Xavier,14,Z,mw_coll,20,11,0.6452,0,0,1,0,0,0,0,0,0,0.00537
1989,1137,Bucknell,15,Y,ecc,20,7,0.7407,0,0,1,0,0,0,0,0,0,0.00537
1989,1206,George Mason,15,X,caa,19,10,0.6552,0,0,1,0,0,0,0,0,0,0.00537
1989,1354,S Carolina St,15,W,meac,24,7,0.7742,0,0,1,0,0,0,0,0,0,0.00537
1989,1380,Southern Univ,15,Z,swac,16,10,0.6154,0,0,1,0,0,0,0,0,0,0.00537
1989,1190,ETSU,16,Z,southern,16,10,0.6154,0,0,1,0,0,0,0,0,0,0.00537
1989,1270,McNeese St,16,Y,southland,16,13,0.5517,0,0,1,0,0,0,0,0,0,0.00537
1989,1343,Princeton,16,W,ivy,17,7,0.7083,0,0,1,0,0,0,0,0,0,0.00537
1989,1352,Robert Morris,16,X,nec,19,8,0.7037,0,0,1,0,0,0,0,0,0,0.00537
1990,1163,Connecticut,1,W,big_east,27,5,0.8438,0,0,1,1,1,1,0,0,0,0.035
1990,1277,Michigan St,1,Y,big_ten,26,5,0.8387,0,0,1,1,1,0,0,0,0,0.015
1990,1328,Oklahoma,1,X,big_eight,23,4,0.8519,0,0,1,1,0,0,0,0,0,0.0
1990,1424,UNLV,1,Z,big_west,29,5,0.8529,0,0,1,1,1,1,1,1,1,0.1775
1990,1112,Arizona,2,Z,pac_ten,24,6,0.8,0,0,1,1,0,0,0,0,0,0.0
1990,1242,Kansas,2,W,big_eight,27,4,0.871,0,0,1,1,0,0,0,0,0,0.0
1990,1345,Purdue,2,X,big_ten,21,7,0.75,0,0,1,1,0,0,0,0,0,0.0
1990,1393,Syracuse,2,Y,big_east,23,6,0.7931,0,0,1,1,1,0,0,0,0,0.015
1990,1181,Duke,3,W,acc,24,8,0.75,0,0,1,1,1,1,1,1,0,0.1075
1990,1207,Georgetown,3,X,big_east,19,6,0.76,0,0,1,1,0,0,0,0,0,0.0
1990,1276,Michigan,3,Z,big_ten,21,7,0.75,0,0,1,1,0,0,0,0,0,0.0
1990,1281,Missouri,3,Y,big_eight,23,5,0.8214,0,0,1,0,0,0,0,0,0,0.0
1990,1116,Arkansas,4,X,swc,26,4,0.8667,0,0,1,1,1,1,1,0,0,0.072857
1990,1210,Georgia Tech,4,Y,acc,24,6,0.8,0,0,1,1,1,1,1,0,0,0.072857
1990,1247,La Salle,4,W,maac,29,1,0.9667,0,0,1,1,0,0,0,0,0,0.010357
1990,1257,Louisville,4,Z,metro,25,7,0.7812,0,0,1,1,0,0,0,0,0,0.010357
1990,1155,Clemson,5,W,acc,23,8,0.7419,0,0,1,1,1,0,0,0,0,0.025357
1990,1228,Illinois,5,X,big_ten,20,7,0.7407,0,0,1,0,0,0,0,0,0,0.0
1990,1261,LSU,5,Y,sec,21,8,0.7241,0,0,1,1,0,0,0,0,0,0.010357
1990,1333,Oregon St,5,Z,pac_ten,22,6,0.7857,0,0,1,0,0,0,0,0,0,0.0
1990,1278,Minnesota,6,Y,big_ten,20,8,0.7143,0,0,1,1,1,1,0,0,0,0.045357
1990,1308,New Mexico St,6,Z,big_west,24,4,0.8571,0,0,1,0,0,0,0,0,0,0.0
1990,1385,St John's,6,W,big_east,23,9,0.7188,0,0,1,1,0,0,0,0,0,0.010357
1990,1462,Xavier,6,X,mw_coll,25,4,0.8621,0,0,1,1,1,0,0,0,0,0.025357
1990,1104,Alabama,7,Z,sec,24,8,0.75,0,0,1,1,1,0,0,0,0,0.025357
1990,1208,Georgia,7,X,sec,20,8,0.7143,0,0,1,0,0,0,0,0,0,0.0
1990,1417,UCLA,7,W,pac_ten,20,10,0.6667,0,0,1,1,1,0,0,0,0,0.025357
1990,1438,Virginia,7,Y,acc,19,11,0.6333,0,0,1,1,0,0,0,0,0,0.010357
1990,1222,Houston,8,Y,swc,24,7,0.7742,0,0,1,0,0,0,0,0,0,0.0
1990,1231,Indiana,8,W,big_ten,18,10,0.6429,0,0,1,0,0,0,0,0,0,0.0
1990,1314,North Carolina,8,X,acc,19,12,0.6129,0,0,1,1,1,0,0,0,0,0.025357
1990,1326,Ohio St,8,Z,big_ten,16,12,0.5714,0,0,1,1,0,0,0,0,0,0.010357
1990,1143,California,9,W,pac_ten,20,9,0.6897,0,0,1,1,0,0,0,0,0,0.010357
1990,1283,Missouri St,9,X,mid_cont,22,6,0.7857,0,0,1,0,0,0,0,0,0,0.0
1990,1344,Providence,9,Z,big_east,17,11,0.6071,0,0,1,0,0,0,0,0,0,0.0
1990,1364,UC Santa Barbara,9,Y,big_west,20,8,0.7143,0,0,1,1,0,0,0,0,0,0.010357
1990,1161,Colorado St,10,Z,wac,20,8,0.7143,0,0,1,0,0,0,0,0,0,0.0
1990,1323,Notre Dame,10,Y,ind,16,12,0.5714,0,0,1,0,0,0,0,0,0,0.0
1990,1400,Texas,10,X,swc,21,9,0.7,0,0,1,1,1,1,0,0,0,0.045357
1990,1412,UAB,10,W,sun_belt,22,8,0.7333,0,0,1,0,0,0,0,0,0,0.0
1990,1243,Kansas St,11,X,big_eight,17,14,0.5484,0,0,1,0,0,0,0,0,0,0.0
1990,1258,Loy Marymount,11,Z,wcc,23,5,0.8214,0,0,1,1,1,1,0,0,0,0.045357
1990,1396,Temple,11,W,a_ten,20,10,0.6667,0,0,1,0,0,0,0,0,0,0.0
1990,1431,UTEP,11,Y,wac,20,10,0.6667,0,0,1,0,0,0,0,0,0,0.0
1990,1123,Ball St,12,Z,mac,22,6,0.7857,0,0,1,1,1,0,0,0,0,0.025357
1990,1140,BYU,12,W,wac,21,8,0.7241,0,0,1,0,0,0,0,0,0,0.0
1990,1173,Dayton,12,X,mw_coll,21,9,0.7,0,0,1,1,0,0,0,0,0,0.010357
1990,1437,Villanova,12,Y,big_east,18,14,0.5625,0,0,1,0,0,0,0,0,0,0.0
1990,1190,ETSU,13,Y,southern,23,6,0.7931,0,0,1,0,0,0,0,0,0,0.005179
1990,1225,Idaho,13,Z,big_sky,22,5,0.8148,0,0,1,0,0,0,0,0,0,0.005179
1990,1343,Princeton,13,X,ivy,18,6,0.75,0,0,1,0,0,0,0,0,0,0.005179
1990,1379,Southern Miss,13,W,metro,20,11,0.6452,0,0,1,0,0,0,0,0,0,0.005179
1990,1229,Illinois St,14,Z,mvc,18,12,0.6,0,0,1,0,0,0,0,0,0,0.005179
1990,1320,Northern Iowa,14,Y,mid_cont,20,8,0.7143,0,0,1,1,0,0,0,0,0,0.005179
1990,1350,Richmond,14,W,caa,22,9,0.7097,0,0,1,0,0,0,0,0,0,0.005179
1990,1411,TX Southern,14,X,swac,17,11,0.6071,0,0,1,0,0,0,0,0,0,0.005179
1990,1164,Coppin St,15,Y,meac,23,5,0.8214,0,0,1,0,0,0,0,0,0,0.005179
1990,1352,Robert Morris,15,W,nec,21,7,0.75,0,0,1,0,0,0,0,0,0,0.005179
1990,1378,South Florida,15,Z,sun_belt,20,10,0.6667,0,0,1,0,0,0,0,0,0,0.005179
1990,1419,ULM,15,X,southland,22,7,0.7586,0,0,1,0,0,0,0,0,0,0.005179
1990,1114,Ark Little Rock,16,Z,a_sun,20,9,0.6897,0,0,1,0,0,0,0,0,0,0.005179
1990,1131,Boston Univ,16,W,nac,18,11,0.6207,0,0,1,0,0,0,0,0,0,0.005179
1990,1293,Murray St,16,Y,ovc,19,8,0.7037,0,0,1,0,0,0,0,0,0,0.005179
1990,1406,Towson,16,X,ecc,17,12,0.5862,0,0,1,0,0,0,0,0,0,0.005179
1991,1116,Arkansas,1,X,swc,30,3,0.9091,0,0,1,1,1,1,0,0,0,0.035
1991,1314,North Carolina,1,W,acc,25,5,0.8333,0,0,1,1,1,1,1,0,0,0.0625
1991,1326,Ohio St,1,Y,big_ten,25,3,0.8929,0,0,1,1,1,0,0,0,0,0.015
1991,1424,UNLV,1,Z,big_west,30,0,1.0,0,0,1,1,1,1,1,0,0,0.0625
1991,1112,Arizona,2,Z,pac_ten,26,6,0.8125,0,0,1,1,1,0,0,0,0,0.015
1991,1181,Duke,2,Y,acc,26,7,0.7879,0,0,1,1,1,1,1,1,1,0.1775
1991,1231,Indiana,2,X,big_ten,27,4,0.871,0,0,1,1,1,0,0,0,0,0.015
1991,1393,Syracuse,2,W,big_east,25,5,0.8333,0,0,1,0,0,0,0,0,0,0.0
1991,1242,Kansas,3,X,big_eight,21,7,0.75,0,0,1,1,1,1,1,1,0,0.1075
1991,1304,Nebraska,3,Y,big_eight,26,7,0.7879,0,0,1,0,0,0,0,0,0,0.0
1991,1329,Oklahoma St,3,W,big_eight,22,7,0.7586,0,0,1,1,1,0,0,0,0,0.015
1991,1371,Seton Hall,3,Z,big_east,21,8,0.7241,0,0,1,1,1,1,0,0,0,0.035
1991,1104,Alabama,4,X,sec,21,9,0.7,0,0,1,1,1,0,0,0,0,0.025741
1991,1385,St John's,4,Y,big_east,20,8,0.7143,0,0,1,1,1,1,0,0,0,0.045741
1991,1417,UCLA,4,W,pac_ten,22,8,0.7333,0,0,1,0,0,0,0,0,0,0.0
1991,1428,Utah,4,Z,wac,25,3,0.8929,0,0,1,1,1,0,0,0,0,0.025741
1991,1277,Michigan St,5,Z,big_ten,18,10,0.6429,0,0,1,1,0,0,0,0,0,0.010741
1991,1280,Mississippi St,5,W,sec,20,8,0.7143,0,0,1,0,0,0,0,0,0,0.0
1991,1400,Texas,5,Y,swc,22,8,0.7333,0,0,1,1,0,0,0,0,0,0.010741
1991,1448,Wake Forest,5,X,acc,18,10,0.6429,0,0,1,1,0,0,0,0,0,0.010741
1991,1261,LSU,6,Y,sec,19,9,0.6786,0,0,1,0,0,0,0,0,0,0.0
1991,1301,NC State,6,W,acc,19,10,0.6552,0,0,1,1,0,0,0,0,0,0.010741
1991,1308,New Mexico St,6,Z,big_west,22,5,0.8148,0,0,1,0,0,0,0,0,0,0.0
1991,1338,Pittsburgh,6,X,big_east,18,11,0.6207,0,0,1,1,0,0,0,0,0,0.010741
1991,1199,Florida St,7,X,metro,20,10,0.6667,0,0,1,1,0,0,0,0,0,0.010741
1991,1234,Iowa,7,Y,big_ten,18,10,0.6429,0,0,1,1,0,0,0,0,0,0.010741
1991,1345,Purdue,7,W,big_ten,17,11,0.6071,0,0,1,0,0,0,0,0,0,0.0
1991,1438,Virginia,7,Z,acc,21,11,0.6562,0,0,1,0,0,0,0,0,0,0.0
1991,1113,Arizona St,8,X,pac_ten,19,9,0.6786,0,0,1,1,0,0,0,0,0,0.010741
1991,1207,Georgetown,8,Z,big_east,14,12,0.5385,0,0,1,1,0,0,0,0,0,0.010741
1991,1210,Georgia Tech,8,Y,acc,16,12,0.5714,0,0,1,1,0,0,0,0,0,0.010741
1991,1343,Princeton,8,W,ivy,23,2,0.92,0,0,1,0,0,0,0,0,0,0.0
1991,1177,DePaul,9,Y,ind,20,8,0.7143,0,0,1,0,0,0,0,0,0,0.0
1991,1353,Rutgers,9,X,a_ten,18,9,0.6667,0,0,1,0,0,0,0,0,0,0.0
1991,1435,Vanderbilt,9,Z,sec,17,12,0.5862,0,0,1,0,0,0,0,0,0,0.0
1991,1437,Villanova,9,W,big_east,16,14,0.5333,0,0,1,1,0,0,0,0,0,0.010741
1991,1140,BYU,10,Z,wac,20,12,0.625,0,0,1,1,0,0,0,0,0,0.010741
1991,1190,ETSU,10,Y,southern,25,4,0.8621,0,0,1,0,0,0,0,0,0,0.0
1991,1396,Temple,10,W,a_ten,21,9,0.7,0,0,1,1,1,1,0,0,0,0.045741
1991,1425,USC,10,X,pac_ten,19,9,0.6786,0,0,1,0,0,0,0,0,0,0.0
1991,1163,Connecticut,11,Y,big_east,17,10,0.6296,0,0,1,1,1,0,0,0,0,0.025741
1991,1166,Creighton,11,Z,mvc,23,7,0.7667,0,0,1,1,0,0,0,0,0,0.010741
1991,1208,Georgia,11,X,sec,16,12,0.5714,0,0,1,0,0,0,0,0,0,0.0
1991,1379,Southern Miss,11,W,metro,20,7,0.7407,0,0,1,0,0,0,0,0,0,0.0
1991,1185,E Michigan,12,W,mac,22,6,0.7857,0,0,1,1,1,0,0,0,0,0.025741
1991,1256,Louisiana Tech,12,X,asc,21,9,0.7,0,0,1,0,0,0,0,0,0,0.0
1991,1389,St Peter's,12,Y,maac,24,6,0.8,0,0,1,0,0,0,0,0,0,0.0
1991,1453,WI Green Bay,12,Z,mid_cont,22,6,0.7857,0,0,1,0,0,0,0,0,0,0.0
1991,1293,Murray St,13,X,ovc,23,7,0.7667,0,0,1,0,0,0,0,0,0,0.00537
1991,1296,N Illinois,13,Y,mid_cont,24,5,0.8276,0,0,1,0,0,0,0,0,0,0.00537
1991,1336,Penn St,13,W,a_ten,20,10,0.6667,0,0,1,1,0,0,0,0,0,0.00537
1991,1375,South Alabama,13,Z,sun_belt,21,8,0.7241,0,0,1,0,0,0,0,0,0,0.00537
1991,1307,New Mexico,14,W,wac,19,9,0.6786,0,0,1,0,0,0,0,0,0,0.00537
1991,1309,New Orleans,14,X,asc,22,7,0.7586,0,0,1,0,0,0,0,0,0,0.00537
1991,1337,Pepperdine,14,Z,wcc,21,8,0.7241,0,0,1,0,0,0,0,0,0,0.00537
1991,1462,Xavier,14,Y,mw_coll,21,9,0.7,0,0,1,1,0,0,0,0,0,0.00537
1991,1157,Coastal Car,15,X,big_south,23,6,0.7931,0,0,1,0,0,0,0,0,0,0.00537
1991,1350,Richmond,15,W,caa,20,9,0.6897,0,0,1,1,0,0,0,0,0,0.00537
1991,1384,St Francis PA,15,Z,nec,24,7,0.7742,0,0,1,0,0,0,0,0,0,0.00537
1991,1419,ULM,15,Y,southland,25,7,0.7812,0,0,1,0,0,0,0,0,0,0.00537
1991,1209,Georgia St,16,X,a_sun,16,14,0.5333,0,0,1,0,0,0,0,0,0,0.00537
1991,1285,Montana,16,Z,big_sky,21,7,0.75,0,0,1,0,0,0,0,0,0,0.00537
1991,1318,Northeastern,16,W,nac,22,10,0.6875,0,0,1,0,0,0,0,0,0,0.00537
1991,1406,Towson,16,Y,ecc,19,10,0.6552,0,0,1,0,0,0,0,0,0,0.00537
1992,1181,Duke,1,W,acc,28,2,0.9333,0,0,1,1,1,1,1,1,1,0.1775
1992,1242,Kansas,1,Y,big_eight,24,4,0.8571,0,0,1,1,0,0,0,0,0,0.0
1992,1326,Ohio St,1,Z,big_ten,23,5,0.8214,0,0,1,1,1,1,0,0,0,0.035
1992,1417,UCLA,1,X,pac_ten,24,4,0.8571,0,0,1,1,1,1,0,0,0,0.035
1992,1231,Indiana,2,X,big_ten,23,6,0.7931,0,0,1,1,1,1,1,0,0,0.0625
1992,1246,Kentucky,2,W,sec,26,6,0.8125,0,0,1,1,1,1,0,0,0,0.035
1992,1329,Oklahoma St,2,Z,big_eight,23,7,0.7667,0,0,1,1,1,0,0,0,0,0.015
1992,1425,USC,2,Y,pac_ten,22,5,0.8148,0,0,1,1,0,0,0,0,0,0.0
1992,1112,Arizona,3,Z,pac_ten,24,6,0.8,0,0,1,0,0,0,0,0,0,0.0
1992,1116,Arkansas,3,Y,sec,22,7,0.7586,0,0,1,1,0,0,0,0,0,0.0
1992,1199,Florida St,3,X,acc,19,9,0.6786,0,0,1,1,1,0,0,0,0,0.015
1992,1269,Massachusetts,3,W,a_ten,27,4,0.871,0,0,1,1,1,0,0,0,0,0.015
1992,1153,Cincinnati,4,Y,gmwc,25,4,0.8621,0,0,1,1,1,1,1,0,0,0.073241
1992,1314,North Carolina,4,Z,acc,21,9,0.7,0,0,1,1,1,0,0,0,0,0.025741
1992,1328,Oklahoma,4,X,big_eight,18,8,0.6923,0,0,1,0,0,0,0,0,0,0.0
1992,1371,Seton Hall,4,W,big_east,20,8,0.7143,0,0,1,1,1,0,0,0,0,0.025741
1992,1104,Alabama,5,Z,sec,25,8,0.7576,0,0,1,1,0,0,0,0,0,0.010741
1992,1177,DePaul,5,X,gmwc,20,8,0.7143,0,0,1,0,0,0,0,0,0,0.0
1992,1277,Michigan St,5,Y,big_ten,21,7,0.75,0,0,1,1,0,0,0,0,0,0.010741
1992,1281,Missouri,5,W,big_eight,19,8,0.7037,0,0,1,1,0,0,0,0,0,0.010741
1992,1207,Georgetown,6,X,big_east,17,9,0.6538,0,0,1,1,0,0,0,0,0,0.010741
1992,1272,Memphis,6,Y,gmwc,20,10,0.6667,0,0,1,1,1,1,0,0,0,0.045741
1992,1276,Michigan,6,Z,big_ten,20,8,0.7143,0,0,1,1,1,1,1,1,0,0.118241
1992,1393,Syracuse,6,W,big_east,21,9,0.7,0,0,1,1,0,0,0,0,0,0.010741
1992,1150,Charlotte,7,W,metro,21,8,0.7241,0,0,1,0,0,0,0,0,0,0.0
1992,1210,Georgia Tech,7,Y,acc,21,11,0.6562,0,0,1,1,1,0,0,0,0,0.025741
1992,1261,LSU,7,X,sec,20,9,0.6897,0,0,1,1,0,0,0,0,0,0.010741
1992,1385,St John's,7,Z,big_east,19,10,0.6552,0,0,1,0,0,0,0,0,0,0.0
1992,1191,Evansville,8,Y,mw_coll,24,5,0.8276,0,0,1,0,0,0,0,0,0,0.0
1992,1257,Louisville,8,X,metro,18,10,0.6429,0,0,1,1,0,0,0,0,0,0.010741
1992,1304,Nebraska,8,Z,big_eight,19,9,0.6786,0,0,1,0,0,0,0,0,0,0.0
1992,1400,Texas,8,W,swc,22,11,0.6667,0,0,1,0,0,0,0,0,0,0.0
1992,1163,Connecticut,9,Z,big_east,19,9,0.6786,0,0,1,1,0,0,0,0,0,0.010741
1992,1234,Iowa,9,W,big_ten,18,10,0.6429,0,0,1,1,0,0,0,0,0,0.010741
1992,1431,UTEP,9,Y,wac,21,6,0.7778,0,0,1,1,1,0,0,0,0,0.025741
1992,1448,Wake Forest,9,X,acc,17,11,0.6071,0,0,1,0,0,0,0,0,0,0.0
1992,1140,BYU,10,X,wac,25,6,0.8065,0,0,1,0,0,0,0,0,0,0.0
1992,1222,Houston,10,Y,swc,24,5,0.8276,0,0,1,0,0,0,0,0,0,0.0
1992,1235,Iowa St,10,W,big_eight,17,12,0.5862,0,0,1,1,0,0,0,0,0,0.010741
1992,1408,Tulane,10,Z,metro,21,8,0.7241,0,0,1,1,0,0,0,0,0,0.010741
1992,1337,Pepperdine,11,Y,wcc,23,5,0.8214,0,0,1,0,0,0,0,0,0,0.0
1992,1343,Princeton,11,W,ivy,20,5,0.8,0,0,1,0,0,0,0,0,0,0.0
1992,1378,South Florida,11,X,metro,19,8,0.7037,0,0,1,0,0,0,0,0,0,0.0
1992,1396,Temple,11,Z,a_ten,17,12,0.5862,0,0,1,0,0,0,0,0,0,0.0
1992,1283,Missouri St,12,Y,mvc,22,7,0.7586,0,0,1,0,0,0,0,0,0,0.0
1992,1308,New Mexico St,12,X,big_west,22,7,0.7586,0,0,1,1,1,0,0,0,0,0.025741
1992,1390,Stanford,12,Z,pac_ten,18,10,0.6429,0,0,1,0,0,0,0,0,0,0.0
1992,1452,West Virginia,12,W,a_ten,20,11,0.6452,0,0,1,0,0,0,0,0,0,0.0
1992,1174,Delaware,13,Y,nac,25,3,0.8929,0,0,1,0,0,0,0,0,0,0.00537
1992,1247,La Salle,13,W,maac,20,10,0.6667,0,0,1,0,0,0,0,0,0,0.00537
1992,1275,Miami OH,13,Z,mac,21,7,0.75,0,0,1,0,0,0,0,0,0,0.00537
1992,1418,Louisiana,13,X,sun_belt,20,10,0.6667,0,0,1,1,0,0,0,0,0,0.00537
1992,1190,ETSU,14,Z,southern,21,5,0.8077,0,0,1,1,0,0,0,0,0,0.00537
1992,1200,Fordham,14,W,patriot,18,12,0.6,0,0,1,0,0,0,0,0,0,0.00537
1992,1285,Montana,14,X,big_sky,25,3,0.8929,0,0,1,0,0,0,0,0,0,0.00537
1992,1293,Murray St,14,Y,ovc,16,12,0.5714,0,0,1,0,0,0,0,0,0,0.00537
1992,1183,E Illinois,15,X,mid_cont,16,13,0.5517,0,0,1,0,0,0,0,0,0,0.00537
1992,1204,Ga Southern,15,Z,a_sun,21,5,0.8077,0,0,1,0,0,0,0,0,0,0.00537
1992,1330,Old Dominion,15,W,caa,14,14,0.5,0,0,1,0,0,0,0,0,0,0.00537
1992,1419,ULM,15,Y,southland,16,9,0.64,0,0,1,0,0,0,0,0,0,0.00537
1992,1144,Campbell,16,W,big_south,15,11,0.5769,0,0,1,0,0,0,0,0,0,0.00537
1992,1224,Howard,16,Y,meac,17,12,0.5862,0,0,1,0,0,0,0,0,0,0.00537
1992,1290,MS Valley St,16,Z,swac,14,11,0.56,0,0,1,0,0,0,0,0,0,0.00537
1992,1352,Robert Morris,16,X,nec,19,11,0.6333,0,0,1,0,0,0,0,0,0,0.00537
1993,1231,Indiana,1,X,big_ten,28,3,0.9032,0,0,1,1,1,1,0,0,0,0.035
1993,1246,Kentucky,1,Y,sec,26,3,0.8966,0,0,1,1,1,1,1,0,0,0.0625
1993,1276,Michigan,1,Z,big_ten,26,4,0.8667,0,0,1,1,1,1,1,1,0,0.1075
1993,1314,North Carolina,1,W,acc,28,4,0.875,0,0,1,1,1,1,1,1,1,0.1775
1993,1112,Arizona,2,Z,pac_ten,24,3,0.8889,0,0,1,0,0,0,0,0,0,0.0
1993,1153,Cincinnati,2,W,gmwc,24,4,0.8571,0,0,1,1,1,1,0,0,0,0.035
1993,1242,Kansas,2,X,big_eight,22,6,0.7857,0,0,1,1,1,1,1,0,0,0.0625
1993,1371,Seton Hall,2,Y,big_east,26,6,0.8125,0,0,1,1,0,0,0,0,0,0.0
1993,1181,Duke,3,X,acc,23,7,0.7667,0,0,1,1,0,0,0,0,0,0.0
1993,1199,Florida St,3,Y,acc,22,9,0.7097,0,0,1,1,1,1,0,0,0,0.035
1993,1269,Massachusetts,3,W,a_ten,23,6,0.7931,0,0,1,1,0,0,0,0,0,0.0
1993,1435,Vanderbilt,3,Z,sec,26,5,0.8387,0,0,1,1,1,0,0,0,0,0.015
1993,1116,Arkansas,4,W,sec,20,8,0.7143,0,0,1,1,1,0,0,0,0,0.025741
1993,1210,Georgia Tech,4,Z,acc,19,10,0.6552,0,0,1,0,0,0,0,0,0,0.0
1993,1234,Iowa,4,Y,big_ten,21,8,0.7241,0,0,1,1,0,0,0,0,0,0.010741
1993,1257,Louisville,4,X,metro,19,8,0.7037,0,0,1,1,1,0,0,0,0,0.025741
1993,1307,New Mexico,5,Z,wac,23,6,0.7931,0,0,1,0,0,0,0,0,0,0.0
1993,1329,Oklahoma St,5,X,big_eight,15,8,0.6522,0,0,1,1,0,0,0,0,0,0.010741
1993,1385,St John's,5,W,big_east,18,10,0.6429,0,0,1,1,0,0,0,0,0,0.010741
1993,1448,Wake Forest,5,Y,acc,19,8,0.7037,0,0,1,1,1,0,0,0,0,0.025741
1993,1143,California,6,X,pac_ten,19,8,0.7037,0,0,1,1,1,0,0,0,0,0.025741
1993,1228,Illinois,6,Z,big_ten,18,12,0.6,0,0,1,1,0,0,0,0,0,0.010741
1993,1243,Kansas St,6,Y,big_eight,19,10,0.6552,0,0,1,0,0,0,0,0,0,0.0
1993,1438,Virginia,6,W,acc,19,9,0.6786,0,0,1,1,1,0,0,0,0,0.025741
1993,1140,BYU,7,X,wac,24,8,0.75,0,0,1,1,0,0,0,0,0,0.010741
1993,1308,New Mexico St,7,W,big_west,22,7,0.7586,0,0,1,1,0,0,0,0,0,0.010741
1993,1396,Temple,7,Z,a_ten,17,12,0.5862,0,0,1,1,1,1,0,0,0,0.045741
1993,1443,WKU,7,Y,sun_belt,24,5,0.8276,0,0,1,1,1,0,0,0,0,0.025741
1993,1235,Iowa St,8,Z,big_eight,19,10,0.6552,0,0,1,0,0,0,0,0,0,0.0
1993,1309,New Orleans,8,X,sun_belt,25,3,0.8929,0,0,1,0,0,0,0,0,0,0.0
1993,1348,Rhode Island,8,W,a_ten,18,10,0.6429,0,0,1,1,0,0,0,0,0,0.010741
1993,1428,Utah,8,Y,wac,22,6,0.7857,0,0,1,1,0,0,0,0,0,0.010741
1993,1338,Pittsburgh,9,Y,big_east,17,10,0.6296,0,0,1,0,0,0,0,0,0,0.0
1993,1345,Purdue,9,W,big_ten,18,9,0.6667,0,0,1,0,0,0,0,0,0,0.0
1993,1417,UCLA,9,Z,pac_ten,21,10,0.6774,0,0,1,1,0,0,0,0,0,0.010741
1993,1462,Xavier,9,X,mw_coll,22,5,0.8148,0,0,1,1,0,0,0,0,0,0.010741
1993,1272,Memphis,10,Y,gmwc,18,11,0.6207,0,0,1,0,0,0,0,0,0,0.0
1993,1281,Missouri,10,Z,big_eight,16,13,0.5517,0,0,1,0,0,0,0,0,0,0.0
1993,1304,Nebraska,10,W,big_eight,20,10,0.6667,0,0,1,0,0,0,0,0,0,0.0
1993,1374,SMU,10,X,swc,18,7,0.72,0,0,1,0,0,0,0,0,0,0.0
1993,1253,Long Beach St,11,Z,big_west,20,9,0.6897,0,0,1,0,0,0,0,0,0,0.0
1993,1261,LSU,11,X,sec,22,10,0.6875,0,0,1,0,0,0,0,0,0,0.0
1993,1264,Manhattan,11,W,maac,23,6,0.7931,0,0,1,0,0,0,0,0,0,0.0
1993,1408,Tulane,11,Y,metro,20,8,0.7143,0,0,1,1,0,0,0,0,0,0.010741
1993,1151,Chattanooga,12,Y,southern,22,6,0.7857,0,0,1,0,0,0,0,0,0,0.0
1993,1203,G Washington,12,Z,a_ten,19,8,0.7037,0,0,1,1,1,0,0,0,0,0.025741
1993,1266,Marquette,12,X,gmwc,20,7,0.7407,0,0,1,0,0,0,0,0,0,0.0
1993,1403,Texas Tech,12,W,swc,16,11,0.5926,0,0,1,0,0,0,0,0,0,0.0
1993,1174,Delaware,13,X,nac,21,7,0.75,0,0,1,0,0,0,0,0,0,0.00537
1993,1221,Holy Cross,13,W,patriot,23,6,0.7931,0,0,1,0,0,0,0,0,0,0.00537
1993,1380,Southern Univ,13,Z,swac,16,9,0.64,0,0,1,1,0,0,0,0,0,0.00537
1993,1419,ULM,13,Y,southland,25,4,0.8621,0,0,1,0,0,0,0,0,0,0.00537
1993,1129,Boise St,14,Z,big_sky,19,7,0.7308,0,0,1,0,0,0,0,0,0,0.00537
1993,1191,Evansville,14,Y,mw_coll,22,6,0.7857,0,0,1,0,0,0,0,0,0,0.00537
1993,1335,Penn,14,W,ivy,22,4,0.8462,0,0,1,0,0,0,0,0,0,0.00537
1993,1356,S Illinois,14,X,mvc,22,9,0.7097,0,0,1,0,0,0,0,0,0,0.00537
1993,1123,Ball St,15,X,mac,24,7,0.7742,0,0,1,0,0,0,0,0,0,0.00537
1993,1164,Coppin St,15,W,meac,22,7,0.7586,0,0,1,0,0,0,0,0,0,0.00537
1993,1365,Santa Clara,15,Z,wcc,16,11,0.5926,0,0,1,1,0,0,0,0,0,0.00537
1993,1398,Tennessee St,15,Y,ovc,19,8,0.7037,0,0,1,0,0,0,0,0,0,0.00537
1993,1157,Coastal Car,16,Z,big_south,19,9,0.6786,0,0,1,0,0,0,0,0,0,0.00537
1993,1187,East Carolina,16,W,caa,11,16,0.4074,0,0,1,0,0,0,0,0,0,0.00537
1993,1351,Rider,16,Y,nec,19,10,0.6552,0,0,1,0,0,0,0,0,0,0.00537
1993,1460,Wright St,16,X,mid_cont,19,9,0.6786,0,0,1,0,0,0,0,0,0,0.00537
1994,1116,Arkansas,1,Y,sec,24,3,0.8889,0,0,1,1,1,1,1,1,1,0.1775
1994,1281,Missouri,1,Z,big_eight,24,3,0.8889,0,0,1,1,1,1,0,0,0,0.035
1994,1314,North Carolina,1,W,acc,27,6,0.8182,0,0,1,1,0,0,0,0,0,0.0
1994,1345,Purdue,1,X,big_ten,26,4,0.8667,0,0,1,1,1,1,0,0,0,0.035
1994,1112,Arizona,2,Z,pac_ten,25,5,0.8333,0,0,1,1,1,1,1,0,0,0.0625
1994,1163,Connecticut,2,W,big_east,27,4,0.871,0,0,1,1,1,0,0,0,0,0.015
1994,1181,Duke,2,X,acc,23,5,0.8214,0,0,1,1,1,1,1,1,0,0.1075
1994,1269,Massachusetts,2,Y,a_ten,27,6,0.8182,0,0,1,1,0,0,0,0,0,0.0
1994,1196,Florida,3,W,sec,25,7,0.7812,0,0,1,1,1,1,1,0,0,0.0625
1994,1246,Kentucky,3,X,sec,26,6,0.8125,0,0,1,1,0,0,0,0,0,0.0
1994,1257,Louisville,3,Z,metro,26,5,0.8387,0,0,1,1,1,0,0,0,0,0.015
1994,1276,Michigan,3,Y,big_ten,21,7,0.75,0,0,1,1,1,1,0,0,0,0.035
1994,1242,Kansas,4,X,big_eight,24,7,0.7742,0,0,1,1,1,0,0,0,0,0.025357
1994,1329,Oklahoma St,4,Y,big_eight,21,9,0.7,0,0,1,1,0,0,0,0,0,0.010357
1994,1393,Syracuse,4,Z,big_east,21,6,0.7778,0,0,1,1,1,0,0,0,0,0.025357
1994,1396,Temple,4,W,a_ten,22,7,0.7586,0,0,1,1,0,0,0,0,0,0.010357
1994,1143,California,5,Z,pac_ten,22,7,0.7586,0,0,1,0,0,0,0,0,0,0.0
1994,1231,Indiana,5,W,big_ten,19,8,0.7037,0,0,1,1,1,0,0,0,0,0.025357
1994,1417,UCLA,5,Y,pac_ten,21,6,0.7778,0,0,1,0,0,0,0,0,0,0.0
1994,1448,Wake Forest,5,X,acc,20,10,0.6667,0,0,1,1,0,0,0,0,0,0.010357
1994,1266,Marquette,6,X,gmwc,21,8,0.7241,0,0,1,1,1,0,0,0,0,0.025357
1994,1278,Minnesota,6,Z,big_ten,20,11,0.6452,0,0,1,1,0,0,0,0,0,0.010357
1994,1304,Nebraska,6,W,big_eight,20,9,0.6897,0,0,1,0,0,0,0,0,0,0.0
1994,1400,Texas,6,Y,swc,25,7,0.7812,0,0,1,1,0,0,0,0,0,0.010357
1994,1277,Michigan St,7,X,big_ten,19,11,0.6333,0,0,1,1,0,0,0,0,0,0.010357
1994,1387,St Louis,7,Y,gmwc,22,5,0.8148,0,0,1,0,0,0,0,0,0,0.0
1994,1412,UAB,7,W,gmwc,22,7,0.7586,0,0,1,0,0,0,0,0,0,0.0
1994,1438,Virginia,7,Z,acc,17,12,0.5862,0,0,1,1,0,0,0,0,0,0.010357
1994,1153,Cincinnati,8,Z,gmwc,22,9,0.7097,0,0,1,0,0,0,0,0,0,0.0
1994,1228,Illinois,8,Y,big_ten,17,10,0.6296,0,0,1,0,0,0,0,0,0,0.0
1994,1344,Providence,8,X,big_east,20,9,0.6897,0,0,1,0,0,0,0,0,0,0.0
1994,1450,Washington St,8,W,pac_ten,18,10,0.6429,0,0,1,0,0,0,0,0,0,0.0
1994,1104,Alabama,9,X,sec,19,9,0.6786,0,0,1,1,0,0,0,0,0,0.010357
1994,1130,Boston College,9,W,big_east,19,10,0.6552,0,0,1,1,1,1,0,0,0,0.045357
1994,1207,Georgetown,9,Y,big_east,16,11,0.5926,0,0,1,1,0,0,0,0,0,0.010357
1994,1458,Wisconsin,9,Z,big_ten,17,10,0.6296,0,0,1,1,0,0,0,0,0,0.010357
1994,1203,G Washington,10,W,a_ten,17,11,0.6071,0,0,1,1,0,0,0,0,0,0.010357
1994,1268,Maryland,10,Y,acc,16,11,0.5926,0,0,1,1,1,0,0,0,0,0.025357
1994,1307,New Mexico,10,Z,wac,21,7,0.75,0,0,1,0,0,0,0,0,0,0.0
1994,1371,Seton Hall,10,X,big_east,17,12,0.5862,0,0,1,0,0,0,0,0,0,0.0
1994,1335,Penn,11,W,ivy,23,2,0.92,0,0,1,1,0,0,0,0,0,0.010357
1994,1356,S Illinois,11,Z,mvc,22,6,0.7857,0,0,1,0,0,0,0,0,0,0.0
1994,1418,Louisiana,11,X,sun_belt,21,7,0.75,0,0,1,0,0,0,0,0,0,0.0
1994,1443,WKU,11,Y,sun_belt,19,10,0.6552,0,0,1,0,0,0,0,0,0,0.0
1994,1158,Col Charleston,12,X,a_sun,22,3,0.88,0,0,1,0,0,0,0,0,0,0.0
1994,1325,Ohio,12,W,mac,23,7,0.7667,0,0,1,0,0,0,0,0,0,0.0
1994,1409,Tulsa,12,Y,mvc,20,7,0.7407,0,0,1,1,1,0,0,0,0,0.025357
1994,1453,WI Green Bay,12,Z,mid_cont,26,6,0.8125,0,0,1,1,0,0,0,0,0,0.010357
1994,1151,Chattanooga,13,X,southern,21,6,0.7778,0,0,1,0,0,0,0,0,0,0.005179
1994,1180,Drexel,13,W,nac,24,4,0.8571,0,0,1,0,0,0,0,0,0,0.005179
1994,1218,Hawaii,13,Z,wac,18,14,0.5625,0,0,1,0,0,0,0,0,0,0.005179
1994,1308,New Mexico St,13,Y,big_west,21,7,0.75,0,0,1,0,0,0,0,0,0,0.005179
1994,1129,Boise St,14,Z,big_sky,15,11,0.5769,0,0,1,0,0,0,0,0,0,0.005179
1994,1241,James Madison,14,W,caa,20,9,0.6897,0,0,1,0,0,0,0,0,0,0.005179
1994,1337,Pepperdine,14,Y,wcc,17,10,0.6296,0,0,1,0,0,0,0,0,0,0.005179
1994,1398,Tennessee St,14,X,ovc,17,11,0.6071,0,0,1,0,0,0,0,0,0,0.005179
1994,1259,Loyola MD,15,Z,maac,17,12,0.5862,0,0,1,0,0,0,0,0,0,0.005179
1994,1351,Rider,15,W,nec,21,8,0.7241,0,0,1,0,0,0,0,0,0,0.005179
1994,1402,Texas St,15,Y,southland,22,6,0.7857,0,0,1,0,0,0,0,0,0,0.005179
1994,1411,TX Southern,15,X,swac,15,10,0.6,0,0,1,0,0,0,0,0,0,0.005179
1994,1251,Liberty,16,W,big_south,16,11,0.5926,0,0,1,0,0,0,0,0,0,0.005179
1994,1298,Navy,16,Z,patriot,16,12,0.5714,0,0,1,0,0,0,0,0,0,0.005179
1994,1299,NC A&T,16,Y,meac,15,12,0.5556,0,0,1,0,0,0,0,0,0,0.005179
1994,1416,UCF,16,X,a_sun,19,8,0.7037,0,0,1,0,0,0,0,0,0,0.005179
1995,1242,Kansas,1,Y,big_eight,22,5,0.8148,0,0,1,1,1,0,0,0,0,0.015
1995,1246,Kentucky,1,Z,sec,25,4,0.8621,0,0,1,1,1,1,0,0,0,0.035
1995,1417,UCLA,1,X,pac_ten,25,2,0.9259,0,0,1,1,1,1,1,1,1,0.1775
1995,1448,Wake Forest,1,W,acc,24,5,0.8276,0,0,1,1,1,0,0,0,0,0.015
1995,1116,Arkansas,2,Y,sec,26,6,0.8125,0,0,1,1,1,1,1,1,0,0.1075
1995,1163,Connecticut,2,X,big_east,25,4,0.8621,0,0,1,1,1,1,0,0,0,0.035
1995,1269,Massachusetts,2,W,a_ten,26,4,0.8667,0,0,1,1,1,1,0,0,0,0.035
1995,1314,North Carolina,2,Z,acc,24,5,0.8276,0,0,1,1,1,1,1,0,0,0.0625
1995,1268,Maryland,3,X,acc,23,7,0.7667,0,0,1,1,1,0,0,0,0,0.015
1995,1277,Michigan St,3,Z,big_ten,22,5,0.8148,0,0,1,0,0,0,0,0,0,0.0
1995,1345,Purdue,3,Y,big_ten,24,6,0.8,0,0,1,1,0,0,0,0,0,0.0
1995,1437,Villanova,3,W,big_east,24,7,0.7742,0,0,1,0,0,0,0,0,0,0.0
1995,1328,Oklahoma,4,Z,big_eight,23,8,0.7419,0,0,1,0,0,0,0,0,0,0.0
1995,1329,Oklahoma St,4,W,big_eight,21,9,0.7,0,0,1,1,1,1,1,0,0,0.073241
1995,1428,Utah,4,X,wac,25,5,0.8333,0,0,1,1,0,0,0,0,0,0.010741
1995,1438,Virginia,4,Y,acc,22,8,0.7333,0,0,1,1,1,1,0,0,0,0.045741
1995,1104,Alabama,5,W,sec,22,9,0.7097,0,0,1,1,0,0,0,0,0,0.010741
1995,1112,Arizona,5,Y,pac_ten,22,7,0.7586,0,0,1,0,0,0,0,0,0,0.0
1995,1113,Arizona St,5,Z,pac_ten,22,8,0.7333,0,0,1,1,1,0,0,0,0,0.025741
1995,1280,Mississippi St,5,X,sec,20,7,0.7407,0,0,1,1,1,0,0,0,0,0.025741
1995,1207,Georgetown,6,Z,big_east,19,9,0.6786,0,0,1,1,1,0,0,0,0,0.025741
1995,1272,Memphis,6,Y,gmwc,22,9,0.7097,0,0,1,1,1,0,0,0,0,0.025741
1995,1332,Oregon,6,X,pac_ten,17,8,0.68,0,0,1,0,0,0,0,0,0,0.0
1995,1409,Tulsa,6,W,mvc,22,7,0.7586,0,0,1,1,1,0,0,0,0,0.025741
1995,1150,Charlotte,7,W,metro,19,8,0.7037,0,0,1,0,0,0,0,0,0,0.0
1995,1153,Cincinnati,7,X,gmwc,21,11,0.6562,0,0,1,1,0,0,0,0,0,0.010741
1995,1235,Iowa St,7,Z,big_eight,19,10,0.6552,0,0,1,1,0,0,0,0,0,0.010741
1995,1393,Syracuse,7,Y,big_east,18,9,0.6667,0,0,1,1,0,0,0,0,0,0.010741
1995,1140,BYU,8,Z,wac,22,9,0.7097,0,0,1,0,0,0,0,0,0,0.0
1995,1278,Minnesota,8,W,big_ten,19,11,0.6333,0,0,1,0,0,0,0,0,0,0.0
1995,1281,Missouri,8,X,big_eight,19,8,0.7037,0,0,1,1,0,0,0,0,0,0.010741
1995,1443,WKU,8,Y,sun_belt,25,3,0.8929,0,0,1,1,0,0,0,0,0,0.010741
1995,1231,Indiana,9,X,big_ten,18,11,0.6207,0,0,1,0,0,0,0,0,0,0.0
1995,1276,Michigan,9,Y,big_ten,17,13,0.5667,0,0,1,0,0,0,0,0,0,0.0
1995,1387,St Louis,9,W,gmwc,22,7,0.7586,0,0,1,1,0,0,0,0,0,0.010741
1995,1408,Tulane,9,Z,metro,22,9,0.7097,0,0,1,1,0,0,0,0,0,0.010741
1995,1196,Florida,10,Z,sec,17,12,0.5862,0,0,1,0,0,0,0,0,0,0.0
1995,1356,S Illinois,10,Y,mvc,22,8,0.7333,0,0,1,0,0,0,0,0,0,0.0
1995,1390,Stanford,10,W,pac_ten,19,8,0.7037,0,0,1,1,0,0,0,0,0,0.010741
1995,1396,Temple,10,X,a_ten,19,10,0.6552,0,0,1,0,0,0,0,0,0,0.0
1995,1228,Illinois,11,W,big_ten,18,11,0.6207,0,0,1,0,0,0,0,0,0,0.0
1995,1257,Louisville,11,Y,metro,19,13,0.5938,0,0,1,0,0,0,0,0,0,0.0
1995,1400,Texas,11,X,swc,22,6,0.7857,0,0,1,1,0,0,0,0,0,0.010741
1995,1462,Xavier,11,Z,mw_coll,22,4,0.8462,0,0,1,0,0,0,0,0,0,0.0
1995,1123,Ball St,12,Z,mac,17,10,0.6296,0,0,1,0,0,0,0,0,0,0.0
1995,1275,Miami OH,12,Y,mac,21,6,0.7778,0,0,1,1,0,0,0,0,0,0.010741
1995,1335,Penn,12,W,ivy,22,5,0.8148,0,0,1,0,0,0,0,0,0,0.0
1995,1365,Santa Clara,12,X,wcc,20,6,0.7692,0,0,1,0,0,0,0,0,0,0.0
1995,1180,Drexel,13,W,nac,22,7,0.7586,0,0,1,0,0,0,0,0,0,0.00537
1995,1253,Long Beach St,13,X,big_west,19,9,0.6786,0,0,1,0,0,0,0,0,0,0.00537
1995,1264,Manhattan,13,Z,maac,25,4,0.8621,0,0,1,1,0,0,0,0,0,0.00537
1995,1311,Nicholls St,13,Y,southland,22,5,0.8148,0,0,1,0,0,0,0,0,0,0.00537
1995,1211,Gonzaga,14,X,wcc,19,8,0.7037,0,0,1,0,0,0,0,0,0,0.00537
1995,1330,Old Dominion,14,W,caa,20,11,0.6452,0,0,1,1,0,0,0,0,0,0.00537
1995,1451,Weber St,14,Z,big_sky,17,8,0.68,0,0,1,1,0,0,0,0,0,0.00537
1995,1453,WI Green Bay,14,Y,mw_coll,22,7,0.7586,0,0,1,0,0,0,0,0,0,0.00537
1995,1151,Chattanooga,15,X,southern,17,10,0.6296,0,0,1,0,0,0,0,0,0,0.00537
1995,1293,Murray St,15,Z,ovc,18,8,0.6923,0,0,1,0,0,0,0,0,0,0.00537
1995,1389,St Peter's,15,W,maac,19,10,0.6552,0,0,1,0,0,0,0,0,0,0.00537
1995,1411,TX Southern,15,Y,swac,20,6,0.7692,0,0,1,0,0,0,0,0,0,0.00537
1995,1159,Colgate,16,Y,patriot,17,12,0.5862,0,0,1,0,0,0,0,0,0,0.00537
1995,1198,Florida Intl,16,X,a_sun,11,18,0.3793,0,0,1,0,0,0,0,0,0,0.00537
1995,1291,Mt St Mary's,16,Z,nec,16,12,0.5714,0,0,1,0,0,0,0,0,0,0.00537
1995,1299,NC A&T,16,W,meac,13,13,0.5,0,0,1,0,0,0,0,0,0,0.00537
1996,1163,Connecticut,1,Y,big_east,30,2,0.9375,0,0,1,1,1,0,0,0,0,0.015
1996,1246,Kentucky,1,X,sec,28,2,0.9333,0,0,1,1,1,1,1,1,1,0.1775
1996,1269,Massachusetts,1,W,a_ten,31,1,0.9688,0,0,1,1,1,1,1,0,0,0.0625
1996,1345,Purdue,1,Z,big_ten,25,5,0.8333,0,0,1,1,0,0,0,0,0,0.0
1996,1153,Cincinnati,2,Y,cusa,25,4,0.8621,0,0,1,1,1,1,0,0,0,0.035
1996,1207,Georgetown,2,W,big_east,24,7,0.7742,0,0,1,1,1,1,0,0,0,0.035
1996,1242,Kansas,2,Z,big_eight,25,4,0.8621,0,0,1,1,1,1,0,0,0,0.035
1996,1448,Wake Forest,2,X,acc,23,5,0.8214,0,0,1,1,1,1,0,0,0,0.035
1996,1112,Arizona,3,Z,pac_ten,24,6,0.8,0,0,1,1,1,0,0,0,0,0.015
1996,1210,Georgia Tech,3,Y,acc,22,11,0.6667,0,0,1,1,1,0,0,0,0,0.015
1996,1403,Texas Tech,3,W,swc,28,1,0.9655,0,0,1,1,1,0,0,0,0,0.015
1996,1437,Villanova,3,X,big_east,25,6,0.8065,0,0,1,1,0,0,0,0,0,0.0
1996,1266,Marquette,4,W,cusa,22,7,0.7586,0,0,1,1,0,0,0,0,0,0.010741
1996,1393,Syracuse,4,Z,big_east,24,8,0.75,0,0,1,1,1,1,1,1,0,0.118241
1996,1417,UCLA,4,Y,pac_ten,23,7,0.7667,0,0,1,0,0,0,0,0,0,0.0
1996,1428,Utah,4,X,wac,23,6,0.7931,0,0,1,1,1,0,0,0,0,0.025741
1996,1235,Iowa St,5,X,big_eight,22,8,0.7333,0,0,1,1,0,0,0,0,0,0.010741
1996,1272,Memphis,5,Z,cusa,22,7,0.7586,0,0,1,0,0,0,0,0,0,0.0
1996,1280,Mississippi St,5,Y,sec,22,7,0.7586,0,0,1,1,1,1,1,0,0,0.073241
1996,1336,Penn St,5,W,big_ten,21,6,0.7778,0,0,1,0,0,0,0,0,0,0.0
1996,1231,Indiana,6,Y,big_ten,18,11,0.6207,0,0,1,0,0,0,0,0,0,0.0
1996,1234,Iowa,6,Z,big_ten,22,8,0.7333,0,0,1,1,0,0,0,0,0,0.010741
1996,1257,Louisville,6,X,cusa,19,11,0.6333,0,0,1,1,1,0,0,0,0,0.025741
1996,1314,North Carolina,6,W,acc,20,10,0.6667,0,0,1,1,0,0,0,0,0,0.010741
1996,1268,Maryland,7,Z,acc,17,12,0.5862,0,0,1,0,0,0,0,0,0,0.0
1996,1276,Michigan,7,X,big_ten,20,11,0.6452,0,0,1,0,0,0,0,0,0,0.0
1996,1307,New Mexico,7,W,wac,26,4,0.8667,0,0,1,1,0,0,0,0,0,0.010741
1996,1396,Temple,7,Y,a_ten,19,12,0.6129,0,0,1,1,0,0,0,0,0,0.010741
1996,1133,Bradley,8,W,mvc,22,7,0.7586,0,0,1,0,0,0,0,0,0,0.0
1996,1181,Duke,8,Y,acc,18,12,0.6,0,0,1,0,0,0,0,0,0,0.0
1996,1208,Georgia,8,Z,sec,19,9,0.6786,0,0,1,1,1,0,0,0,0,0.025741
1996,1453,WI Green Bay,8,X,mw_coll,24,3,0.8889,0,0,1,0,0,0,0,0,0,0.0
1996,1155,Clemson,9,Z,acc,18,10,0.6429,0,0,1,0,0,0,0,0,0,0.0
1996,1185,E Michigan,9,Y,mac,22,5,0.8148,0,0,1,1,0,0,0,0,0,0.010741
1996,1390,Stanford,9,W,pac_ten,19,8,0.7037,0,0,1,1,0,0,0,0,0,0.010741
1996,1439,Virginia Tech,9,X,a_ten,22,5,0.8148,0,0,1,1,0,0,0,0,0,0.010741
1996,1243,Kansas St,10,W,big_eight,16,11,0.5926,0,0,1,0,0,0,0,0,0,0.0
1996,1328,Oklahoma,10,Y,big_eight,17,12,0.5862,0,0,1,0,0,0,0,0,0,0.0
1996,1365,Santa Clara,10,Z,wcc,19,8,0.7037,0,0,1,1,0,0,0,0,0,0.010741
1996,1400,Texas,10,X,swc,20,9,0.6897,0,0,1,1,0,0,0,0,0,0.010741
1996,1130,Boston College,11,Y,big_east,18,10,0.6429,0,0,1,1,0,0,0,0,0,0.010741
1996,1203,G Washington,11,Z,a_ten,21,7,0.75,0,0,1,0,0,0,0,0,0,0.0
1996,1309,New Orleans,11,W,sun_belt,21,8,0.7241,0,0,1,0,0,0,0,0,0,0.0
1996,1409,Tulsa,11,X,mvc,22,7,0.7586,0,0,1,0,0,0,0,0,0,0.0
1996,1116,Arkansas,12,W,sec,18,12,0.6,0,0,1,1,1,0,0,0,0,0.025741
1996,1143,California,12,X,pac_ten,17,10,0.6296,0,0,1,0,0,0,0,0,0,0.0
1996,1180,Drexel,12,Z,nac,25,3,0.8929,0,0,1,1,0,0,0,0,0,0.010741
1996,1433,VCU,12,Y,caa,24,8,0.75,0,0,1,0,0,0,0,0,0,0.0
1996,1145,Canisius,13,X,maac,19,10,0.6552,0,0,1,0,0,0,0,0,0,0.00537
1996,1284,Monmouth NJ,13,W,nec,20,9,0.6897,0,0,1,0,0,0,0,0,0,0.00537
1996,1286,Montana St,13,Z,big_sky,19,8,0.7037,0,0,1,0,0,0,0,0,0,0.00537
1996,1343,Princeton,13,Y,ivy,20,6,0.7692,0,0,1,1,0,0,0,0,0,0.00537
1996,1122,Austin Peay,14,Y,ovc,17,10,0.6296,0,0,1,0,0,0,0,0,0,0.00537
1996,1296,N Illinois,14,W,mw_coll,19,9,0.6786,0,0,1,0,0,0,0,0,0,0.00537
1996,1339,Portland,14,X,wcc,17,10,0.6296,0,0,1,0,0,0,0,0,0,0.00537
1996,1434,Valparaiso,14,Z,mid_cont,19,10,0.6552,0,0,1,0,0,0,0,0,0,0.00537
1996,1290,MS Valley St,15,W,swac,18,6,0.75,0,0,1,0,0,0,0,0,0,0.00537
1996,1354,S Carolina St,15,Z,meac,20,7,0.7407,0,0,1,0,0,0,0,0,0,0.00537
1996,1419,ULM,15,X,southland,15,13,0.5357,0,0,1,0,0,0,0,0,0,0.00537
1996,1422,UNC Greensboro,15,Y,big_south,20,9,0.6897,0,0,1,0,0,0,0,0,0,0.00537
1996,1159,Colgate,16,Y,patriot,15,14,0.5172,0,0,1,0,0,0,0,0,0,0.00537
1996,1363,San Jose St,16,X,big_west,13,16,0.4483,0,0,1,0,0,0,0,0,0,0.00537
1996,1416,UCF,16,W,a_sun,10,18,0.3571,0,0,1,0,0,0,0,0,0,0.00537
1996,1441,W Carolina,16,Z,southern,15,11,0.5769,0,0,1,0,0,0,0,0,0,0.00537
1997,1242,Kansas,1,X,big_twelve,31,1,0.9688,0,0,1,1,1,0,0,0,0,0.015
1997,1246,Kentucky,1,Z,sec,29,4,0.8788,0,0,1,1,1,1,1,1,0,0.1075
1997,1278,Minnesota,1,Y,big_ten,26,3,0.8966,0,0,1,1,1,1,1,0,0,0.0625
1997,1314,North Carolina,1,W,acc,24,6,0.8,0,0,1,1,1,1,1,0,0,0.0625
1997,1181,Duke,2,X,acc,23,8,0.7419,0,0,1,1,0,0,0,0,0,0.0
1997,1376,South Carolina,2,W,sec,23,7,0.7667,0,0,1,0,0,0,0,0,0,0.0
1997,1417,UCLA,2,Y,pac_ten,21,7,0.75,0,0,1,1,1,1,0,0,0,0.035
1997,1428,Utah,2,Z,wac,25,3,0.8929,0,0,1,1,1,1,0,0,0,0.035
1997,1153,Cincinnati,3,Y,cusa,25,7,0.7812,0,0,1,1,0,0,0,0,0,0.0
1997,1208,Georgia,3,X,sec,24,8,0.75,0,0,1,0,0,0,0,0,0,0.0
1997,1307,New Mexico,3,W,wac,23,7,0.7667,0,0,1,1,0,0,0,0,0,0.0
1997,1448,Wake Forest,3,Z,acc,23,6,0.7931,0,0,1,1,0,0,0,0,0,0.0
1997,1112,Arizona,4,X,pac_ten,19,9,0.6786,0,0,1,1,1,1,1,1,1,0.187857
1997,1155,Clemson,4,Y,acc,21,9,0.7,0,0,1,1,1,0,0,0,0,0.025357
1997,1386,St Joseph's PA,4,Z,a_ten,24,6,0.8,0,0,1,1,1,0,0,0,0,0.025357
1997,1437,Villanova,4,W,big_east,22,9,0.7097,0,0,1,1,0,0,0,0,0,0.010357
1997,1130,Boston College,5,Z,big_east,21,8,0.7241,0,0,1,1,0,0,0,0,0,0.010357
1997,1143,California,5,W,pac_ten,21,8,0.7241,0,0,1,1,1,0,0,0,0,0.025357
1997,1268,Maryland,5,X,acc,21,10,0.6774,0,0,1,0,0,0,0,0,0,0.0
1997,1409,Tulsa,5,Y,wac,23,9,0.7188,0,0,1,1,0,0,0,0,0,0.010357
1997,1228,Illinois,6,X,big_ten,21,9,0.7,0,0,1,1,0,0,0,0,0,0.010357
1997,1235,Iowa St,6,Y,big_twelve,20,8,0.7143,0,0,1,1,1,0,0,0,0,0.025357
1997,1257,Louisville,6,W,cusa,23,8,0.7419,0,0,1,1,1,1,0,0,0,0.045357
1997,1390,Stanford,6,Z,pac_ten,18,7,0.72,0,0,1,1,1,0,0,0,0,0.025357
1997,1150,Charlotte,7,Z,cusa,21,8,0.7241,0,0,1,1,0,0,0,0,0,0.010357
1997,1266,Marquette,7,X,cusa,22,8,0.7333,0,0,1,0,0,0,0,0,0,0.0
1997,1458,Wisconsin,7,W,big_ten,18,9,0.6667,0,0,1,0,0,0,0,0,0,0.0
1997,1462,Xavier,7,Y,a_ten,22,5,0.8148,0,0,1,1,0,0,0,0,0,0.010357
1997,1231,Indiana,8,W,big_ten,22,10,0.6875,0,0,1,0,0,0,0,0,0,0.0
1997,1234,Iowa,8,Z,big_ten,20,9,0.6897,0,0,1,1,0,0,0,0,0,0.010357
1997,1279,Mississippi,8,Y,sec,19,8,0.7037,0,0,1,0,0,0,0,0,0,0.0
1997,1345,Purdue,8,X,big_ten,17,11,0.6071,0,0,1,1,0,0,0,0,0,0.010357
1997,1160,Colorado,9,W,big_twelve,21,9,0.7,0,0,1,1,0,0,0,0,0,0.010357
1997,1348,Rhode Island,9,X,a_ten,20,9,0.6897,0,0,1,0,0,0,0,0,0,0.0
1997,1396,Temple,9,Y,a_ten,19,10,0.6552,0,0,1,1,0,0,0,0,0,0.010357
1997,1438,Virginia,9,Z,acc,18,12,0.6,0,0,1,0,0,0,0,0,0,0.0
1997,1207,Georgetown,10,Z,big_east,19,9,0.6786,0,0,1,0,0,0,0,0,0,0.0
1997,1344,Providence,10,X,big_east,20,11,0.6452,0,0,1,1,1,1,0,0,0,0.045357
1997,1400,Texas,10,W,big_twelve,16,11,0.5926,0,0,1,1,1,0,0,0,0,0.025357
1997,1435,Vanderbilt,10,Y,sec,18,11,0.6207,0,0,1,0,0,0,0,0,0,0.0
1997,1229,Illinois St,11,Y,mvc,24,5,0.8276,0,0,1,0,0,0,0,0,0,0.0
1997,1269,Massachusetts,11,W,a_ten,18,13,0.5806,0,0,1,0,0,0,0,0,0,0.0
1997,1328,Oklahoma,11,Z,big_twelve,19,10,0.6552,0,0,1,0,0,0,0,0,0,0.0
1997,1425,USC,11,X,pac_ten,17,10,0.6296,0,0,1,0,0,0,0,0,0,0.0
1997,1131,Boston Univ,12,Y,aec,25,4,0.8621,0,0,1,0,0,0,0,0,0,0.0
1997,1158,Col Charleston,12,X,a_sun,26,2,0.9286,0,0,1,1,0,0,0,0,0,0.010357
1997,1343,Princeton,12,W,ivy,23,3,0.8846,0,0,1,0,0,0,0,0,0,0.0
1997,1434,Valparaiso,12,Z,mid_cont,22,6,0.7857,0,0,1,0,0,0,0,0,0,0.0
1997,1254,LIU Brooklyn,13,W,nec,21,8,0.7241,0,0,1,0,0,0,0,0,0,0.005179
1997,1275,Miami OH,13,Y,mac,21,8,0.7241,0,0,1,0,0,0,0,0,0,0.005179
1997,1334,Pacific,13,Z,big_west,22,5,0.8148,0,0,1,0,0,0,0,0,0,0.005179
1997,1375,South Alabama,13,X,sun_belt,21,6,0.7778,0,0,1,0,0,0,0,0,0,0.005179
1997,1139,Butler,14,Y,mw_coll,21,9,0.7,0,0,1,0,0,0,0,0,0,0.005179
1997,1151,Chattanooga,14,X,southern,18,10,0.6429,0,0,1,1,1,0,0,0,0,0.020179
1997,1330,Old Dominion,14,W,caa,22,10,0.6875,0,0,1,0,0,0,0,0,0,0.005179
1997,1388,St Mary's CA,14,Z,wcc,21,7,0.75,0,0,1,0,0,0,0,0,0,0.005179
1997,1149,Charleston So,15,Y,big_south,15,12,0.5556,0,0,1,0,0,0,0,0,0,0.005179
1997,1164,Coppin St,15,W,meac,21,8,0.7241,0,0,1,1,0,0,0,0,0,0.005179
1997,1293,Murray St,15,X,ovc,17,9,0.6538,0,0,1,0,0,0,0,0,0,0.005179
1997,1298,Navy,15,Z,patriot,18,8,0.6923,0,0,1,0,0,0,0,0,0,0.005179
1997,1193,Fairfield,16,W,maac,11,18,0.3793,0,0,1,0,0,0,0,0,0,0.005179
1997,1238,Jackson St,16,X,swac,13,15,0.4643,0,0,1,0,0,0,0,0,0,0.005179
1997,1285,Montana,16,Z,big_sky,17,10,0.6296,0,0,1,0,0,0,0,0,0,0.005179
1997,1402,Texas St,16,Y,southland,15,12,0.5556,0,0,1,0,0,0,0,0,0,0.005179
1998,1112,Arizona,1,X,pac_ten,27,4,0.871,0,0,1,1,1,1,0,0,0,0.035
1998,1181,Duke,1,Z,acc,27,3,0.9,0,0,1,1,1,1,0,0,0,0.035
1998,1242,Kansas,1,Y,big_twelve,33,3,0.9167,0,0,1,1,0,0,0,0,0,0.0
1998,1314,North Carolina,1,W,acc,30,3,0.9091,0,0,1,1,1,1,1,0,0,0.0625
1998,1153,Cincinnati,2,X,cusa,26,5,0.8387,0,0,1,1,0,0,0,0,0,0.0
1998,1163,Connecticut,2,W,big_east,29,4,0.8788,0,0,1,1,1,1,0,0,0,0.035
1998,1246,Kentucky,2,Z,sec,29,4,0.8788,0,0,1,1,1,1,1,1,1,0.1775
1998,1345,Purdue,2,Y,big_ten,26,7,0.7879,0,0,1,1,1,0,0,0,0,0.015
1998,1276,Michigan,3,Z,big_ten,23,8,0.7419,0,0,1,1,0,0,0,0,0,0.0
1998,1376,South Carolina,3,W,sec,22,7,0.7586,0,0,1,0,0,0,0,0,0,0.0
1998,1390,Stanford,3,Y,pac_ten,25,4,0.8621,0,0,1,1,1,1,1,0,0,0.0625
1998,1428,Utah,3,X,wac,24,3,0.8889,0,0,1,1,1,1,1,1,0,0.1075
1998,1268,Maryland,4,X,acc,19,10,0.6552,0,0,1,1,1,0,0,0,0,0.025741
1998,1277,Michigan St,4,W,big_ten,20,7,0.7407,0,0,1,1,1,0,0,0,0,0.025741
1998,1279,Mississippi,4,Y,sec,20,6,0.7692,0,0,1,0,0,0,0,0,0,0.0
1998,1307,New Mexico,4,Z,wac,23,7,0.7667,0,0,1,1,0,0,0,0,0,0.010741
1998,1228,Illinois,5,X,big_ten,22,9,0.7097,0,0,1,1,0,0,0,0,0,0.010741
1998,1343,Princeton,5,W,ivy,25,1,0.9615,0,0,1,1,0,0,0,0,0,0.010741
1998,1393,Syracuse,5,Z,big_east,24,8,0.75,0,0,1,1,1,0,0,0,0,0.025741
1998,1395,TCU,5,Y,wac,26,5,0.8387,0,0,1,0,0,0,0,0,0,0.0
1998,1116,Arkansas,6,X,sec,23,7,0.7667,0,0,1,1,0,0,0,0,0,0.010741
1998,1155,Clemson,6,Y,acc,18,13,0.5806,0,0,1,0,0,0,0,0,0,0.0
1998,1417,UCLA,6,Z,pac_ten,21,8,0.7241,0,0,1,1,1,0,0,0,0,0.025741
1998,1462,Xavier,6,W,a_ten,22,7,0.7586,0,0,1,0,0,0,0,0,0,0.0
1998,1231,Indiana,7,W,big_ten,19,11,0.6333,0,0,1,1,0,0,0,0,0,0.010741
1998,1269,Massachusetts,7,Z,a_ten,21,10,0.6774,0,0,1,0,0,0,0,0,0,0.0
1998,1385,St John's,7,Y,big_east,21,9,0.7,0,0,1,0,0,0,0,0,0,0.0
1998,1396,Temple,7,X,a_ten,21,8,0.7241,0,0,1,0,0,0,0,0,0,0.0
1998,1150,Charlotte,8,W,cusa,19,10,0.6552,0,0,1,1,0,0,0,0,0,0.010741
1998,1329,Oklahoma St,8,Z,big_twelve,21,6,0.7778,0,0,1,1,0,0,0,0,0,0.010741
1998,1348,Rhode Island,8,Y,a_ten,22,8,0.7333,0,0,1,1,1,1,0,0,0,0.045741
1998,1397,Tennessee,8,X,sec,20,8,0.7143,0,0,1,0,0,0,0,0,0,0.0
1998,1203,G Washington,9,Z,a_ten,24,8,0.75,0,0,1,0,0,0,0,0,0,0.0
1998,1227,IL Chicago,9,W,mw_coll,22,5,0.8148,0,0,1,0,0,0,0,0,0,0.0
1998,1229,Illinois St,9,X,mvc,23,5,0.8214,0,0,1,1,0,0,0,0,0,0.010741
1998,1293,Murray St,9,Y,ovc,25,3,0.8929,0,0,1,0,0,0,0,0,0,0.0
1998,1178,Detroit,10,Y,mw_coll,22,5,0.8148,0,0,1,1,0,0,0,0,0,0.010741
1998,1328,Oklahoma,10,W,big_twelve,20,10,0.6667,0,0,1,0,0,0,0,0,0,0.0
1998,1387,St Louis,10,Z,cusa,21,10,0.6774,0,0,1,1,0,0,0,0,0,0.010741
1998,1452,West Virginia,10,X,big_east,20,8,0.7143,0,0,1,1,1,0,0,0,0,0.025741
1998,1274,Miami FL,11,Z,big_east,18,9,0.6667,0,0,1,0,0,0,0,0,0,0.0
1998,1304,Nebraska,11,X,big_twelve,20,11,0.6452,0,0,1,0,0,0,0,0,0,0.0
1998,1444,W Michigan,11,Y,mac,20,7,0.7407,0,0,1,1,0,0,0,0,0,0.010741
1998,1449,Washington,11,W,pac_ten,18,9,0.6667,0,0,1,1,1,0,0,0,0,0.025741
1998,1199,Florida St,12,Y,acc,17,13,0.5667,0,0,1,1,0,0,0,0,0,0.010741
1998,1233,Iona,12,Z,maac,26,5,0.8387,0,0,1,0,0,0,0,0,0,0.0
1998,1375,South Alabama,12,X,sun_belt,21,6,0.7778,0,0,1,0,0,0,0,0,0,0.0
1998,1424,UNLV,12,W,wac,19,12,0.6129,0,0,1,0,0,0,0,0,0,0.0
1998,1139,Butler,13,Z,mw_coll,19,10,0.6552,0,0,1,0,0,0,0,0,0,0.00537
1998,1185,E Michigan,13,W,mac,19,9,0.6786,0,0,1,0,0,0,0,0,0,0.00537
1998,1429,Utah St,13,X,big_west,22,7,0.7586,0,0,1,0,0,0,0,0,0,0.00537
1998,1434,Valparaiso,13,Y,mid_cont,18,8,0.6923,0,0,1,1,1,0,0,0,0,0.02037
1998,1158,Col Charleston,14,Y,a_sun,22,5,0.8148,0,0,1,0,0,0,0,0,0,0.00537
1998,1172,Davidson,14,Z,southern,18,9,0.6667,0,0,1,0,0,0,0,0,0,0.00537
1998,1350,Richmond,14,W,caa,22,7,0.7586,0,0,1,1,0,0,0,0,0,0.00537
1998,1362,San Francisco,14,X,wcc,18,10,0.6429,0,0,1,0,0,0,0,0,0,0.00537
1998,1174,Delaware,15,Y,aec,18,9,0.6667,0,0,1,0,0,0,0,0,0,0.00537
1998,1192,F Dickinson,15,W,nec,22,6,0.7857,0,0,1,0,0,0,0,0,0,0.00537
1998,1319,Northern Arizona,15,X,big_sky,18,6,0.75,0,0,1,0,0,0,0,0,0,0.00537
1998,1354,S Carolina St,15,Z,meac,22,6,0.7857,0,0,1,0,0,0,0,0,0,0.00537
1998,1298,Navy,16,W,patriot,16,10,0.6154,0,0,1,0,0,0,0,0,0,0.00537
1998,1311,Nicholls St,16,X,southland,18,9,0.6667,0,0,1,0,0,0,0,0,0,0.00537
1998,1341,Prairie View,16,Y,swac,9,15,0.375,0,0,1,0,0,0,0,0,0,0.00537
1998,1347,Radford,16,Z,big_south,16,7,0.6957,0,0,1,0,0,0,0,0,0,0.00537
1999,1120,Auburn,1,Y,sec,27,3,0.9,0,0,1,1,1,0,0,0,0,0.015
1999,1163,Connecticut,1,Z,big_east,28,2,0.9333,0,0,1,1,1,1,1,1,1,0.1775
1999,1181,Duke,1,W,acc,32,1,0.9697,0,0,1,1,1,1,1,1,0,0.1075
1999,1277,Michigan St,1,X,big_ten,28,4,0.875,0,0,1,1,1,1,1,0,0,0.0625
1999,1268,Maryland,2,Y,acc,25,5,0.8333,0,0,1,1,1,0,0,0,0,0.015
1999,1274,Miami FL,2,W,big_east,22,6,0.7857,0,0,1,1,0,0,0,0,0,0.0
1999,1390,Stanford,2,Z,pac_ten,23,6,0.7931,0,0,1,1,0,0,0,0,0,0.0
1999,1428,Utah,2,X,wac,24,4,0.8571,0,0,1,1,0,0,0,0,0,0.0
1999,1153,Cincinnati,3,W,cusa,25,5,0.8333,0,0,1,1,0,0,0,0,0,0.0
1999,1246,Kentucky,3,X,sec,25,8,0.7576,0,0,1,1,1,1,0,0,0,0.035
1999,1314,North Carolina,3,Z,acc,24,9,0.7273,0,0,1,0,0,0,0,0,0,0.0
1999,1385,St John's,3,Y,big_east,25,8,0.7576,0,0,1,1,1,1,0,0,0,0.035
1999,1112,Arizona,4,X,pac_ten,22,6,0.7857,0,0,1,0,0,0,0,0,0,0.0
1999,1116,Arkansas,4,Z,sec,22,10,0.6875,0,0,1,1,0,0,0,0,0,0.010741
1999,1326,Ohio St,4,Y,big_ten,22,8,0.7333,0,0,1,1,1,1,1,0,0,0.073241
1999,1397,Tennessee,4,W,sec,20,8,0.7143,0,0,1,1,0,0,0,0,0,0.010741
1999,1150,Charlotte,5,X,cusa,22,10,0.6875,0,0,1,1,0,0,0,0,0,0.010741
1999,1234,Iowa,5,Z,big_ten,18,9,0.6667,0,0,1,1,1,0,0,0,0,0.025741
1999,1417,UCLA,5,Y,pac_ten,22,8,0.7333,0,0,1,0,0,0,0,0,0,0.0
1999,1458,Wisconsin,5,W,big_ten,22,9,0.7097,0,0,1,0,0,0,0,0,0,0.0
1999,1196,Florida,6,Z,sec,20,8,0.7143,0,0,1,1,1,0,0,0,0,0.025741
1999,1231,Indiana,6,Y,big_ten,22,10,0.6875,0,0,1,1,0,0,0,0,0,0.010741
1999,1242,Kansas,6,X,big_twelve,21,9,0.7,0,0,1,1,0,0,0,0,0,0.010741
1999,1396,Temple,6,W,a_ten,21,10,0.6774,0,0,1,1,1,1,0,0,0,0.045741
1999,1257,Louisville,7,Y,cusa,19,10,0.6552,0,0,1,0,0,0,0,0,0,0.0
1999,1278,Minnesota,7,Z,big_ten,17,10,0.6296,0,0,1,0,0,0,0,0,0,0.0
1999,1400,Texas,7,W,big_twelve,19,12,0.6129,0,0,1,0,0,0,0,0,0,0.0
1999,1449,Washington,7,X,pac_ten,16,11,0.5926,0,0,1,0,0,0,0,0,0,0.0
1999,1158,Col Charleston,8,W,southern,25,2,0.9259,0,0,1,0,0,0,0,0,0,0.0
1999,1281,Missouri,8,Z,big_twelve,20,8,0.7143,0,0,1,0,0,0,0,0,0,0.0
1999,1393,Syracuse,8,Y,big_east,20,11,0.6452,0,0,1,0,0,0,0,0,0,0.0
1999,1437,Villanova,8,X,big_east,20,10,0.6667,0,0,1,0,0,0,0,0,0,0.0
1999,1279,Mississippi,9,X,sec,16,12,0.5714,0,0,1,1,0,0,0,0,0,0.010741
1999,1307,New Mexico,9,Z,wac,23,8,0.7419,0,0,1,1,0,0,0,0,0,0.010741
1999,1329,Oklahoma St,9,Y,big_twelve,21,10,0.6774,0,0,1,1,0,0,0,0,0,0.010741
1999,1409,Tulsa,9,W,wac,22,9,0.7097,0,0,1,1,0,0,0,0,0,0.010741
1999,1166,Creighton,10,Y,mvc,21,8,0.7241,0,0,1,1,0,0,0,0,0,0.010741
1999,1211,Gonzaga,10,Z,wcc,24,6,0.8,0,0,1,1,1,1,0,0,0,0.045741
1999,1275,Miami OH,10,X,mac,22,7,0.7586,0,0,1,1,1,0,0,0,0,0.025741
1999,1345,Purdue,10,W,big_ten,19,12,0.6129,0,0,1,1,1,0,0,0,0,0.025741
1999,1191,Evansville,11,X,mvc,21,9,0.7,0,0,1,0,0,0,0,0,0,0.0
1999,1203,G Washington,11,Y,a_ten,20,8,0.7143,0,0,1,0,0,0,0,0,0,0.0
1999,1245,Kent,11,W,mac,21,6,0.7778,0,0,1,0,0,0,0,0,0,0.0
1999,1335,Penn,11,Z,ivy,21,5,0.8077,0,0,1,0,0,0,0,0,0,0.0
1999,1178,Detroit,12,Y,mw_coll,23,5,0.8214,0,0,1,1,0,0,0,0,0,0.010741
1999,1283,Missouri St,12,W,mvc,20,10,0.6667,0,0,1,1,1,0,0,0,0,0.025741
1999,1348,Rhode Island,12,X,a_ten,20,12,0.625,0,0,1,0,0,0,0,0,0,0.0
1999,1412,UAB,12,Z,cusa,20,11,0.6452,0,0,1,0,0,0,0,0,0,0.0
1999,1174,Delaware,13,W,aec,25,5,0.8333,0,0,1,0,0,0,0,0,0,0.00537
1999,1293,Murray St,13,Y,ovc,25,5,0.8333,0,0,1,0,0,0,0,0,0,0.00537
1999,1328,Oklahoma,13,X,big_twelve,19,10,0.6552,0,0,1,1,1,0,0,0,0,0.02037
1999,1373,Siena,13,Z,maac,25,5,0.8333,0,0,1,0,0,0,0,0,0,0.00537
1999,1206,George Mason,14,W,caa,18,10,0.6429,0,0,1,0,0,0,0,0,0,0.00537
1999,1308,New Mexico St,14,X,big_west,21,8,0.7241,0,0,1,0,0,0,0,0,0,0.00537
1999,1359,Samford,14,Y,a_sun,22,4,0.8462,0,0,1,0,0,0,0,0,0,0.00537
1999,1451,Weber St,14,Z,big_sky,21,7,0.75,0,0,1,1,0,0,0,0,0,0.00537
1999,1108,Alcorn St,15,Z,swac,20,6,0.7692,0,0,1,0,0,0,0,0,0,0.00537
1999,1117,Arkansas St,15,X,sun_belt,17,11,0.6071,0,0,1,0,0,0,0,0,0,0.00537
1999,1248,Lafayette,15,W,patriot,20,7,0.7407,0,0,1,0,0,0,0,0,0,0.00537
1999,1434,Valparaiso,15,Y,mid_cont,17,8,0.68,0,0,1,0,0,0,0,0,0,0.00537
1999,1197,Florida A&M,16,W,meac,12,18,0.4,0,0,1,0,0,0,0,0,0,0.00537
1999,1291,Mt St Mary's,16,X,nec,15,14,0.5172,0,0,1,0,0,0,0,0,0,0.00537
1999,1427,UT San Antonio,16,Z,southland,16,10,0.6154,0,0,1,0,0,0,0,0,0,0.00537
1999,1457,Winthrop,16,Y,big_south,15,6,0.7143,0,0,1,0,0,0,0,0,0,0.00537
2000,1112,Arizona,1,Z,pac_ten,26,6,0.8125,0,0,1,1,0,0,0,0,0,0.0
2000,1181,Duke,1,W,acc,27,4,0.871,0,0,1,1,1,0,0,0,0,0.015
2000,1277,Michigan St,1,Y,big_ten,26,7,0.7879,0,0,1,1,1,1,1,1,1,0.1775
2000,1390,Stanford,1,X,pac_ten,25,3,0.8929,0,0,1,1,0,0,0,0,0,0.0
2000,1153,Cincinnati,2,X,cusa,28,3,0.9032,0,0,1,1,0,0,0,0,0,0.0
2000,1235,Iowa St,2,Y,big_twelve,26,4,0.8667,0,0,1,1,1,1,0,0,0,0.035
2000,1385,St John's,2,Z,big_east,24,7,0.7742,0,0,1,1,0,0,0,0,0,0.0
2000,1396,Temple,2,W,a_ten,26,5,0.8387,0,0,1,1,0,0,0,0,0,0.0
2000,1268,Maryland,3,Y,acc,24,9,0.7273,0,0,1,1,0,0,0,0,0,0.0
2000,1326,Ohio St,3,X,big_ten,22,6,0.7857,0,0,1,1,0,0,0,0,0,0.0
2000,1328,Oklahoma,3,Z,big_twelve,26,6,0.8125,0,0,1,1,0,0,0,0,0,0.0
2000,1329,Oklahoma St,3,W,big_twelve,23,6,0.7931,0,0,1,1,1,1,0,0,0,0.035
2000,1228,Illinois,4,W,big_ten,21,9,0.7,0,0,1,1,0,0,0,0,0,0.010357
2000,1261,LSU,4,Z,sec,26,5,0.8387,0,0,1,1,1,0,0,0,0,0.025357
2000,1393,Syracuse,4,Y,big_east,24,5,0.8276,0,0,1,1,1,0,0,0,0,0.025357
2000,1397,Tennessee,4,X,sec,23,6,0.7931,0,0,1,1,1,0,0,0,0,0.025357
2000,1163,Connecticut,5,X,big_east,24,9,0.7273,0,0,1,1,0,0,0,0,0,0.010357
2000,1196,Florida,5,W,sec,24,7,0.7742,0,0,1,1,1,1,1,1,0,0.117857
2000,1246,Kentucky,5,Y,sec,21,9,0.7,0,0,1,1,0,0,0,0,0,0.010357
2000,1400,Texas,5,Z,big_twelve,23,8,0.7419,0,0,1,1,0,0,0,0,0,0.010357
2000,1231,Indiana,6,W,big_ten,20,8,0.7143,0,0,1,0,0,0,0,0,0,0.0
2000,1274,Miami FL,6,X,big_east,21,10,0.6774,0,0,1,1,1,0,0,0,0,0.025357
2000,1345,Purdue,6,Z,big_ten,20,9,0.6897,0,0,1,1,1,1,0,0,0,0.045357
2000,1417,UCLA,6,Y,pac_ten,19,11,0.6333,0,0,1,1,1,0,0,0,0,0.025357
2000,1120,Auburn,7,Y,sec,22,9,0.7097,0,0,1,1,0,0,0,0,0,0.010357
2000,1257,Louisville,7,Z,cusa,18,11,0.6207,0,0,1,0,0,0,0,0,0,0.0
2000,1332,Oregon,7,W,pac_ten,21,7,0.75,0,0,1,0,0,0,0,0,0,0.0
2000,1409,Tulsa,7,X,wac,29,4,0.8788,0,0,1,1,1,1,0,0,0,0.045357
2000,1242,Kansas,8,W,big_twelve,22,9,0.7097,0,0,1,1,0,0,0,0,0,0.010357
2000,1314,North Carolina,8,X,acc,18,13,0.5806,0,0,1,1,1,1,1,0,0,0.072857
2000,1428,Utah,8,Y,mwc,20,8,0.7143,0,0,1,1,0,0,0,0,0,0.010357
2000,1458,Wisconsin,8,Z,big_ten,18,13,0.5806,0,0,1,1,1,1,1,0,0,0.072857
2000,1177,DePaul,9,W,cusa,20,11,0.6452,0,0,1,0,0,0,0,0,0,0.0
2000,1201,Fresno St,9,Z,wac,24,9,0.7273,0,0,1,0,0,0,0,0,0,0.0
2000,1281,Missouri,9,X,big_twelve,18,12,0.6,0,0,1,0,0,0,0,0,0,0.0
2000,1387,St Louis,9,Y,cusa,19,13,0.5938,0,0,1,0,0,0,0,0,0,0.0
2000,1166,Creighton,10,Y,mvc,23,9,0.7188,0,0,1,0,0,0,0,0,0,0.0
2000,1211,Gonzaga,10,Z,wcc,24,8,0.75,0,0,1,1,1,0,0,0,0,0.025357
2000,1371,Seton Hall,10,W,big_east,20,9,0.6897,0,0,1,1,1,0,0,0,0,0.025357
2000,1424,UNLV,10,X,mwc,23,7,0.7667,0,0,1,0,0,0,0,0,0,0.0
2000,1116,Arkansas,11,X,sec,19,14,0.5758,0,0,1,0,0,0,0,0,0,0.0
2000,1123,Ball St,11,Y,mac,21,8,0.7241,0,0,1,0,0,0,0,0,0,0.0
2000,1173,Dayton,11,Z,a_ten,22,8,0.7333,0,0,1,0,0,0,0,0,0,0.0
2000,1337,Pepperdine,11,W,wcc,24,8,0.75,0,0,1,1,0,0,0,0,0,0.010357
2000,1139,Butler,12,W,mw_coll,23,7,0.7667,0,0,1,0,0,0,0,0,0,0.0
2000,1232,Indiana St,12,Z,mvc,22,9,0.7097,0,0,1,0,0,0,0,0,0,0.0
2000,1382,St Bonaventure,12,Y,a_ten,21,9,0.7,0,0,1,0,0,0,0,0,0,0.0
2000,1429,Utah St,12,X,big_west,24,5,0.8276,0,0,1,0,0,0,0,0,0,0.0
2000,1335,Penn,13,W,ivy,21,7,0.75,0,0,1,0,0,0,0,0,0,0.005179
2000,1359,Samford,13,Y,a_sun,20,9,0.6897,0,0,1,0,0,0,0,0,0,0.005179
2000,1369,SE Missouri St,13,Z,ovc,22,6,0.7857,0,0,1,0,0,0,0,0,0,0.005179
2000,1418,Louisiana,13,X,sun_belt,24,8,0.75,0,0,1,0,0,0,0,0,0,0.005179
2000,1111,Appalachian St,14,X,southern,20,8,0.7143,0,0,1,0,0,0,0,0,0,0.005179
2000,1220,Hofstra,14,W,aec,24,6,0.8,0,0,1,0,0,0,0,0,0,0.005179
2000,1233,Iona,14,Y,maac,20,10,0.6667,0,0,1,0,0,0,0,0,0,0.005179
2000,1457,Winthrop,14,Z,big_south,18,8,0.6923,0,0,1,0,0,0,0,0,0,0.005179
2000,1148,Central Conn,15,Y,nec,25,5,0.8333,0,0,1,0,0,0,0,0,0,0.005179
2000,1248,Lafayette,15,W,patriot,22,6,0.7857,0,0,1,0,0,0,0,0,0,0.005179
2000,1319,Northern Arizona,15,Z,big_sky,18,10,0.6429,0,0,1,0,0,0,0,0,0,0.005179
2000,1423,UNC Wilmington,15,X,caa,18,12,0.6,0,0,1,0,0,0,0,0,0,0.005179
2000,1238,Jackson St,16,Z,swac,16,15,0.5161,0,0,1,0,0,0,0,0,0,0.005179
2000,1249,Lamar,16,W,southland,15,15,0.5,0,0,1,0,0,0,0,0,0,0.005179
2000,1354,S Carolina St,16,X,meac,20,13,0.6061,0,0,1,0,0,0,0,0,0,0.005179
2000,1434,Valparaiso,16,Y,mid_cont,16,12,0.5714,0,0,1,0,0,0,0,0,0,0.005179
2001,1181,Duke,1,W,acc,29,4,0.8788,0,0,1,1,1,1,1,1,1,0.1775
2001,1228,Illinois,1,Y,big_ten,24,7,0.7742,0,0,1,1,1,1,0,0,0,0.035
2001,1277,Michigan St,1,Z,big_ten,24,4,0.8571,0,0,1,1,1,1,1,0,0,0.0625
2001,1390,Stanford,1,X,pac_ten,26,2,0.9286,0,0,1,1,1,1,0,0,0,0.035
2001,1112,Arizona,2,Y,pac_ten,22,7,0.7586,0,0,1,1,1,1,1,1,0,0.1075
2001,1235,Iowa St,2,X,big_twelve,24,5,0.8276,0,0,1,0,0,0,0,0,0,0.0
2001,1246,Kentucky,2,W,sec,22,9,0.7097,0,0,1,1,1,0,0,0,0,0.015
2001,1314,North Carolina,2,Z,acc,25,6,0.8065,0,0,1,1,0,0,0,0,0,0.0
2001,1130,Boston College,3,W,big_east,25,4,0.8621,0,0,1,1,0,0,0,0,0,0.0
2001,1196,Florida,3,Z,sec,23,6,0.7931,0,0,1,1,0,0,0,0,0,0.0
2001,1268,Maryland,3,X,acc,21,10,0.6774,0,0,1,1,1,1,1,0,0,0.0625
2001,1279,Mississippi,3,Y,sec,24,7,0.7742,0,0,1,1,1,0,0,0,0,0.015
2001,1231,Indiana,4,X,big_ten,21,12,0.6364,0,0,1,0,0,0,0,0,0,0.0
2001,1242,Kansas,4,Y,big_twelve,22,6,0.7857,0,0,1,1,1,0,0,0,0,0.026154
2001,1328,Oklahoma,4,Z,big_twelve,26,6,0.8125,0,0,1,0,0,0,0,0,0,0.0
2001,1417,UCLA,4,W,pac_ten,21,8,0.7241,0,0,1,1,1,0,0,0,0,0.026154
2001,1153,Cincinnati,5,X,cusa,23,9,0.7188,0,0,1,1,1,0,0,0,0,0.026154
2001,1326,Ohio St,5,W,big_ten,20,10,0.6667,0,0,1,0,0,0,0,0,0,0.0
2001,1393,Syracuse,5,Y,big_east,24,8,0.75,0,0,1,1,0,0,0,0,0,0.011154
2001,1438,Virginia,5,Z,acc,20,8,0.7143,0,0,1,0,0,0,0,0,0,0.0
2001,1323,Notre Dame,6,Y,big_east,19,9,0.6786,0,0,1,1,0,0,0,0,0,0.011154
2001,1400,Texas,6,Z,big_twelve,24,8,0.75,0,0,1,0,0,0,0,0,0,0.0
2001,1425,USC,6,W,pac_ten,20,9,0.6897,0,0,1,1,1,1,0,0,0,0.046154
2001,1458,Wisconsin,6,X,big_ten,18,10,0.6429,0,0,1,0,0,0,0,0,0,0.0
2001,1116,Arkansas,7,X,sec,20,10,0.6667,0,0,1,0,0,0,0,0,0,0.0
2001,1234,Iowa,7,W,big_ten,22,11,0.6667,0,0,1,1,0,0,0,0,0,0.011154
2001,1336,Penn St,7,Z,big_ten,19,11,0.6333,0,0,1,1,1,0,0,0,0,0.026154
2001,1448,Wake Forest,7,Y,acc,19,10,0.6552,0,0,1,0,0,0,0,0,0,0.0
2001,1143,California,8,Z,pac_ten,20,10,0.6667,0,0,1,0,0,0,0,0,0,0.0
2001,1208,Georgia,8,W,sec,16,14,0.5333,0,0,1,0,0,0,0,0,0,0.0
2001,1210,Georgia Tech,8,X,acc,17,12,0.5862,0,0,1,0,0,0,0,0,0,0.0
2001,1397,Tennessee,8,Y,sec,22,10,0.6875,0,0,1,0,0,0,0,0,0,0.0
2001,1150,Charlotte,9,Y,cusa,21,10,0.6774,0,0,1,1,0,0,0,0,0,0.011154
2001,1201,Fresno St,9,Z,wac,25,6,0.8065,0,0,1,1,0,0,0,0,0,0.011154
2001,1281,Missouri,9,W,big_twelve,18,12,0.6,0,0,1,1,0,0,0,0,0,0.011154
2001,1386,St Joseph's PA,9,X,a_ten,25,6,0.8065,0,0,1,1,0,0,0,0,0,0.011154
2001,1139,Butler,10,Y,mw_coll,21,7,0.75,0,0,1,1,0,0,0,0,0,0.011154
2001,1166,Creighton,10,W,mvc,24,7,0.7742,0,0,1,0,0,0,0,0,0,0.0
2001,1207,Georgetown,10,X,big_east,23,7,0.7667,0,0,1,1,1,0,0,0,0,0.026154
2001,1344,Providence,10,Z,big_east,20,9,0.6897,0,0,1,0,0,0,0,0,0,0.0
2001,1209,Georgia St,11,X,a_sun,25,4,0.8621,0,0,1,1,0,0,0,0,0,0.011154
2001,1329,Oklahoma St,11,W,big_twelve,19,9,0.6786,0,0,1,0,0,0,0,0,0,0.0
2001,1396,Temple,11,Z,a_ten,21,12,0.6364,0,0,1,1,1,1,0,0,0,0.046154
2001,1462,Xavier,11,Y,a_ten,21,7,0.75,0,0,1,0,0,0,0,0,0,0.0
2001,1140,BYU,12,X,mwc,23,8,0.7419,0,0,1,0,0,0,0,0,0,0.0
2001,1211,Gonzaga,12,Z,wcc,23,6,0.7931,0,0,1,1,1,0,0,0,0,0.026154
2001,1218,Hawaii,12,Y,wac,17,13,0.5667,0,0,1,0,0,0,0,0,0,0.0
2001,1429,Utah St,12,W,big_west,23,5,0.8214,0,0,1,1,0,0,0,0,0,0.011154
2001,1169,CS Northridge,13,Y,big_sky,20,9,0.6897,0,0,1,0,0,0,0,0,0,0.005577
2001,1220,Hofstra,13,W,aec,26,4,0.8667,0,0,1,0,0,0,0,0,0,0.005577
2001,1232,Indiana St,13,Z,mvc,20,11,0.6452,0,0,1,1,0,0,0,0,0,0.005577
2001,1245,Kent,13,X,mac,22,9,0.7097,0,0,1,1,0,0,0,0,0,0.005577
2001,1206,George Mason,14,X,caa,18,11,0.6207,0,0,1,0,0,0,0,0,0,0.005577
2001,1233,Iona,14,Y,maac,21,10,0.6774,0,0,1,0,0,0,0,0,0,0.005577
2001,1381,Southern Utah,14,W,mid_cont,22,5,0.8148,0,0,1,0,0,0,0,0,0,0.005577
2001,1443,WKU,14,Z,sun_belt,21,6,0.7778,0,0,1,0,0,0,0,0,0,0.005577
2001,1183,E Illinois,15,Y,ovc,19,9,0.6786,0,0,1,0,0,0,0,0,0,0.005577
2001,1214,Hampton,15,X,meac,24,6,0.8,0,0,1,1,0,0,0,0,0,0.005577
2001,1221,Holy Cross,15,W,patriot,22,7,0.7586,0,0,1,0,0,0,0,0,0,0.005577
2001,1343,Princeton,15,Z,ivy,15,10,0.6,0,0,1,0,0,0,0,0,0,0.005577
2001,1106,Alabama St,16,Z,swac,20,7,0.7407,0,0,1,0,0,0,0,0,0,0.005577
2001,1284,Monmouth NJ,16,W,nec,21,9,0.7,0,0,1,0,0,0,0,0,0,0.005577
2001,1322,Northwestern LA,16,Y,southland,18,12,0.6,1,1,1,0,0,0,0,0,0,0.005577
2001,1422,UNC Greensboro,16,X,southern,18,11,0.6207,0,0,1,0,0,0,0,0,0,0.005577
2001,1457,Winthrop,16,Y,big_south,16,10,0.6154,1,0,0,0,0,0,0,0,0,0.005577
2002,1153,Cincinnati,1,Z,cusa,30,3,0.9091,0,0,1,1,0,0,0,0,0,0.0
2002,1181,Duke,1,Y,acc,29,3,0.9062,0,0,1,1,1,0,0,0,0,0.015
2002,1242,Kansas,1,X,big_twelve,27,3,0.9,0,0,1,1,1,1,1,0,0,0.0625
2002,1268,Maryland,1,W,acc,26,4,0.8667,0,0,1,1,1,1,1,1,1,0.1775
2002,1104,Alabama,2,Y,sec,26,7,0.7879,0,0,1,1,0,0,0,0,0,0.0
2002,1163,Connecticut,2,W,big_east,24,6,0.8,0,0,1,1,1,1,0,0,0,0.035
2002,1328,Oklahoma,2,Z,big_twelve,27,4,0.871,0,0,1,1,1,1,1,0,0,0.0625
2002,1332,Oregon,2,X,pac_ten,22,8,0.7333,0,0,1,1,1,1,0,0,0,0.035
2002,1112,Arizona,3,Z,pac_ten,22,9,0.7097,0,0,1,1,1,0,0,0,0,0.015
2002,1208,Georgia,3,W,sec,21,9,0.7,0,0,1,1,0,0,0,0,0,0.0
2002,1280,Mississippi St,3,X,sec,26,7,0.7879,0,0,1,1,0,0,0,0,0,0.0
2002,1338,Pittsburgh,3,Y,big_east,26,5,0.8387,0,0,1,1,1,0,0,0,0,0.015
2002,1228,Illinois,4,X,big_ten,23,8,0.7419,0,0,1,1,1,0,0,0,0,0.025741
2002,1246,Kentucky,4,W,sec,19,9,0.6786,0,0,1,1,1,0,0,0,0,0.025741
2002,1326,Ohio St,4,Z,big_ten,23,7,0.7667,0,0,1,1,0,0,0,0,0,0.010741
2002,1425,USC,4,Y,pac_ten,22,9,0.7097,0,0,1,0,0,0,0,0,0,0.0
2002,1196,Florida,5,X,sec,22,8,0.7333,0,0,1,0,0,0,0,0,0,0.0
2002,1231,Indiana,5,Y,big_ten,19,11,0.6333,0,0,1,1,1,1,1,1,0,0.118241
2002,1266,Marquette,5,W,cusa,26,6,0.8125,0,0,1,0,0,0,0,0,0,0.0
2002,1274,Miami FL,5,Z,big_east,24,7,0.7742,0,0,1,0,0,0,0,0,0,0.0
2002,1143,California,6,Y,pac_ten,22,8,0.7333,0,0,1,1,0,0,0,0,0,0.010741
2002,1211,Gonzaga,6,Z,wcc,28,3,0.9032,0,0,1,0,0,0,0,0,0,0.0
2002,1400,Texas,6,X,big_twelve,19,11,0.6333,0,0,1,1,1,0,0,0,0,0.025741
2002,1403,Texas Tech,6,W,big_twelve,23,8,0.7419,0,0,1,0,0,0,0,0,0,0.0
2002,1301,NC State,7,W,acc,22,10,0.6875,0,0,1,1,0,0,0,0,0,0.010741
2002,1329,Oklahoma St,7,Y,big_twelve,23,8,0.7419,0,0,1,0,0,0,0,0,0,0.0
2002,1448,Wake Forest,7,X,acc,20,12,0.625,0,0,1,1,0,0,0,0,0,0.010741
2002,1462,Xavier,7,Z,a_ten,25,5,0.8333,0,0,1,1,0,0,0,0,0,0.010741
2002,1323,Notre Dame,8,Y,big_east,20,10,0.6667,0,0,1,1,0,0,0,0,0,0.010741
2002,1390,Stanford,8,X,pac_ten,19,9,0.6786,0,0,1,1,0,0,0,0,0,0.010741
2002,1417,UCLA,8,Z,pac_ten,19,11,0.6333,0,0,1,1,1,0,0,0,0,0.025741
2002,1458,Wisconsin,8,W,big_ten,17,12,0.5862,0,0,1,1,0,0,0,0,0,0.010741
2002,1150,Charlotte,9,Y,cusa,18,11,0.6207,0,0,1,0,0,0,0,0,0,0.0
2002,1279,Mississippi,9,Z,sec,18,10,0.6429,0,0,1,0,0,0,0,0,0,0.0
2002,1385,St John's,9,W,big_east,20,11,0.6452,0,0,1,0,0,0,0,0,0,0.0
2002,1443,WKU,9,X,sun_belt,26,3,0.8966,0,0,1,0,0,0,0,0,0,0.0
2002,1218,Hawaii,10,Z,wac,27,5,0.8438,0,0,1,0,0,0,0,0,0,0.0
2002,1245,Kent,10,Y,mac,26,5,0.8387,0,0,1,1,1,1,0,0,0,0.045741
2002,1277,Michigan St,10,W,big_ten,18,11,0.6207,0,0,1,0,0,0,0,0,0,0.0
2002,1337,Pepperdine,10,X,wcc,21,8,0.7241,0,0,1,0,0,0,0,0,0,0.0
2002,1130,Boston College,11,X,big_east,20,11,0.6452,0,0,1,0,0,0,0,0,0,0.0
2002,1335,Penn,11,Y,ivy,25,6,0.8065,0,0,1,0,0,0,0,0,0,0.0
2002,1356,S Illinois,11,W,mvc,26,7,0.7879,0,0,1,1,1,0,0,0,0,0.025741
2002,1461,Wyoming,11,Z,mwc,20,8,0.7143,0,0,1,1,0,0,0,0,0,0.010741
2002,1166,Creighton,12,X,mvc,22,8,0.7333,0,0,1,1,0,0,0,0,0,0.010741
2002,1281,Missouri,12,Z,big_twelve,21,11,0.6562,0,0,1,1,1,1,0,0,0,0.045741
2002,1409,Tulsa,12,W,wac,25,6,0.8065,0,0,1,1,0,0,0,0,0,0.010741
2002,1428,Utah,12,Y,mwc,19,8,0.7037,0,0,1,0,0,0,0,0,0,0.0
2002,1172,Davidson,13,Z,southern,18,9,0.6667,0,0,1,0,0,0,0,0,0,0.00537
2002,1361,San Diego St,13,X,mwc,18,11,0.6207,0,0,1,0,0,0,0,0,0,0.00537
2002,1423,UNC Wilmington,13,Y,caa,22,9,0.7097,0,0,1,1,0,0,0,0,0,0.00537
2002,1434,Valparaiso,13,W,mid_cont,24,7,0.7742,0,0,1,0,0,0,0,0,0,0.00537
2002,1148,Central Conn,14,Y,nec,27,4,0.871,0,0,1,0,0,0,0,0,0,0.00537
2002,1270,McNeese St,14,X,southland,20,8,0.7143,0,0,1,0,0,0,0,0,0,0.00537
2002,1293,Murray St,14,W,ovc,17,11,0.6071,0,0,1,0,0,0,0,0,0,0.00537
2002,1364,UC Santa Barbara,14,Z,big_west,19,10,0.6552,0,0,1,0,0,0,0,0,0,0.00537
2002,1194,FL Atlantic,15,Y,a_sun,18,10,0.6429,0,0,1,0,0,0,0,0,0,0.00537
2002,1214,Hampton,15,W,meac,25,6,0.8065,0,0,1,0,0,0,0,0,0,0.00537
2002,1227,IL Chicago,15,Z,horizon,17,13,0.5667,0,0,1,0,0,0,0,0,0,0.00537
2002,1285,Montana,15,X,big_sky,14,14,0.5,0,0,1,0,0,0,0,0,0,0.00537
2002,1108,Alcorn St,16,W,swac,20,9,0.6897,1,0,0,0,0,0,0,0,0,0.00537
2002,1131,Boston Univ,16,Z,aec,22,9,0.7097,0,0,1,0,0,0,0,0,0,0.00537
2002,1221,Holy Cross,16,X,patriot,18,14,0.5625,0,0,1,0,0,0,0,0,0,0.00537
2002,1373,Siena,16,W,maac,16,18,0.4706,1,1,1,0,0,0,0,0,0,0.00537
2002,1457,Winthrop,16,Y,big_south,15,11,0.5769,0,0,1,0,0,0,0,0,0,0.00537
2003,1112,Arizona,1,Z,pac_ten,25,3,0.8929,0,0,1,1,1,1,0,0,0,0.035
2003,1246,Kentucky,1,Y,sec,29,3,0.9062,0,0,1,1,1,1,0,0,0,0.035
2003,1328,Oklahoma,1,W,big_twelve,24,6,0.8,0,0,1,1,1,1,0,0,0,0.035
2003,1400,Texas,1,X,big_twelve,22,6,0.7857,0,0,1,1,1,1,1,0,0,0.0625
2003,1196,Florida,2,X,sec,24,7,0.7742,0,0,1,1,0,0,0,0,0,0.0
2003,1242,Kansas,2,Z,big_twelve,23,7,0.7667,0,0,1,1,1,1,1,1,0,0.1075
2003,1338,Pittsburgh,2,Y,big_east,26,4,0.8667,0,0,1,1,1,0,0,0,0,0.015
2003,1448,Wake Forest,2,W,acc,24,5,0.8276,0,0,1,1,0,0,0,0,0,0.0
2003,1181,Duke,3,Z,acc,24,6,0.8,0,0,1,1,1,0,0,0,0,0.015
2003,1266,Marquette,3,Y,cusa,23,5,0.8214,0,0,1,1,1,1,1,0,0,0.0625
2003,1393,Syracuse,3,W,big_east,24,5,0.8276,0,0,1,1,1,1,1,1,1,0.1775
2003,1462,Xavier,3,X,a_ten,25,5,0.8333,0,0,1,1,0,0,0,0,0,0.0
2003,1173,Dayton,4,Y,a_ten,24,5,0.8276,0,0,1,0,0,0,0,0,0,0.0
2003,1228,Illinois,4,Z,big_ten,24,6,0.8,0,0,1,1,0,0,0,0,0,0.010741
2003,1257,Louisville,4,W,cusa,24,6,0.8,0,0,1,1,0,0,0,0,0,0.010741
2003,1390,Stanford,4,X,pac_ten,23,8,0.7419,0,0,1,1,0,0,0,0,0,0.010741
2003,1163,Connecticut,5,X,big_east,21,9,0.7,0,0,1,1,1,0,0,0,0,0.025741
2003,1280,Mississippi St,5,W,sec,21,9,0.7,0,0,1,0,0,0,0,0,0,0.0
2003,1323,Notre Dame,5,Z,big_east,22,9,0.7097,0,0,1,1,1,0,0,0,0,0.025741
2003,1458,Wisconsin,5,Y,big_ten,22,7,0.7586,0,0,1,1,1,0,0,0,0,0.025741
2003,1166,Creighton,6,Z,mvc,29,4,0.8788,0,0,1,0,0,0,0,0,0,0.0
2003,1268,Maryland,6,X,acc,19,9,0.6786,0,0,1,1,1,0,0,0,0,0.025741
2003,1281,Missouri,6,Y,big_twelve,21,10,0.6774,0,0,1,1,0,0,0,0,0,0.010741
2003,1329,Oklahoma St,6,W,big_twelve,20,9,0.6897,0,0,1,1,0,0,0,0,0,0.010741
2003,1231,Indiana,7,Y,big_ten,20,12,0.625,0,0,1,1,0,0,0,0,0,0.010741
2003,1272,Memphis,7,Z,cusa,23,6,0.7931,0,0,1,0,0,0,0,0,0,0.0
2003,1277,Michigan St,7,X,big_ten,19,12,0.6129,0,0,1,1,1,1,0,0,0,0.045741
2003,1386,St Joseph's PA,7,W,a_ten,23,6,0.7931,0,0,1,0,0,0,0,0,0,0.0
2003,1143,California,8,W,pac_ten,21,8,0.7241,0,0,1,1,0,0,0,0,0,0.010741
2003,1153,Cincinnati,8,Z,cusa,17,11,0.6071,0,0,1,0,0,0,0,0,0,0.0
2003,1261,LSU,8,X,sec,21,10,0.6774,0,0,1,0,0,0,0,0,0,0.0
2003,1332,Oregon,8,Y,pac_ten,23,9,0.7188,0,0,1,0,0,0,0,0,0,0.0
2003,1211,Gonzaga,9,Z,wcc,23,8,0.7419,0,0,1,1,0,0,0,0,0,0.010741
2003,1301,NC State,9,W,acc,18,12,0.6,0,0,1,0,0,0,0,0,0,0.0
2003,1345,Purdue,9,X,big_ten,18,10,0.6429,0,0,1,1,0,0,0,0,0,0.010741
2003,1428,Utah,9,Y,mwc,23,7,0.7667,0,0,1,1,0,0,0,0,0,0.010741
2003,1104,Alabama,10,Y,sec,17,11,0.6071,0,0,1,0,0,0,0,0,0,0.0
2003,1113,Arizona St,10,Z,pac_ten,18,11,0.6207,0,0,1,1,0,0,0,0,0,0.010741
2003,1120,Auburn,10,W,sec,19,11,0.6333,0,0,1,1,1,0,0,0,0,0.025741
2003,1160,Colorado,10,X,big_twelve,20,11,0.6452,0,0,1,0,0,0,0,0,0,0.0
2003,1141,C Michigan,11,Z,mac,23,6,0.7931,0,0,1,1,0,0,0,0,0,0.010741
2003,1335,Penn,11,W,ivy,22,5,0.8148,0,0,1,0,0,0,0,0,0,0.0
2003,1356,S Illinois,11,Y,mvc,24,6,0.8,0,0,1,0,0,0,0,0,0,0.0
2003,1423,UNC Wilmington,11,X,caa,24,6,0.8,0,0,1,0,0,0,0,0,0,0.0
2003,1139,Butler,12,W,horizon,24,5,0.8276,0,0,1,1,1,0,0,0,0,0.025741
2003,1140,BYU,12,X,mwc,23,8,0.7419,0,0,1,0,0,0,0,0,0,0.0
2003,1451,Weber St,12,Y,big_sky,25,4,0.8621,0,0,1,0,0,0,0,0,0,0.0
2003,1454,WI Milwaukee,12,Z,horizon,23,7,0.7667,0,0,1,0,0,0,0,0,0,0.0
2003,1122,Austin Peay,13,W,ovc,20,7,0.7407,0,0,1,0,0,0,0,0,0,0.00537
2003,1360,San Diego,13,X,wcc,17,11,0.6071,0,0,1,0,0,0,0,0,0,0.00537
2003,1409,Tulsa,13,Y,wac,22,9,0.7097,0,0,1,1,0,0,0,0,0,0.00537
2003,1443,WKU,13,Z,sun_belt,23,8,0.7419,0,0,1,0,0,0,0,0,0,0.00537
2003,1161,Colorado St,14,Z,mwc,17,13,0.5667,0,0,1,0,0,0,0,0,0,0.00537
2003,1221,Holy Cross,14,Y,patriot,25,4,0.8621,0,0,1,0,0,0,0,0,0,0.00537
2003,1264,Manhattan,14,W,maac,23,6,0.7931,0,0,1,0,0,0,0,0,0,0.00537
2003,1407,Troy,14,X,a_sun,25,5,0.8333,0,0,1,0,0,0,0,0,0,0.00537
2003,1190,ETSU,15,W,southern,17,10,0.6296,0,0,1,0,0,0,0,0,0,0.00537
2003,1358,Sam Houston St,15,X,southland,21,6,0.7778,0,0,1,0,0,0,0,0,0,0.00537
2003,1429,Utah St,15,Z,big_west,22,8,0.7333,0,0,1,0,0,0,0,0,0,0.00537
2003,1447,Wagner,15,Y,nec,21,10,0.6774,0,0,1,0,0,0,0,0,0,0.00537
2003,1237,IUPUI,16,Y,mid_cont,19,13,0.5938,0,0,1,0,0,0,0,0,0,0.00537
2003,1354,S Carolina St,16,W,meac,20,10,0.6667,0,0,1,0,0,0,0,0,0,0.00537
2003,1411,TX Southern,16,X,swac,18,12,0.6,1,0,0,0,0,0,0,0,0,0.00537
2003,1421,UNC Asheville,16,X,big_south,13,16,0.4483,1,1,1,0,0,0,0,0,0,0.00537
2003,1436,Vermont,16,Z,aec,19,10,0.6552,0,0,1,0,0,0,0,0,0,0.00537
2004,1181,Duke,1,W,acc,27,5,0.8438,0,0,1,1,1,1,1,0,0,0.0625
2004,1246,Kentucky,1,Z,sec,26,4,0.8667,0,0,1,1,0,0,0,0,0,0.0
2004,1386,St Joseph's PA,1,Y,a_ten,27,1,0.9643,0,0,1,1,1,1,0,0,0,0.035
2004,1390,Stanford,1,X,pac_ten,29,1,0.9667,0,0,1,1,0,0,0,0,0,0.0
2004,1163,Connecticut,2,X,big_east,27,6,0.8182,0,0,1,1,1,1,1,1,1,0.1775
2004,1211,Gonzaga,2,Z,wcc,27,2,0.931,0,0,1,1,0,0,0,0,0,0.0
2004,1280,Mississippi St,2,W,sec,25,3,0.8929,0,0,1,1,0,0,0,0,0,0.0
2004,1329,Oklahoma St,2,Y,big_twelve,26,3,0.8966,0,0,1,1,1,1,1,0,0,0.0625
2004,1210,Georgia Tech,3,Z,acc,23,9,0.7188,0,0,1,1,1,1,1,1,0,0.1075
2004,1301,NC State,3,X,acc,20,9,0.6897,0,0,1,1,0,0,0,0,0,0.0
2004,1338,Pittsburgh,3,Y,big_east,28,4,0.875,0,0,1,1,1,0,0,0,0,0.015
2004,1400,Texas,3,W,big_twelve,23,7,0.7667,0,0,1,1,1,0,0,0,0,0.015
2004,1153,Cincinnati,4,W,cusa,24,6,0.8,0,0,1,1,0,0,0,0,0,0.010357
2004,1242,Kansas,4,Z,big_twelve,20,8,0.7143,0,0,1,1,1,1,0,0,0,0.045357
2004,1268,Maryland,4,X,acc,19,11,0.6333,0,0,1,1,0,0,0,0,0,0.010357
2004,1448,Wake Forest,4,Y,acc,19,9,0.6786,0,0,1,1,1,0,0,0,0,0.025357
2004,1196,Florida,5,Y,sec,20,10,0.6667,0,0,1,0,0,0,0,0,0,0.0
2004,1228,Illinois,5,W,big_ten,24,6,0.8,0,0,1,1,1,0,0,0,0,0.025357
2004,1344,Providence,5,Z,big_east,20,8,0.7143,0,0,1,0,0,0,0,0,0,0.0
2004,1393,Syracuse,5,X,big_east,21,7,0.75,0,0,1,1,1,0,0,0,0,0.025357
2004,1130,Boston College,6,Z,big_east,23,9,0.7188,0,0,1,1,0,0,0,0,0,0.010357
2004,1314,North Carolina,6,W,acc,18,10,0.6429,0,0,1,1,0,0,0,0,0,0.010357
2004,1435,Vanderbilt,6,X,sec,21,9,0.7,0,0,1,1,1,0,0,0,0,0.025357
2004,1458,Wisconsin,6,Y,big_ten,24,6,0.8,0,0,1,1,0,0,0,0,0,0.010357
2004,1177,DePaul,7,X,cusa,21,9,0.7,0,0,1,1,0,0,0,0,0,0.010357
2004,1272,Memphis,7,Y,cusa,21,7,0.75,0,0,1,1,0,0,0,0,0,0.010357
2004,1277,Michigan St,7,Z,big_ten,18,11,0.6207,0,0,1,0,0,0,0,0,0,0.0
2004,1462,Xavier,7,W,a_ten,23,10,0.697,0,0,1,1,1,1,0,0,0,0.045357
2004,1104,Alabama,8,X,sec,17,12,0.5862,0,0,1,1,1,1,0,0,0,0.045357
2004,1371,Seton Hall,8,W,big_east,19,9,0.6786,0,0,1,1,0,0,0,0,0,0.010357
2004,1403,Texas Tech,8,Y,big_twelve,22,10,0.6875,0,0,1,1,0,0,0,0,0,0.010357
2004,1449,Washington,8,Z,pac_ten,19,11,0.6333,0,0,1,0,0,0,0,0,0,0.0
2004,1112,Arizona,9,W,pac_ten,20,9,0.6897,0,0,1,0,0,0,0,0,0,0.0
2004,1150,Charlotte,9,Y,cusa,21,8,0.7241,0,0,1,0,0,0,0,0,0,0.0
2004,1356,S Illinois,9,X,mvc,25,4,0.8621,0,0,1,0,0,0,0,0,0,0.0
2004,1412,UAB,9,Z,cusa,20,9,0.6897,0,0,1,1,1,0,0,0,0,0.025357
2004,1173,Dayton,10,X,a_ten,24,8,0.75,0,0,1,0,0,0,0,0,0,0.0
2004,1257,Louisville,10,W,cusa,20,9,0.6897,0,0,1,0,0,0,0,0,0,0.0
2004,1305,Nevada,10,Z,wac,22,8,0.7333,0,0,1,1,1,0,0,0,0,0.025357
2004,1376,South Carolina,10,Y,sec,23,10,0.697,0,0,1,0,0,0,0,0,0,0.0
2004,1102,Air Force,11,W,mwc,22,6,0.7857,0,0,1,0,0,0,0,0,0,0.0
2004,1350,Richmond,11,Y,a_ten,20,12,0.625,0,0,1,0,0,0,0,0,0,0.0
2004,1428,Utah,11,Z,mwc,23,8,0.7419,0,0,1,0,0,0,0,0,0,0.0
2004,1444,W Michigan,11,X,mac,26,4,0.8667,0,0,1,0,0,0,0,0,0,0.0
2004,1140,BYU,12,X,mwc,19,8,0.7037,0,0,1,0,0,0,0,0,0,0.0
2004,1264,Manhattan,12,Y,maac,24,5,0.8276,0,0,1,1,0,0,0,0,0,0.010357
2004,1293,Murray St,12,W,ovc,25,5,0.8333,0,0,1,0,0,0,0,0,0,0.0
2004,1334,Pacific,12,Z,big_west,23,7,0.7667,0,0,1,1,0,0,0,0,0,0.010357
2004,1190,ETSU,13,W,southern,24,5,0.8276,0,0,1,0,0,0,0,0,0,0.005179
2004,1227,IL Chicago,13,Z,horizon,24,7,0.7742,0,0,1,0,0,0,0,0,0,0.005179
2004,1431,UTEP,13,X,wac,22,7,0.7586,0,0,1,0,0,0,0,0,0,0.005179
2004,1433,VCU,13,Y,caa,23,7,0.7667,0,0,1,0,0,0,0,0,0,0.005179
2004,1320,Northern Iowa,14,Z,mvc,20,9,0.6897,0,0,1,0,0,0,0,0,0,0.005179
2004,1343,Princeton,14,W,ivy,19,7,0.7308,0,0,1,0,0,0,0,0,0,0.005179
2004,1416,UCF,14,Y,a_sun,24,5,0.8276,0,0,1,0,0,0,0,0,0,0.005179
2004,1418,Louisiana,14,X,sun_belt,18,8,0.6923,0,0,1,0,0,0,0,0,0,0.005179
2004,1186,E Washington,15,Y,big_sky,16,12,0.5714,0,0,1,0,0,0,0,0,0,0.005179
2004,1284,Monmouth NJ,15,W,nec,21,11,0.6562,0,0,1,0,0,0,0,0,0,0.005179
2004,1434,Valparaiso,15,Z,mid_cont,17,12,0.5862,0,0,1,0,0,0,0,0,0,0.005179
2004,1436,Vermont,15,X,aec,22,8,0.7333,0,0,1,0,0,0,0,0,0,0.005179
2004,1106,Alabama St,16,W,swac,16,14,0.5333,0,0,1,0,0,0,0,0,0,0.005179
2004,1197,Florida A&M,16,Z,meac,14,16,0.4667,1,1,1,0,0,0,0,0,0,0.005179
2004,1250,Lehigh,16,Z,patriot,18,10,0.6429,1,0,0,0,0,0,0,0,0,0.005179
2004,1251,Liberty,16,Y,big_south,17,14,0.5484,0,0,1,0,0,0,0,0,0,0.005179
2004,1427,UT San Antonio,16,X,southland,16,12,0.5714,0,0,1,0,0,0,0,0,0,0.005179
2005,1181,Duke,1,Y,acc,25,5,0.8333,0,0,1,1,1,0,0,0,0,0.015
2005,1228,Illinois,1,X,big_ten,32,1,0.9697,0,0,1,1,1,1,1,1,0,0.1075
2005,1314,North Carolina,1,Z,acc,27,4,0.871,0,0,1,1,1,1,1,1,1,0.1775
2005,1449,Washington,1,W,pac_ten,26,5,0.8387,0,0,1,1,1,0,0,0,0,0.015
2005,1163,Connecticut,2,Z,big_east,22,7,0.7586,0,0,1,1,0,0,0,0,0,0.0
2005,1246,Kentucky,2,Y,sec,25,5,0.8333,0,0,1,1,1,1,0,0,0,0.035
2005,1329,Oklahoma St,2,X,big_twelve,23,6,0.7931,0,0,1,1,1,0,0,0,0,0.015
2005,1448,Wake Forest,2,W,acc,26,5,0.8387,0,0,1,1,0,0,0,0,0,0.0
2005,1112,Arizona,3,X,pac_ten,27,6,0.8182,0,0,1,1,1,1,0,0,0,0.035
2005,1211,Gonzaga,3,W,wcc,25,4,0.8621,0,0,1,1,0,0,0,0,0,0.0
2005,1242,Kansas,3,Z,big_twelve,23,6,0.7931,0,0,1,0,0,0,0,0,0,0.0
2005,1328,Oklahoma,3,Y,big_twelve,24,7,0.7742,0,0,1,1,0,0,0,0,0,0.0
2005,1130,Boston College,4,X,big_east,24,4,0.8571,0,0,1,1,0,0,0,0,0,0.010741
2005,1196,Florida,4,Z,sec,23,7,0.7667,0,0,1,1,0,0,0,0,0,0.010741
2005,1257,Louisville,4,W,cusa,27,4,0.871,0,0,1,1,1,1,1,0,0,0.073241
2005,1393,Syracuse,4,Y,big_east,27,6,0.8182,0,0,1,0,0,0,0,0,0,0.0
2005,1104,Alabama,5,X,sec,23,7,0.7667,0,0,1,0,0,0,0,0,0,0.0
2005,1210,Georgia Tech,5,W,acc,19,11,0.6333,0,0,1,1,0,0,0,0,0,0.010741
2005,1277,Michigan St,5,Y,big_ten,22,6,0.7857,0,0,1,1,1,1,1,0,0,0.073241
2005,1437,Villanova,5,Z,big_east,22,7,0.7586,0,0,1,1,1,0,0,0,0,0.025741
2005,1261,LSU,6,X,sec,20,9,0.6897,0,0,1,0,0,0,0,0,0,0.0
2005,1403,Texas Tech,6,W,big_twelve,20,10,0.6667,0,0,1,1,1,0,0,0,0,0.025741
2005,1428,Utah,6,Y,mwc,25,5,0.8333,0,0,1,1,1,0,0,0,0,0.025741
2005,1458,Wisconsin,6,Z,big_ten,22,8,0.7333,0,0,1,1,1,1,0,0,0,0.045741
2005,1150,Charlotte,7,Z,cusa,21,7,0.75,0,0,1,0,0,0,0,0,0,0.0
2005,1153,Cincinnati,7,Y,cusa,24,7,0.7742,0,0,1,1,0,0,0,0,0,0.010741
2005,1356,S Illinois,7,X,mvc,25,7,0.7812,0,0,1,1,0,0,0,0,0,0.010741
2005,1452,West Virginia,7,W,big_east,21,10,0.6774,0,0,1,1,1,1,0,0,0,0.045741
2005,1278,Minnesota,8,Z,big_ten,21,10,0.6774,0,0,1,0,0,0,0,0,0,0.0
2005,1334,Pacific,8,W,big_west,26,3,0.8966,0,0,1,1,0,0,0,0,0,0.010741
2005,1390,Stanford,8,Y,pac_ten,18,12,0.6,0,0,1,0,0,0,0,0,0,0.0
2005,1400,Texas,8,X,big_twelve,19,10,0.6552,0,0,1,0,0,0,0,0,0,0.0
2005,1235,Iowa St,9,Z,big_twelve,18,11,0.6207,0,0,1,1,0,0,0,0,0,0.010741
2005,1280,Mississippi St,9,Y,sec,22,10,0.6875,0,0,1,1,0,0,0,0,0,0.010741
2005,1305,Nevada,9,X,wac,23,6,0.7931,0,0,1,1,0,0,0,0,0,0.010741
2005,1338,Pittsburgh,9,W,big_east,20,8,0.7143,0,0,1,0,0,0,0,0,0,0.0
2005,1166,Creighton,10,W,mvc,23,10,0.697,0,0,1,0,0,0,0,0,0,0.0
2005,1234,Iowa,10,Y,big_ten,21,11,0.6562,0,0,1,0,0,0,0,0,0,0.0
2005,1301,NC State,10,Z,acc,19,13,0.5938,0,0,1,1,1,0,0,0,0,0.025741
2005,1388,St Mary's CA,10,X,wcc,23,8,0.7419,0,0,1,0,0,0,0,0,0,0.0
2005,1320,Northern Iowa,11,Z,mvc,20,10,0.6667,0,0,1,0,0,0,0,0,0,0.0
2005,1412,UAB,11,X,cusa,21,10,0.6774,0,0,1,1,0,0,0,0,0,0.010741
2005,1417,UCLA,11,W,pac_ten,18,10,0.6429,0,0,1,0,0,0,0,0,0,0.0
2005,1431,UTEP,11,Y,wac,25,7,0.7812,0,0,1,0,0,0,0,0,0,0.0
2005,1203,G Washington,12,W,a_ten,22,7,0.7586,0,0,1,0,0,0,0,0,0,0.0
2005,1307,New Mexico,12,Z,mwc,25,6,0.8065,0,0,1,0,0,0,0,0,0,0.0
2005,1330,Old Dominion,12,Y,caa,27,5,0.8438,0,0,1,0,0,0,0,0,0,0.0
2005,1454,WI Milwaukee,12,X,horizon,22,5,0.8148,0,0,1,1,1,0,0,0,0,0.025741
2005,1325,Ohio,13,Z,mac,21,10,0.6774,0,0,1,0,0,0,0,0,0,0.00537
2005,1335,Penn,13,X,ivy,20,8,0.7143,0,0,1,0,0,0,0,0,0,0.00537
2005,1418,Louisiana,13,W,sun_belt,19,10,0.6552,0,0,1,0,0,0,0,0,0,0.00537
2005,1436,Vermont,13,Y,aec,24,6,0.8,0,0,1,1,0,0,0,0,0,0.00537
2005,1137,Bucknell,14,Z,patriot,22,9,0.7097,0,0,1,1,0,0,0,0,0,0.00537
2005,1310,Niagara,14,Y,maac,20,9,0.6897,0,0,1,0,0,0,0,0,0,0.00537
2005,1429,Utah St,14,X,big_west,24,7,0.7742,0,0,1,0,0,0,0,0,0,0.00537
2005,1457,Winthrop,14,W,big_south,24,5,0.8276,0,0,1,0,0,0,0,0,0,0.00537
2005,1151,Chattanooga,15,W,southern,17,10,0.6296,0,0,1,0,0,0,0,0,0,0.00537
2005,1184,E Kentucky,15,Y,ovc,19,8,0.7037,0,0,1,0,0,0,0,0,0,0.00537
2005,1368,SE Louisiana,15,X,southland,19,8,0.7037,0,0,1,0,0,0,0,0,0,0.00537
2005,1416,UCF,15,Z,a_sun,21,8,0.7241,0,0,1,0,0,0,0,0,0,0.00537
2005,1105,Alabama A&M,16,Z,swac,16,13,0.5517,1,0,0,0,0,0,0,0,0,0.00537
2005,1175,Delaware St,16,Y,meac,19,13,0.5938,0,0,1,0,0,0,0,0,0,0.00537
2005,1192,F Dickinson,16,X,nec,19,12,0.6129,0,0,1,0,0,0,0,0,0,0.00537
2005,1285,Montana,16,W,big_sky,16,12,0.5714,0,0,1,0,0,0,0,0,0,0.00537
2005,1324,Oakland,16,Z,mid_cont,11,18,0.3793,1,1,1,0,0,0,0,0,0,0.00537
2006,1163,Connecticut,1,Z,big_east,27,3,0.9,0,0,1,1,1,1,0,0,0,0.035
2006,1181,Duke,1,W,acc,30,3,0.9091,0,0,1,1,1,0,0,0,0,0.015
2006,1272,Memphis,1,X,cusa,30,3,0.9091,0,0,1,1,1,1,0,0,0,0.035
2006,1437,Villanova,1,Y,big_east,25,4,0.8621,0,0,1,1,1,1,0,0,0,0.035
2006,1326,Ohio St,2,Y,big_ten,25,5,0.8333,0,0,1,1,0,0,0,0,0,0.0
2006,1397,Tennessee,2,Z,sec,21,7,0.75,0,0,1,1,0,0,0,0,0,0.0
2006,1400,Texas,2,W,big_twelve,27,6,0.8182,0,0,1,1,1,1,0,0,0,0.035
2006,1417,UCLA,2,X,pac_ten,27,6,0.8182,0,0,1,1,1,1,1,1,0,0.1075
2006,1196,Florida,3,Y,sec,27,6,0.8182,0,0,1,1,1,1,1,1,1,0.1775
2006,1211,Gonzaga,3,X,wcc,27,3,0.9,0,0,1,1,1,0,0,0,0,0.015
2006,1234,Iowa,3,W,big_ten,25,8,0.7576,0,0,1,0,0,0,0,0,0,0.0
2006,1314,North Carolina,3,Z,acc,22,7,0.7586,0,0,1,1,0,0,0,0,0,0.0
2006,1130,Boston College,4,Y,acc,25,7,0.7812,0,0,1,1,1,0,0,0,0,0.025741
2006,1228,Illinois,4,Z,big_ten,25,6,0.8065,0,0,1,1,0,0,0,0,0,0.010741
2006,1242,Kansas,4,X,big_twelve,24,7,0.7742,0,0,1,0,0,0,0,0,0,0.0
2006,1261,LSU,4,W,sec,22,8,0.7333,0,0,1,1,1,1,1,0,0,0.073241
2006,1305,Nevada,5,Y,wac,26,5,0.8387,0,0,1,0,0,0,0,0,0,0.0
2006,1338,Pittsburgh,5,X,big_east,24,7,0.7742,0,0,1,1,0,0,0,0,0,0.010741
2006,1393,Syracuse,5,W,big_east,23,11,0.6765,0,0,1,0,0,0,0,0,0,0.0
2006,1449,Washington,5,Z,pac_ten,24,6,0.8,0,0,1,1,1,0,0,0,0,0.025741
2006,1231,Indiana,6,X,big_ten,18,11,0.6207,0,0,1,1,0,0,0,0,0,0.010741
2006,1277,Michigan St,6,Z,big_ten,21,11,0.6562,0,0,1,0,0,0,0,0,0,0.0
2006,1328,Oklahoma,6,Y,big_twelve,20,8,0.7143,0,0,1,0,0,0,0,0,0,0.0
2006,1452,West Virginia,6,W,big_east,19,10,0.6552,0,0,1,1,1,0,0,0,0,0.025741
2006,1143,California,7,W,pac_ten,20,10,0.6667,0,0,1,0,0,0,0,0,0,0.0
2006,1207,Georgetown,7,Y,big_east,21,9,0.7,0,0,1,1,1,0,0,0,0,0.025741
2006,1266,Marquette,7,X,big_east,19,10,0.6552,0,0,1,0,0,0,0,0,0,0.0
2006,1455,Wichita St,7,Z,mvc,23,8,0.7419,0,0,1,1,1,0,0,0,0,0.025741
2006,1112,Arizona,8,Y,pac_ten,19,12,0.6129,0,0,1,1,0,0,0,0,0,0.010741
2006,1116,Arkansas,8,X,sec,22,9,0.7097,0,0,1,0,0,0,0,0,0,0.0
2006,1203,G Washington,8,W,a_ten,26,2,0.9286,0,0,1,1,0,0,0,0,0,0.010741
2006,1246,Kentucky,8,Z,sec,21,12,0.6364,0,0,1,1,0,0,0,0,0,0.010741
2006,1137,Bucknell,9,X,patriot,25,4,0.8621,0,0,1,1,0,0,0,0,0,0.010741
2006,1412,UAB,9,Z,cusa,23,6,0.7931,0,0,1,0,0,0,0,0,0,0.0
2006,1423,UNC Wilmington,9,W,caa,25,7,0.7812,0,0,1,0,0,0,0,0,0,0.0
2006,1458,Wisconsin,9,Y,big_ten,19,11,0.6333,0,0,1,0,0,0,0,0,0,0.0
2006,1104,Alabama,10,X,sec,17,12,0.5862,0,0,1,1,0,0,0,0,0,0.010741
2006,1301,NC State,10,W,acc,21,9,0.7,0,0,1,1,0,0,0,0,0,0.010741
2006,1320,Northern Iowa,10,Y,mvc,21,9,0.7,0,0,1,0,0,0,0,0,0,0.0
2006,1371,Seton Hall,10,Z,big_east,18,11,0.6207,0,0,1,0,0,0,0,0,0,0.0
2006,1206,George Mason,11,Z,caa,23,7,0.7667,0,0,1,1,1,1,1,0,0,0.073241
2006,1356,S Illinois,11,W,mvc,22,9,0.7097,0,0,1,0,0,0,0,0,0,0.0
2006,1361,San Diego St,11,X,mwc,22,8,0.7333,0,0,1,0,0,0,0,0,0,0.0
2006,1454,WI Milwaukee,11,Y,horizon,20,8,0.7143,0,0,1,1,0,0,0,0,0,0.010741
2006,1245,Kent,12,X,mac,24,8,0.75,0,0,1,0,0,0,0,0,0,0.0
2006,1285,Montana,12,Y,big_sky,21,6,0.7778,0,0,1,1,0,0,0,0,0,0.010741
2006,1401,Texas A&M,12,W,big_twelve,21,8,0.7241,0,0,1,1,0,0,0,0,0,0.010741
2006,1429,Utah St,12,Z,wac,22,8,0.7333,0,0,1,0,0,0,0,0,0,0.0
2006,1102,Air Force,13,Z,mwc,22,6,0.7857,0,0,1,0,0,0,0,0,0,0.00537
2006,1133,Bradley,13,X,mvc,20,10,0.6667,0,0,1,1,1,0,0,0,0,0.02037
2006,1233,Iona,13,W,maac,23,7,0.7667,0,0,1,0,0,0,0,0,0,0.00537
2006,1334,Pacific,13,Y,big_west,22,7,0.7586,0,0,1,0,0,0,0,0,0,0.00537
2006,1293,Murray St,14,Z,ovc,23,6,0.7931,0,0,1,0,0,0,0,0,0,0.00537
2006,1322,Northwestern LA,14,W,southland,22,7,0.7586,0,0,1,1,0,0,0,0,0,0.00537
2006,1375,South Alabama,14,Y,sun_belt,23,6,0.7931,0,0,1,0,0,0,0,0,0,0.00537
2006,1462,Xavier,14,X,a_ten,21,10,0.6774,0,0,1,0,0,0,0,0,0,0.00537
2006,1125,Belmont,15,X,a_sun,20,10,0.6667,0,0,1,0,0,0,0,0,0,0.00537
2006,1172,Davidson,15,Y,southern,17,10,0.6296,0,0,1,0,0,0,0,0,0,0.00537
2006,1335,Penn,15,W,ivy,19,8,0.7037,0,0,1,0,0,0,0,0,0,0.00537
2006,1457,Winthrop,15,Z,big_south,21,7,0.75,0,0,1,0,0,0,0,0,0,0.00537
2006,1107,SUNY Albany,16,Z,aec,21,10,0.6774,0,0,1,0,0,0,0,0,0,0.00537
2006,1214,Hampton,16,Y,meac,16,15,0.5161,1,0,0,0,0,0,0,0,0,0.00537
2006,1284,Monmouth NJ,16,Y,nec,18,14,0.5625,1,1,1,0,0,0,0,0,0,0.00537
2006,1331,Oral Roberts,16,X,mid_cont,20,11,0.6452,0,0,1,0,0,0,0,0,0,0.00537
2006,1380,Southern Univ,16,W,swac,19,12,0.6129,0,0,1,0,0,0,0,0,0,0.00537
2007,1196,Florida,1,Y,sec,29,5,0.8529,0,0,1,1,1,1,1,1,1,0.1775
2007,1242,Kansas,1,Z,big_twelve,30,4,0.8824,0,0,1,1,1,1,0,0,0,0.035
2007,1314,North Carolina,1,W,acc,28,6,0.8235,0,0,1,1,1,1,0,0,0,0.035
2007,1326,Ohio St,1,X,big_ten,30,3,0.9091,0,0,1,1,1,1,1,1,0,0.1075
2007,1207,Georgetown,2,W,big_east,26,6,0.8125,0,0,1,1,1,1,1,0,0,0.0625
2007,1272,Memphis,2,X,cusa,30,3,0.9091,0,0,1,1,1,1,0,0,0,0.035
2007,1417,UCLA,2,Z,pac_ten,25,5,0.8333,0,0,1,1,1,1,1,0,0,0.0625
2007,1458,Wisconsin,2,Y,big_ten,29,5,0.8529,0,0,1,1,0,0,0,0,0,0.0
2007,1332,Oregon,3,Y,pac_ten,26,7,0.7879,0,0,1,1,1,1,0,0,0,0.035
2007,1338,Pittsburgh,3,Z,big_east,27,7,0.7941,0,0,1,1,1,0,0,0,0,0.015
2007,1401,Texas A&M,3,X,big_twelve,25,6,0.8065,0,0,1,1,1,0,0,0,0,0.015
2007,1450,Washington St,3,W,pac_ten,25,7,0.7812,0,0,1,1,0,0,0,0,0,0.0
2007,1268,Maryland,4,Y,acc,24,8,0.75,0,0,1,1,0,0,0,0,0,0.010357
2007,1356,S Illinois,4,Z,mvc,26,6,0.8125,0,0,1,1,1,0,0,0,0,0.025357
2007,1400,Texas,4,W,big_twelve,24,9,0.7273,0,0,1,1,0,0,0,0,0,0.010357
2007,1438,Virginia,4,X,acc,19,10,0.6552,0,0,1,1,0,0,0,0,0,0.010357
2007,1139,Butler,5,Y,horizon,25,6,0.8065,0,0,1,1,1,0,0,0,0,0.025357
2007,1397,Tennessee,5,X,sec,22,10,0.6875,0,0,1,1,1,0,0,0,0,0.025357
2007,1425,USC,5,W,pac_ten,23,11,0.6765,0,0,1,1,1,0,0,0,0,0.025357
2007,1439,Virginia Tech,5,Z,acc,20,11,0.6452,0,0,1,1,0,0,0,0,0,0.010357
2007,1181,Duke,6,Z,acc,22,10,0.6875,0,0,1,0,0,0,0,0,0,0.0
2007,1257,Louisville,6,X,big_east,22,9,0.7097,0,0,1,1,0,0,0,0,0,0.010357
2007,1323,Notre Dame,6,Y,big_east,24,7,0.7742,0,0,1,0,0,0,0,0,0,0.0
2007,1435,Vanderbilt,6,W,sec,19,11,0.6333,0,0,1,1,1,0,0,0,0,0.025357
2007,1130,Boston College,7,W,acc,20,11,0.6452,0,0,1,1,0,0,0,0,0,0.010357
2007,1231,Indiana,7,Z,big_ten,20,10,0.6667,0,0,1,1,0,0,0,0,0,0.010357
2007,1305,Nevada,7,X,wac,27,4,0.871,0,0,1,1,0,0,0,0,0,0.010357
2007,1424,UNLV,7,Y,mwc,27,6,0.8182,0,0,1,1,1,0,0,0,0,0.025357
2007,1112,Arizona,8,Y,pac_ten,20,10,0.6667,0,0,1,0,0,0,0,0,0,0.0
2007,1140,BYU,8,X,mwc,24,8,0.75,0,0,1,0,0,0,0,0,0,0.0
2007,1246,Kentucky,8,Z,sec,21,11,0.6562,0,0,1,1,0,0,0,0,0,0.010357
2007,1266,Marquette,8,W,big_east,23,9,0.7188,0,0,1,0,0,0,0,0,0,0.0
2007,1277,Michigan St,9,W,big_ten,22,11,0.6667,0,0,1,1,0,0,0,0,0,0.010357
2007,1345,Purdue,9,Y,big_ten,21,11,0.6562,0,0,1,1,0,0,0,0,0,0.010357
2007,1437,Villanova,9,Z,big_east,21,10,0.6774,0,0,1,0,0,0,0,0,0,0.0
2007,1462,Xavier,9,X,a_ten,24,8,0.75,0,0,1,1,0,0,0,0,0,0.010357
2007,1166,Creighton,10,X,mvc,22,10,0.6875,0,0,1,0,0,0,0,0,0,0.0
2007,1210,Georgia Tech,10,Y,acc,20,11,0.6452,0,0,1,0,0,0,0,0,0,0.0
2007,1211,Gonzaga,10,Z,wcc,23,10,0.697,0,0,1,0,0,0,0,0,0,0.0
2007,1403,Texas Tech,10,W,big_twelve,21,12,0.6364,0,0,1,0,0,0,0,0,0,0.0
2007,1203,G Washington,11,W,a_ten,23,8,0.7419,0,0,1,0,0,0,0,0,0,0.0
2007,1390,Stanford,11,X,pac_ten,18,12,0.6,0,0,1,0,0,0,0,0,0,0.0
2007,1433,VCU,11,Z,caa,27,6,0.8182,0,0,1,1,0,0,0,0,0,0.010357
2007,1457,Winthrop,11,Y,big_south,24,4,0.8571,0,0,1,1,0,0,0,0,0,0.010357
2007,1116,Arkansas,12,W,sec,21,13,0.6176,0,0,1,0,0,0,0,0,0,0.0
2007,1228,Illinois,12,Z,big_ten,23,11,0.6765,0,0,1,0,0,0,0,0,0,0.0
2007,1253,Long Beach St,12,X,big_west,23,7,0.7667,0,0,1,0,0,0,0,0,0,0.0
2007,1330,Old Dominion,12,Y,caa,24,8,0.75,0,0,1,0,0,0,0,0,0,0.0
2007,1107,SUNY Albany,13,X,aec,23,9,0.7188,0,0,1,0,0,0,0,0,0,0.005179
2007,1172,Davidson,13,Y,southern,27,4,0.871,0,0,1,0,0,0,0,0,0,0.005179
2007,1221,Holy Cross,13,Z,patriot,25,8,0.7576,0,0,1,0,0,0,0,0,0,0.005179
2007,1308,New Mexico St,13,W,wac,24,8,0.75,0,0,1,0,0,0,0,0,0,0.005179
2007,1275,Miami OH,14,Y,mac,18,14,0.5625,0,0,1,0,0,0,0,0,0,0.005179
2007,1331,Oral Roberts,14,W,mid_cont,22,10,0.6875,0,0,1,0,0,0,0,0,0,0.005179
2007,1335,Penn,14,X,ivy,21,8,0.7241,0,0,1,0,0,0,0,0,0,0.005179
2007,1460,Wright St,14,Z,horizon,23,9,0.7188,0,0,1,0,0,0,0,0,0,0.005179
2007,1125,Belmont,15,W,a_sun,22,9,0.7097,0,0,1,0,0,0,0,0,0,0.005179
2007,1317,North Texas,15,X,sun_belt,20,10,0.6667,0,0,1,0,0,0,0,0,0,0.005179
2007,1394,TAM C. Christi,15,Y,southland,24,6,0.8,0,0,1,0,0,0,0,0,0,0.005179
2007,1451,Weber St,15,Z,big_sky,17,11,0.6071,0,0,1,0,0,0,0,0,0,0.005179
2007,1148,Central Conn,16,X,nec,22,11,0.6667,0,0,1,0,0,0,0,0,0,0.005179
2007,1184,E Kentucky,16,W,ovc,19,11,0.6333,0,0,1,0,0,0,0,0,0,0.005179
2007,1197,Florida A&M,16,Z,meac,18,13,0.5806,1,0,0,0,0,0,0,0,0,0.005179
2007,1238,Jackson St,16,Y,swac,20,13,0.6061,0,0,1,0,0,0,0,0,0,0.005179
2007,1310,Niagara,16,Z,maac,22,11,0.6667,1,1,1,0,0,0,0,0,0,0.005179
2008,1242,Kansas,1,X,big_twelve,30,3,0.9091,0,0,1,1,1,1,1,1,1,0.1775
2008,1272,Memphis,1,Y,cusa,33,1,0.9706,0,0,1,1,1,1,1,1,0,0.1075
2008,1314,North Carolina,1,W,acc,32,2,0.9412,0,0,1,1,1,1,1,0,0,0.0625
2008,1417,UCLA,1,Z,pac_ten,30,3,0.9091,0,0,1,1,1,1,1,0,0,0.0625
2008,1181,Duke,2,Z,acc,27,5,0.8438,0,0,1,1,0,0,0,0,0,0.0
2008,1207,Georgetown,2,X,big_east,27,5,0.8438,0,0,1,1,0,0,0,0,0,0.0
2008,1397,Tennessee,2,W,sec,28,4,0.875,0,0,1,1,1,0,0,0,0,0.015
2008,1400,Texas,2,Y,big_twelve,27,6,0.8182,0,0,1,1,1,1,0,0,0,0.035
2008,1257,Louisville,3,W,big_east,24,8,0.75,0,0,1,1,1,1,0,0,0,0.035
2008,1390,Stanford,3,Y,pac_ten,26,7,0.7879,0,0,1,1,1,0,0,0,0,0.015
2008,1458,Wisconsin,3,X,big_ten,29,4,0.8788,0,0,1,1,1,0,0,0,0,0.015
2008,1462,Xavier,3,Z,a_ten,27,6,0.8182,0,0,1,1,1,1,0,0,0,0.035
2008,1163,Connecticut,4,Z,big_east,24,8,0.75,0,0,1,0,0,0,0,0,0,0.0
2008,1338,Pittsburgh,4,Y,big_east,26,9,0.7429,0,0,1,1,0,0,0,0,0,0.011154
2008,1435,Vanderbilt,4,X,sec,26,7,0.7879,0,0,1,0,0,0,0,0,0,0.0
2008,1450,Washington St,4,W,pac_ten,24,8,0.75,0,0,1,1,1,0,0,0,0,0.026154
2008,1155,Clemson,5,X,acc,23,9,0.7188,0,0,1,0,0,0,0,0,0,0.0
2008,1179,Drake,5,Z,mvc,26,4,0.8667,0,0,1,0,0,0,0,0,0,0.0
2008,1277,Michigan St,5,Y,big_ten,25,8,0.7576,0,0,1,1,1,0,0,0,0,0.026154
2008,1323,Notre Dame,5,W,big_east,24,7,0.7742,0,0,1,1,0,0,0,0,0,0.011154
2008,1266,Marquette,6,Y,big_east,23,9,0.7188,0,0,1,1,0,0,0,0,0,0.011154
2008,1328,Oklahoma,6,W,big_twelve,22,11,0.6667,0,0,1,1,0,0,0,0,0,0.011154
2008,1345,Purdue,6,Z,big_ten,24,8,0.75,0,0,1,1,0,0,0,0,0,0.011154
2008,1425,USC,6,X,pac_ten,21,11,0.6562,0,0,1,0,0,0,0,0,0,0.0
2008,1139,Butler,7,W,horizon,29,3,0.9062,0,0,1,1,0,0,0,0,0,0.011154
2008,1211,Gonzaga,7,X,wcc,25,7,0.7812,0,0,1,0,0,0,0,0,0,0.0
2008,1274,Miami FL,7,Y,acc,21,10,0.6774,0,0,1,1,0,0,0,0,0,0.011154
2008,1452,West Virginia,7,Z,big_east,23,10,0.697,0,0,1,1,1,0,0,0,0,0.026154
2008,1140,BYU,8,Z,mwc,27,7,0.7941,0,0,1,0,0,0,0,0,0,0.0
2008,1231,Indiana,8,W,big_ten,25,7,0.7812,0,0,1,0,0,0,0,0,0,0.0
2008,1280,Mississippi St,8,Y,sec,22,10,0.6875,0,0,1,1,0,0,0,0,0,0.011154
2008,1424,UNLV,8,X,mwc,25,7,0.7812,0,0,1,1,0,0,0,0,0,0.011154
2008,1116,Arkansas,9,W,sec,22,11,0.6667,0,0,1,1,0,0,0,0,0,0.011154
2008,1245,Kent,9,X,mac,28,6,0.8235,0,0,1,0,0,0,0,0,0,0.0
2008,1332,Oregon,9,Y,pac_ten,18,13,0.5806,0,0,1,0,0,0,0,0,0,0.0
2008,1401,Texas A&M,9,Z,big_twelve,23,10,0.697,0,0,1,1,0,0,0,0,0,0.011154
2008,1112,Arizona,10,Z,pac_ten,18,14,0.5625,0,0,1,0,0,0,0,0,0,0.0
2008,1172,Davidson,10,X,southern,25,6,0.8065,0,0,1,1,1,1,0,0,0,0.046154
2008,1375,South Alabama,10,W,sun_belt,25,6,0.8065,0,0,1,0,0,0,0,0,0,0.0
2008,1388,St Mary's CA,10,Y,wcc,24,6,0.8,0,0,1,0,0,0,0,0,0,0.0
2008,1124,Baylor,11,Z,big_twelve,20,10,0.6667,0,0,1,0,0,0,0,0,0,0.0
2008,1243,Kansas St,11,X,big_twelve,19,11,0.6333,0,0,1,1,0,0,0,0,0,0.011154
2008,1246,Kentucky,11,Y,sec,18,12,0.6,0,0,1,0,0,0,0,0,0,0.0
2008,1386,St Joseph's PA,11,W,a_ten,21,12,0.6364,0,0,1,0,0,0,0,0,0,0.0
2008,1206,George Mason,12,W,caa,23,10,0.697,0,0,1,0,0,0,0,0,0,0.0
2008,1396,Temple,12,Y,a_ten,21,12,0.6364,0,0,1,0,0,0,0,0,0,0.0
2008,1437,Villanova,12,X,big_east,20,12,0.625,0,0,1,1,1,0,0,0,0,0.026154
2008,1443,WKU,12,Z,sun_belt,25,6,0.8065,0,0,1,1,1,0,0,0,0,0.026154
2008,1331,Oral Roberts,13,Y,summit,23,8,0.7419,0,0,1,0,0,0,0,0,0,0.005577
2008,1360,San Diego,13,Z,wcc,20,13,0.6061,0,0,1,1,0,0,0,0,0,0.005577
2008,1373,Siena,13,X,maac,22,10,0.6875,0,0,1,1,0,0,0,0,0,0.005577
2008,1457,Winthrop,13,W,big_south,20,11,0.6452,0,0,1,0,0,0,0,0,0,0.005577
2008,1129,Boise St,14,W,wac,24,8,0.75,0,0,1,0,0,0,0,0,0,0.005577
2008,1165,Cornell,14,Y,ivy,21,5,0.8077,0,0,1,0,0,0,0,0,0,0.005577
2008,1168,CS Fullerton,14,X,big_west,23,8,0.7419,0,0,1,0,0,0,0,0,0,0.005577
2008,1208,Georgia,14,Z,sec,16,16,0.5,0,0,1,0,0,0,0,0,0,0.005577
2008,1110,American Univ,15,W,patriot,21,11,0.6562,0,0,1,0,0,0,0,0,0,0.005577
2008,1122,Austin Peay,15,Y,ovc,24,10,0.7059,0,0,1,0,0,0,0,0,0,0.005577
2008,1125,Belmont,15,Z,a_sun,24,8,0.75,0,0,1,0,0,0,0,0,0,0.005577
2008,1420,UMBC,15,X,aec,23,8,0.7419,0,0,1,0,0,0,0,0,0,0.005577
2008,1164,Coppin St,16,W,meac,14,20,0.4118,1,0,0,0,0,0,0,0,0,0.005577
2008,1290,MS Valley St,16,Z,swac,15,15,0.5,0,0,1,0,0,0,0,0,0,0.005577
2008,1291,Mt St Mary's,16,W,nec,18,14,0.5625,1,1,1,0,0,0,0,0,0,0.005577
2008,1340,Portland St,16,X,big_sky,21,9,0.7,0,0,1,0,0,0,0,0,0,0.005577
2008,1426,UT Arlington,16,Y,southland,17,11,0.6071,0,0,1,0,0,0,0,0,0,0.005577
2009,1163,Connecticut,1,Z,big_east,27,4,0.871,0,0,1,1,1,1,1,0,0,0.0625
2009,1257,Louisville,1,Y,big_east,28,5,0.8485,0,0,1,1,1,1,0,0,0,0.035
2009,1314,North Carolina,1,X,acc,27,4,0.871,0,0,1,1,1,1,1,1,1,0.1775
2009,1338,Pittsburgh,1,W,big_east,27,4,0.871,0,0,1,1,1,1,0,0,0,0.035
2009,1181,Duke,2,W,acc,28,6,0.8235,0,0,1,1,1,0,0,0,0,0.015
2009,1272,Memphis,2,Z,cusa,31,3,0.9118,0,0,1,1,1,0,0,0,0,0.015
2009,1277,Michigan St,2,Y,big_ten,26,6,0.8125,0,0,1,1,1,1,1,1,0,0.1075
2009,1328,Oklahoma,2,X,big_twelve,27,5,0.8438,0,0,1,1,1,1,0,0,0,0.035
2009,1242,Kansas,3,Y,big_twelve,25,7,0.7812,0,0,1,1,1,0,0,0,0,0.015
2009,1281,Missouri,3,Z,big_twelve,28,6,0.8235,0,0,1,1,1,1,0,0,0,0.035
2009,1393,Syracuse,3,X,big_east,25,9,0.7353,0,0,1,1,1,0,0,0,0,0.015
2009,1437,Villanova,3,W,big_east,26,7,0.7879,0,0,1,1,1,1,1,0,0,0.0625
2009,1211,Gonzaga,4,X,wcc,25,5,0.8333,0,0,1,1,1,0,0,0,0,0.025741
2009,1448,Wake Forest,4,Y,acc,24,6,0.8,0,0,1,0,0,0,0,0,0,0.0
2009,1449,Washington,4,Z,pac_ten,25,8,0.7576,0,0,1,1,0,0,0,0,0,0.010741
2009,1462,Xavier,4,W,a_ten,25,7,0.7812,0,0,1,1,1,0,0,0,0,0.025741
2009,1199,Florida St,5,W,acc,25,9,0.7353,0,0,1,0,0,0,0,0,0,0.0
2009,1228,Illinois,5,X,big_ten,24,9,0.7273,0,0,1,0,0,0,0,0,0,0.0
2009,1345,Purdue,5,Z,big_ten,25,9,0.7353,0,0,1,1,1,0,0,0,0,0.025741
2009,1428,Utah,5,Y,mwc,24,8,0.75,0,0,1,0,0,0,0,0,0,0.0
2009,1113,Arizona St,6,X,pac_ten,24,9,0.7273,0,0,1,1,0,0,0,0,0,0.010741
2009,1266,Marquette,6,Z,big_east,24,9,0.7273,0,0,1,1,0,0,0,0,0,0.010741
2009,1417,UCLA,6,W,pac_ten,25,8,0.7576,0,0,1,1,0,0,0,0,0,0.010741
2009,1452,West Virginia,6,Y,big_east,23,11,0.6765,0,0,1,0,0,0,0,0,0,0.0
2009,1130,Boston College,7,Y,acc,22,11,0.6667,0,0,1,0,0,0,0,0,0,0.0
2009,1143,California,7,Z,pac_ten,22,10,0.6875,0,0,1,0,0,0,0,0,0,0.0
2009,1155,Clemson,7,X,acc,23,8,0.7419,0,0,1,0,0,0,0,0,0,0.0
2009,1400,Texas,7,W,big_twelve,22,11,0.6667,0,0,1,1,0,0,0,0,0,0.010741
2009,1140,BYU,8,Z,mwc,24,7,0.7742,0,0,1,0,0,0,0,0,0,0.0
2009,1261,LSU,8,X,sec,26,7,0.7879,0,0,1,1,0,0,0,0,0,0.010741
2009,1326,Ohio St,8,Y,big_ten,22,10,0.6875,0,0,1,0,0,0,0,0,0,0.0
2009,1329,Oklahoma St,8,W,big_twelve,22,11,0.6667,0,0,1,1,0,0,0,0,0,0.010741
2009,1139,Butler,9,X,horizon,25,5,0.8333,0,0,1,0,0,0,0,0,0,0.0
2009,1373,Siena,9,Y,maac,26,7,0.7879,0,0,1,1,0,0,0,0,0,0.010741
2009,1397,Tennessee,9,W,sec,21,12,0.6364,0,0,1,0,0,0,0,0,0,0.0
2009,1401,Texas A&M,9,Z,big_twelve,23,9,0.7188,0,0,1,1,0,0,0,0,0,0.010741
2009,1268,Maryland,10,Z,acc,20,13,0.6061,0,0,1,1,0,0,0,0,0,0.010741
2009,1276,Michigan,10,X,big_ten,19,13,0.5938,0,0,1,1,0,0,0,0,0,0.010741
2009,1278,Minnesota,10,W,big_ten,21,10,0.6774,0,0,1,0,0,0,0,0,0,0.0
2009,1425,USC,10,Y,pac_ten,21,12,0.6364,0,0,1,1,0,0,0,0,0,0.010741
2009,1173,Dayton,11,Y,a_ten,26,7,0.7879,0,0,1,1,0,0,0,0,0,0.010741
2009,1396,Temple,11,X,a_ten,22,11,0.6667,0,0,1,0,0,0,0,0,0,0.0
2009,1429,Utah St,11,Z,wac,29,4,0.8788,0,0,1,0,0,0,0,0,0,0.0
2009,1433,VCU,11,W,caa,24,9,0.7273,0,0,1,0,0,0,0,0,0,0.0
2009,1112,Arizona,12,Y,pac_ten,19,13,0.5938,0,0,1,1,1,0,0,0,0,0.025741
2009,1320,Northern Iowa,12,Z,mvc,23,10,0.697,0,0,1,0,0,0,0,0,0,0.0
2009,1443,WKU,12,X,sun_belt,23,8,0.7419,0,0,1,1,0,0,0,0,0,0.010741
2009,1458,Wisconsin,12,W,big_ten,19,12,0.6129,0,0,1,1,0,0,0,0,0,0.010741
2009,1103,Akron,13,X,mac,22,12,0.6471,0,0,1,0,0,0,0,0,0,0.00537
2009,1156,Cleveland St,13,Y,horizon,22,10,0.6875,0,0,1,1,0,0,0,0,0,0.00537
2009,1280,Mississippi St,13,Z,sec,22,12,0.6471,0,0,1,0,0,0,0,0,0,0.00537
2009,1340,Portland St,13,W,big_sky,22,9,0.7097,0,0,1,0,0,0,0,0,0,0.00537
2009,1110,American Univ,14,W,patriot,24,7,0.7742,0,0,1,0,0,0,0,0,0,0.00537
2009,1165,Cornell,14,Z,ivy,20,9,0.6897,0,0,1,0,0,0,0,0,0,0.00537
2009,1295,N Dakota St,14,Y,summit,24,6,0.8,0,0,1,0,0,0,0,0,0,0.00537
2009,1372,SF Austin,14,X,southland,20,7,0.7407,0,0,1,0,0,0,0,0,0,0.00537
2009,1127,Binghamton,15,W,aec,22,8,0.7333,0,0,1,0,0,0,0,0,0,0.00537
2009,1169,CS Northridge,15,Z,big_west,16,13,0.5517,0,0,1,0,0,0,0,0,0,0.00537
2009,1288,Morgan St,15,X,meac,22,11,0.6667,0,0,1,0,0,0,0,0,0,0.00537
2009,1352,Robert Morris,15,Y,nec,24,10,0.7059,0,0,1,0,0,0,0,0,0,0.00537
2009,1106,Alabama St,16,Y,swac,20,9,0.6897,1,0,0,0,0,0,0,0,0,0.00537
2009,1151,Chattanooga,16,Z,southern,16,16,0.5,0,0,1,0,0,0,0,0,0,0.00537
2009,1190,ETSU,16,W,a_sun,22,10,0.6875,0,0,1,0,0,0,0,0,0,0.00537
2009,1287,Morehead St,16,Y,ovc,17,15,0.5312,1,1,1,0,0,0,0,0,0,0.00537
2009,1347,Radford,16,X,big_south,18,11,0.6207,0,0,1,0,0,0,0,0,0,0.00537
2010,1181,Duke,1,X,acc,29,5,0.8529,0,0,1,1,1,1,1,1,1,0.1775
2010,1242,Kansas,1,Y,big_twelve,32,2,0.9412,0,0,1,1,0,0,0,0,0,0.0
2010,1246,Kentucky,1,W,sec,32,2,0.9412,0,0,1,1,1,1,0,0,0,0.035
2010,1393,Syracuse,1,Z,big_east,28,4,0.875,0,0,1,1,1,0,0,0,0,0.015
2010,1243,Kansas St,2,Z,big_twelve,25,7,0.7812,0,0,1,1,1,1,0,0,0,0.035
2010,1326,Ohio St,2,Y,big_ten,27,7,0.7941,0,0,1,1,1,0,0,0,0,0.015
2010,1437,Villanova,2,X,big_east,24,7,0.7742,0,0,1,1,0,0,0,0,0,0.0
2010,1452,West Virginia,2,W,big_east,27,6,0.8182,0,0,1,1,1,1,1,0,0,0.0625
2010,1124,Baylor,3,X,big_twelve,24,7,0.7742,0,0,1,1,1,1,0,0,0,0.035
2010,1207,Georgetown,3,Y,big_east,23,10,0.697,0,0,1,0,0,0,0,0,0,0.0
2010,1307,New Mexico,3,W,mwc,29,4,0.8788,0,0,1,1,0,0,0,0,0,0.0
2010,1338,Pittsburgh,3,Z,big_east,24,8,0.75,0,0,1,1,0,0,0,0,0,0.0
2010,1268,Maryland,4,Y,acc,22,8,0.7333,0,0,1,1,0,0,0,0,0,0.010741
2010,1345,Purdue,4,X,big_ten,27,5,0.8438,0,0,1,1,1,0,0,0,0,0.025741
2010,1435,Vanderbilt,4,Z,sec,23,8,0.7419,0,0,1,0,0,0,0,0,0,0.0
2010,1458,Wisconsin,4,W,big_ten,23,8,0.7419,0,0,1,1,0,0,0,0,0,0.010741
2010,1139,Butler,5,Z,horizon,28,4,0.875,0,0,1,1,1,1,1,1,0,0.118241
2010,1277,Michigan St,5,Y,big_ten,24,8,0.75,0,0,1,1,1,1,1,0,0,0.073241
2010,1396,Temple,5,W,a_ten,29,5,0.8529,0,0,1,0,0,0,0,0,0,0.0
2010,1401,Texas A&M,5,X,big_twelve,22,9,0.7097,0,0,1,1,0,0,0,0,0,0.010741
2010,1266,Marquette,6,W,big_east,22,11,0.6667,0,0,1,0,0,0,0,0,0,0.0
2010,1323,Notre Dame,6,X,big_east,23,11,0.6765,0,0,1,0,0,0,0,0,0,0.0
2010,1397,Tennessee,6,Y,sec,25,8,0.7576,0,0,1,1,1,1,0,0,0,0.045741
2010,1462,Xavier,6,Z,a_ten,24,8,0.75,0,0,1,1,1,0,0,0,0,0.025741
2010,1140,BYU,7,Z,mwc,28,5,0.8485,0,0,1,1,0,0,0,0,0,0.010741
2010,1155,Clemson,7,W,acc,21,10,0.6774,0,0,1,0,0,0,0,0,0,0.0
2010,1329,Oklahoma St,7,Y,big_twelve,22,10,0.6875,0,0,1,0,0,0,0,0,0,0.0
2010,1350,Richmond,7,X,a_ten,26,8,0.7647,0,0,1,0,0,0,0,0,0,0.0
2010,1143,California,8,X,pac_ten,23,10,0.697,0,0,1,1,0,0,0,0,0,0.010741
2010,1211,Gonzaga,8,Z,wcc,25,6,0.8065,0,0,1,1,0,0,0,0,0,0.010741
2010,1400,Texas,8,W,big_twelve,24,9,0.7273,0,0,1,0,0,0,0,0,0,0.0
2010,1424,UNLV,8,Y,mwc,24,8,0.75,0,0,1,0,0,0,0,0,0,0.0
2010,1199,Florida St,9,Z,acc,22,9,0.7097,0,0,1,0,0,0,0,0,0,0.0
2010,1257,Louisville,9,X,big_east,20,12,0.625,0,0,1,0,0,0,0,0,0,0.0
2010,1320,Northern Iowa,9,Y,mvc,28,4,0.875,0,0,1,1,1,0,0,0,0,0.025741
2010,1448,Wake Forest,9,W,acc,19,10,0.6552,0,0,1,1,0,0,0,0,0,0.010741
2010,1196,Florida,10,Z,sec,21,12,0.6364,0,0,1,0,0,0,0,0,0,0.0
2010,1210,Georgia Tech,10,Y,acc,21,12,0.6364,0,0,1,1,0,0,0,0,0,0.010741
2010,1281,Missouri,10,W,big_twelve,22,10,0.6875,0,0,1,1,0,0,0,0,0,0.010741
2010,1388,St Mary's CA,10,X,wcc,25,5,0.8333,0,0,1,1,1,0,0,0,0,0.025741
2010,1278,Minnesota,11,Z,big_ten,21,13,0.6176,0,0,1,0,0,0,0,0,0,0.0
2010,1330,Old Dominion,11,X,caa,26,8,0.7647,0,0,1,1,0,0,0,0,0,0.010741
2010,1361,San Diego St,11,Y,mwc,23,8,0.7419,0,0,1,0,0,0,0,0,0,0.0
2010,1449,Washington,11,W,pac_ten,24,9,0.7273,0,0,1,1,1,0,0,0,0,0.025741
2010,1165,Cornell,12,W,ivy,25,4,0.8621,0,0,1,1,1,0,0,0,0,0.025741
2010,1308,New Mexico St,12,Y,wac,21,11,0.6562,0,0,1,0,0,0,0,0,0,0.0
2010,1429,Utah St,12,X,wac,26,7,0.7879,0,0,1,0,0,0,0,0,0,0.0
2010,1431,UTEP,12,Z,cusa,26,6,0.8125,0,0,1,0,0,0,0,0,0,0.0
2010,1222,Houston,13,Y,cusa,18,15,0.5455,0,0,1,0,0,0,0,0,0,0.00537
2010,1293,Murray St,13,Z,ovc,28,4,0.875,0,0,1,1,0,0,0,0,0,0.00537
2010,1373,Siena,13,X,maac,27,6,0.8182,0,0,1,0,0,0,0,0,0,0.00537
2010,1459,Wofford,13,W,southern,25,8,0.7576,0,0,1,0,0,0,0,0,0,0.00537
2010,1285,Montana,14,W,big_sky,20,9,0.6897,0,0,1,0,0,0,0,0,0,0.00537
2010,1324,Oakland,14,Z,summit,24,8,0.75,0,0,1,0,0,0,0,0,0,0.00537
2010,1325,Ohio,14,Y,mac,20,14,0.5882,0,0,1,1,0,0,0,0,0,0.00537
2010,1358,Sam Houston St,14,X,southland,21,7,0.75,0,0,1,0,0,0,0,0,0,0.00537
2010,1288,Morgan St,15,W,meac,27,9,0.75,0,0,1,0,0,0,0,0,0,0.00537
2010,1317,North Texas,15,Z,sun_belt,22,8,0.7333,0,0,1,0,0,0,0,0,0,0.00537
2010,1352,Robert Morris,15,X,nec,23,11,0.6765,0,0,1,0,0,0,0,0,0,0.00537
2010,1364,UC Santa Barbara,15,Y,big_west,19,9,0.6786,0,0,1,0,0,0,0,0,0,0.00537
2010,1115,Ark Pine Bluff,16,X,swac,17,15,0.5312,1,1,1,0,0,0,0,0,0,0.00537
2010,1190,ETSU,16,W,a_sun,19,14,0.5758,0,0,1,0,0,0,0,0,0,0.00537
2010,1250,Lehigh,16,Y,patriot,22,10,0.6875,0,0,1,0,0,0,0,0,0,0.00537
2010,1436,Vermont,16,Z,aec,25,9,0.7353,0,0,1,0,0,0,0,0,0,0.00537
2010,1457,Winthrop,16,X,big_south,17,13,0.5667,1,0,0,0,0,0,0,0,0,0.00537
2011,1181,Duke,1,X,acc,30,4,0.8824,0,0,1,1,1,0,0,0,0,0.015
2011,1242,Kansas,1,Z,big_twelve,32,2,0.9412,0,0,1,1,1,1,0,0,0,0.035
2011,1326,Ohio St,1,W,big_ten,32,2,0.9412,0,0,1,1,1,0,0,0,0,0.015
2011,1338,Pittsburgh,1,Y,big_east,27,5,0.8438,0,0,1,1,0,0,0,0,0,0.0
2011,1196,Florida,2,Y,sec,26,7,0.7879,0,0,1,1,1,1,0,0,0,0.035
2011,1314,North Carolina,2,W,acc,26,7,0.7879,0,0,1,1,1,1,0,0,0,0.035
2011,1323,Notre Dame,2,Z,big_east,26,6,0.8125,0,0,1,1,0,0,0,0,0,0.0
2011,1361,San Diego St,2,X,mwc,30,2,0.9375,0,0,1,1,1,0,0,0,0,0.015
2011,1140,BYU,3,Y,mwc,29,4,0.8788,0,0,1,1,1,0,0,0,0,0.015
2011,1163,Connecticut,3,X,big_east,26,9,0.7429,0,0,1,1,1,1,1,1,1,0.1775
2011,1345,Purdue,3,Z,big_ten,25,7,0.7812,0,0,1,1,0,0,0,0,0,0.0
2011,1393,Syracuse,3,W,big_east,26,7,0.7879,0,0,1,1,0,0,0,0,0,0.0
2011,1246,Kentucky,4,W,sec,25,8,0.7576,0,0,1,1,1,1,1,0,0,0.073241
2011,1257,Louisville,4,Z,big_east,25,9,0.7353,0,0,1,0,0,0,0,0,0,0.0
2011,1400,Texas,4,X,big_twelve,27,7,0.7941,0,0,1,1,0,0,0,0,0,0.010741
2011,1458,Wisconsin,4,Y,big_ten,23,8,0.7419,0,0,1,1,1,0,0,0,0,0.025741
2011,1112,Arizona,5,X,pac_ten,27,7,0.7941,0,0,1,1,1,1,0,0,0,0.045741
2011,1243,Kansas St,5,Y,big_twelve,21,10,0.6774,0,0,1,1,0,0,0,0,0,0.010741
2011,1435,Vanderbilt,5,Z,sec,23,10,0.697,0,0,1,0,0,0,0,0,0,0.0
2011,1452,West Virginia,5,W,big_east,20,11,0.6452,0,0,1,1,0,0,0,0,0,0.010741
2011,1153,Cincinnati,6,X,big_east,25,8,0.7576,0,0,1,1,0,0,0,0,0,0.010741
2011,1207,Georgetown,6,Z,big_east,21,10,0.6774,0,0,1,0,0,0,0,0,0,0.0
2011,1385,St John's,6,Y,big_east,21,11,0.6562,0,0,1,0,0,0,0,0,0,0.0
2011,1462,Xavier,6,W,a_ten,24,7,0.7742,0,0,1,0,0,0,0,0,0,0.0
2011,1396,Temple,7,X,a_ten,25,7,0.7812,0,0,1,1,0,0,0,0,0,0.010741
2011,1401,Texas A&M,7,Z,big_twelve,23,8,0.7419,0,0,1,0,0,0,0,0,0,0.0
2011,1417,UCLA,7,Y,pac_ten,22,10,0.6875,0,0,1,1,0,0,0,0,0,0.010741
2011,1449,Washington,7,W,pac_ten,23,10,0.697,0,0,1,1,0,0,0,0,0,0.010741
2011,1139,Butler,8,Y,horizon,22,9,0.7097,0,0,1,1,1,1,1,1,0,0.118241
2011,1206,George Mason,8,W,caa,26,6,0.8125,0,0,1,1,0,0,0,0,0,0.010741
2011,1276,Michigan,8,X,big_ten,19,13,0.5938,0,0,1,1,0,0,0,0,0,0.010741
2011,1424,UNLV,8,Z,mwc,24,8,0.75,0,0,1,0,0,0,0,0,0,0.0
2011,1228,Illinois,9,Z,big_ten,19,13,0.5938,0,0,1,1,0,0,0,0,0,0.010741
2011,1330,Old Dominion,9,Y,caa,27,6,0.8182,0,0,1,0,0,0,0,0,0,0.0
2011,1397,Tennessee,9,X,sec,19,14,0.5758,0,0,1,0,0,0,0,0,0,0.0
2011,1437,Villanova,9,W,big_east,21,11,0.6562,0,0,1,0,0,0,0,0,0,0.0
2011,1199,Florida St,10,Z,acc,21,10,0.6774,0,0,1,1,1,0,0,0,0,0.025741
2011,1208,Georgia,10,W,sec,21,11,0.6562,0,0,1,0,0,0,0,0,0,0.0
2011,1277,Michigan St,10,Y,big_ten,18,14,0.5625,0,0,1,0,0,0,0,0,0,0.0
2011,1336,Penn St,10,X,big_ten,19,14,0.5758,0,0,1,0,0,0,0,0,0,0.0
2011,1211,Gonzaga,11,Y,wcc,23,9,0.7188,0,0,1,1,0,0,0,0,0,0.010741
2011,1266,Marquette,11,W,big_east,20,14,0.5882,0,0,1,1,1,0,0,0,0,0.025741
2011,1281,Missouri,11,X,big_twelve,22,10,0.6875,0,0,1,0,0,0,0,0,0,0.0
2011,1425,USC,11,Z,pac_ten,19,14,0.5758,1,0,0,0,0,0,0,0,0,0.0
2011,1433,VCU,11,Z,caa,23,11,0.6765,1,1,1,1,1,1,1,0,0,0.073241
2011,1155,Clemson,12,W,acc,21,11,0.6562,1,1,1,0,0,0,0,0,0,0.0
2011,1272,Memphis,12,X,cusa,25,9,0.7353,0,0,1,0,0,0,0,0,0,0.0
2011,1350,Richmond,12,Z,a_ten,27,7,0.7941,0,0,1,1,1,0,0,0,0,0.025741
2011,1412,UAB,12,W,cusa,22,8,0.7333,1,0,0,0,0,0,0,0,0,0.0
2011,1429,Utah St,12,Y,wac,29,3,0.9062,0,0,1,0,0,0,0,0,0,0.0
2011,1125,Belmont,13,Y,a_sun,30,4,0.8824,0,0,1,0,0,0,0,0,0,0.00537
2011,1287,Morehead St,13,Z,ovc,22,9,0.7097,0,0,1,1,0,0,0,0,0,0.00537
2011,1324,Oakland,13,X,summit,24,9,0.7273,0,0,1,0,0,0,0,0,0,0.00537
2011,1343,Princeton,13,W,ivy,24,6,0.8,0,0,1,0,0,0,0,0,0,0.00537
2011,1137,Bucknell,14,X,patriot,25,8,0.7576,0,0,1,0,0,0,0,0,0,0.00537
2011,1232,Indiana St,14,W,mvc,19,13,0.5938,0,0,1,0,0,0,0,0,0,0.00537
2011,1389,St Peter's,14,Z,maac,20,13,0.6061,0,0,1,0,0,0,0,0,0,0.00537
2011,1459,Wofford,14,Y,southern,21,12,0.6364,0,0,1,0,0,0,0,0,0,0.00537
2011,1103,Akron,15,Z,mac,22,12,0.6471,0,0,1,0,0,0,0,0,0,0.00537
2011,1254,LIU Brooklyn,15,W,nec,27,5,0.8438,0,0,1,0,0,0,0,0,0,0.00537
2011,1294,N Colorado,15,X,big_sky,19,10,0.6552,0,0,1,0,0,0,0,0,0,0.00537
2011,1364,UC Santa Barbara,15,Y,big_west,16,13,0.5517,0,0,1,0,0,0,0,0,0,0.00537
2011,1106,Alabama St,16,W,swac,15,17,0.4688,1,0,0,0,0,0,0,0,0,0.00537
2011,1114,Ark Little Rock,16,Y,sun_belt,17,16,0.5152,1,0,0,0,0,0,0,0,0,0.00537
2011,1131,Boston Univ,16,Z,aec,21,13,0.6176,0,0,1,0,0,0,0,0,0,0.00537
2011,1214,Hampton,16,X,meac,23,8,0.7419,0,0,1,0,0,0,0,0,0,0.00537
2011,1421,UNC Asheville,16,Y,big_south,16,13,0.5517,1,1,1,0,0,0,0,0,0,0.00537
2011,1427,UT San Antonio,16,W,southland,16,13,0.5517,1,1,1,0,0,0,0,0,0,0.00537
2012,1246,Kentucky,1,Y,sec,32,2,0.9412,0,0,1,1,1,1,1,1,1,0.1775
2012,1277,Michigan St,1,Z,big_ten,27,7,0.7941,0,0,1,1,1,0,0,0,0,0.015
2012,1314,North Carolina,1,X,acc,29,5,0.8529,0,0,1,1,1,1,0,0,0,0.035
2012,1393,Syracuse,1,W,big_east,31,2,0.9394,0,0,1,1,1,1,0,0,0,0.035
2012,1181,Duke,2,Y,acc,27,6,0.8182,0,0,1,0,0,0,0,0,0,0.0
2012,1242,Kansas,2,X,big_twelve,27,6,0.8182,0,0,1,1,1,1,1,1,0,0.1075
2012,1281,Missouri,2,Z,big_twelve,30,4,0.8824,0,0,1,0,0,0,0,0,0,0.0
2012,1326,Ohio St,2,W,big_ten,27,7,0.7941,0,0,1,1,1,1,1,0,0,0.0625
2012,1124,Baylor,3,Y,big_twelve,26,7,0.7879,0,0,1,1,1,1,0,0,0,0.035
2012,1199,Florida St,3,W,acc,24,9,0.7273,0,0,1,1,0,0,0,0,0,0.0
2012,1207,Georgetown,3,X,big_east,22,8,0.7333,0,0,1,1,0,0,0,0,0,0.0
2012,1266,Marquette,3,Z,big_east,25,7,0.7812,0,0,1,1,1,0,0,0,0,0.015
2012,1231,Indiana,4,Y,big_ten,25,8,0.7576,0,0,1,1,1,0,0,0,0,0.025741
2012,1257,Louisville,4,Z,big_east,26,9,0.7429,0,0,1,1,1,1,1,0,0,0.073241
2012,1276,Michigan,4,X,big_ten,23,9,0.7188,0,0,1,0,0,0,0,0,0,0.0
2012,1458,Wisconsin,4,W,big_ten,24,9,0.7273,0,0,1,1,1,0,0,0,0,0.025741
2012,1307,New Mexico,5,Z,mwc,26,6,0.8125,0,0,1,1,0,0,0,0,0,0.010741
2012,1396,Temple,5,X,a_ten,24,7,0.7742,0,0,1,0,0,0,0,0,0,0.0
2012,1435,Vanderbilt,5,W,sec,24,10,0.7059,0,0,1,1,0,0,0,0,0,0.010741
2012,1455,Wichita St,5,Y,mvc,26,5,0.8387,0,0,1,0,0,0,0,0,0,0.0
2012,1153,Cincinnati,6,W,big_east,24,10,0.7059,0,0,1,1,1,0,0,0,0,0.025741
2012,1293,Murray St,6,Z,ovc,27,1,0.9643,0,0,1,1,0,0,0,0,0,0.010741
2012,1361,San Diego St,6,X,mwc,24,7,0.7742,0,0,1,0,0,0,0,0,0,0.0
2012,1424,UNLV,6,Y,mwc,24,8,0.75,0,0,1,0,0,0,0,0,0,0.0
2012,1196,Florida,7,Z,sec,23,10,0.697,0,0,1,1,1,1,0,0,0,0.045741
2012,1211,Gonzaga,7,W,wcc,25,6,0.8065,0,0,1,1,0,0,0,0,0,0.010741
2012,1323,Notre Dame,7,Y,big_east,22,11,0.6667,0,0,1,0,0,0,0,0,0,0.0
2012,1388,St Mary's CA,7,X,wcc,25,5,0.8333,0,0,1,0,0,0,0,0,0,0.0
2012,1166,Creighton,8,X,mvc,28,5,0.8485,0,0,1,1,0,0,0,0,0,0.010741
2012,1235,Iowa St,8,Y,big_twelve,22,10,0.6875,0,0,1,1,0,0,0,0,0,0.010741
2012,1243,Kansas St,8,W,big_twelve,21,10,0.6774,0,0,1,1,0,0,0,0,0,0.010741
2012,1272,Memphis,8,Z,cusa,26,8,0.7647,0,0,1,0,0,0,0,0,0,0.0
2012,1104,Alabama,9,X,sec,21,11,0.6562,0,0,1,0,0,0,0,0,0,0.0
2012,1163,Connecticut,9,Y,big_east,20,13,0.6061,0,0,1,0,0,0,0,0,0,0.0
2012,1379,Southern Miss,9,W,cusa,23,8,0.7419,0,0,1,0,0,0,0,0,0,0.0
2012,1387,St Louis,9,Z,a_ten,24,7,0.7742,0,0,1,1,0,0,0,0,0,0.010741
2012,1345,Purdue,10,X,big_ten,21,12,0.6364,0,0,1,1,0,0,0,0,0,0.010741
2012,1438,Virginia,10,Z,acc,22,9,0.7097,0,0,1,0,0,0,0,0,0,0.0
2012,1452,West Virginia,10,W,big_east,19,13,0.5938,0,0,1,0,0,0,0,0,0,0.0
2012,1462,Xavier,10,Y,a_ten,21,12,0.6364,0,0,1,1,1,0,0,0,0,0.025741
2012,1160,Colorado,11,Y,pac_twelve,21,11,0.6562,0,0,1,1,0,0,0,0,0,0.010741
2012,1161,Colorado St,11,Z,mwc,20,11,0.6452,0,0,1,0,0,0,0,0,0,0.0
2012,1301,NC State,11,X,acc,22,12,0.6471,0,0,1,1,1,0,0,0,0,0.025741
2012,1400,Texas,11,W,big_twelve,20,13,0.6061,0,0,1,0,0,0,0,0,0,0.0
2012,1143,California,12,X,pac_twelve,24,9,0.7273,1,0,0,0,0,0,0,0,0,0.0
2012,1217,Harvard,12,W,ivy,25,4,0.8621,0,0,1,0,0,0,0,0,0,0.0
2012,1253,Long Beach St,12,Z,big_west,23,8,0.7419,0,0,1,0,0,0,0,0,0,0.0
2012,1378,South Florida,12,X,big_east,19,13,0.5938,1,1,1,1,0,0,0,0,0,0.010741
2012,1433,VCU,12,Y,caa,28,6,0.8235,0,0,1,1,0,0,0,0,0,0.010741
2012,1172,Davidson,13,Z,southern,24,7,0.7742,0,0,1,0,0,0,0,0,0,0.00537
2012,1285,Montana,13,W,big_sky,23,6,0.7931,0,0,1,0,0,0,0,0,0,0.00537
2012,1308,New Mexico St,13,Y,wac,24,9,0.7273,0,0,1,0,0,0,0,0,0,0.00537
2012,1325,Ohio,13,X,mac,26,7,0.7879,0,0,1,1,1,0,0,0,0,0.02037
2012,1125,Belmont,14,X,a_sun,26,7,0.7879,0,0,1,0,0,0,0,0,0,0.00537
2012,1140,BYU,14,Z,wcc,23,8,0.7419,1,1,1,0,0,0,0,0,0,0.00537
2012,1233,Iona,14,Z,maac,25,7,0.7812,1,0,0,0,0,0,0,0,0,0.00537
2012,1355,S Dakota St,14,Y,summit,25,7,0.7812,0,0,1,0,0,0,0,0,0,0.00537
2012,1382,St Bonaventure,14,W,a_ten,20,11,0.6452,0,0,1,0,0,0,0,0,0,0.00537
2012,1178,Detroit,15,X,horizon,20,13,0.6061,0,0,1,0,0,0,0,0,0,0.00537
2012,1250,Lehigh,15,Y,patriot,25,7,0.7812,0,0,1,1,0,0,0,0,0,0.00537
2012,1259,Loyola MD,15,W,maac,24,8,0.75,0,0,1,0,0,0,0,0,0,0.00537
2012,1313,Norfolk St,15,Z,meac,24,8,0.75,0,0,1,1,0,0,0,0,0,0.00537
2012,1249,Lamar,16,X,southland,21,11,0.6562,1,0,0,0,0,0,0,0,0,0.00537
2012,1254,LIU Brooklyn,16,Z,nec,25,8,0.7576,0,0,1,0,0,0,0,0,0,0.00537
2012,1290,MS Valley St,16,Y,swac,21,12,0.6364,1,0,0,0,0,0,0,0,0,0.00537
2012,1421,UNC Asheville,16,W,big_south,21,9,0.7,0,0,1,0,0,0,0,0,0,0.00537
2012,1436,Vermont,16,X,aec,23,11,0.6765,1,1,1,0,0,0,0,0,0,0.00537
2012,1443,WKU,16,Y,sun_belt,15,18,0.4545,1,1,1,0,0,0,0,0,0,0.00537
2013,1211,Gonzaga,1,Z,wcc,30,2,0.9375,0,0,1,1,0,0,0,0,0,0.0
2013,1231,Indiana,1,W,big_ten,27,6,0.8182,0,0,1,1,1,0,0,0,0,0.015
2013,1242,Kansas,1,X,big_twelve,29,5,0.8529,0,0,1,1,1,0,0,0,0,0.015
2013,1257,Louisville,1,Y,big_east,29,5,0.8529,0,0,1,1,1,1,1,1,1,0.1775
2013,1181,Duke,2,Y,acc,27,5,0.8438,0,0,1,1,1,1,0,0,0,0.035
2013,1207,Georgetown,2,X,big_east,25,6,0.8065,0,0,1,0,0,0,0,0,0,0.0
2013,1274,Miami FL,2,W,acc,27,6,0.8182,0,0,1,1,1,0,0,0,0,0.015
2013,1326,Ohio St,2,Z,big_ten,26,7,0.7879,0,0,1,1,1,1,0,0,0,0.035
2013,1196,Florida,3,X,sec,26,7,0.7879,0,0,1,1,1,1,0,0,0,0.035
2013,1266,Marquette,3,W,big_east,23,8,0.7419,0,0,1,1,1,1,0,0,0,0.035
2013,1277,Michigan St,3,Y,big_ten,24,8,0.75,0,0,1,1,1,0,0,0,0,0.015
2013,1307,New Mexico,3,Z,mwc,29,5,0.8529,0,0,1,0,0,0,0,0,0,0.0
2013,1243,Kansas St,4,Z,big_twelve,26,7,0.7879,0,0,1,0,0,0,0,0,0,0.0
2013,1276,Michigan,4,X,big_ten,25,7,0.7812,0,0,1,1,1,1,1,1,0,0.118241
2013,1387,St Louis,4,Y,a_ten,27,6,0.8182,0,0,1,1,0,0,0,0,0,0.010741
2013,1393,Syracuse,4,W,big_east,26,9,0.7429,0,0,1,1,1,1,1,0,0,0.073241
2013,1329,Oklahoma St,5,Y,big_twelve,24,8,0.75,0,0,1,0,0,0,0,0,0,0.0
2013,1424,UNLV,5,W,mwc,24,9,0.7273,0,0,1,0,0,0,0,0,0,0.0
2013,1433,VCU,5,X,a_ten,26,8,0.7647,0,0,1,1,0,0,0,0,0,0.010741
2013,1458,Wisconsin,5,Z,big_ten,23,11,0.6765,0,0,1,0,0,0,0,0,0,0.0
2013,1112,Arizona,6,Z,pac_twelve,25,7,0.7812,0,0,1,1,1,0,0,0,0,0.025741
2013,1139,Butler,6,W,a_ten,25,8,0.7576,0,0,1,1,0,0,0,0,0,0.010741
2013,1272,Memphis,6,Y,cusa,30,4,0.8824,0,0,1,1,0,0,0,0,0,0.010741
2013,1417,UCLA,6,X,pac_twelve,25,9,0.7353,0,0,1,0,0,0,0,0,0,0.0
2013,1166,Creighton,7,Y,mvc,27,7,0.7941,0,0,1,1,0,0,0,0,0,0.010741
2013,1228,Illinois,7,W,big_ten,21,12,0.6364,0,0,1,1,0,0,0,0,0,0.010741
2013,1323,Notre Dame,7,Z,big_east,25,9,0.7353,0,0,1,0,0,0,0,0,0,0.0
2013,1361,San Diego St,7,X,mwc,20,10,0.6667,0,0,1,1,0,0,0,0,0,0.010741
2013,1161,Colorado St,8,Y,mwc,23,8,0.7419,0,0,1,1,0,0,0,0,0,0.010741
2013,1301,NC State,8,W,acc,24,10,0.7059,0,0,1,0,0,0,0,0,0,0.0
2013,1314,North Carolina,8,X,acc,23,10,0.697,0,0,1,1,0,0,0,0,0,0.010741
2013,1338,Pittsburgh,8,Z,big_east,24,8,0.75,0,0,1,0,0,0,0,0,0,0.0
2013,1281,Missouri,9,Y,sec,23,10,0.697,0,0,1,0,0,0,0,0,0,0.0
2013,1396,Temple,9,W,a_ten,23,9,0.7188,0,0,1,1,0,0,0,0,0,0.010741
2013,1437,Villanova,9,X,big_east,19,13,0.5938,0,0,1,0,0,0,0,0,0,0.0
2013,1455,Wichita St,9,Z,mvc,26,8,0.7647,0,0,1,1,1,1,1,0,0,0.073241
2013,1153,Cincinnati,10,Y,big_east,22,11,0.6667,0,0,1,0,0,0,0,0,0,0.0
2013,1160,Colorado,10,W,pac_twelve,21,11,0.6562,0,0,1,0,0,0,0,0,0,0.0
2013,1235,Iowa St,10,Z,big_twelve,22,11,0.6667,0,0,1,1,0,0,0,0,0,0.010741
2013,1328,Oklahoma,10,X,big_twelve,20,11,0.6452,0,0,1,0,0,0,0,0,0,0.0
2013,1125,Belmont,11,Z,ovc,24,6,0.8,0,0,1,0,0,0,0,0,0,0.0
2013,1137,Bucknell,11,W,patriot,27,5,0.8438,0,0,1,0,0,0,0,0,0,0.0
2013,1278,Minnesota,11,X,big_ten,20,12,0.625,0,0,1,1,0,0,0,0,0,0.010741
2013,1292,MTSU,11,Y,sun_belt,28,5,0.8485,1,0,0,0,0,0,0,0,0,0.0
2013,1388,St Mary's CA,11,Y,wcc,26,6,0.8125,1,1,1,0,0,0,0,0,0,0.0
2013,1103,Akron,12,X,mac,25,6,0.8065,0,0,1,0,0,0,0,0,0,0.0
2013,1143,California,12,W,pac_twelve,20,11,0.6452,0,0,1,1,0,0,0,0,0,0.010741
2013,1279,Mississippi,12,Z,sec,26,8,0.7647,0,0,1,1,0,0,0,0,0,0.010741
2013,1332,Oregon,12,Y,pac_twelve,26,8,0.7647,0,0,1,1,1,0,0,0,0,0.025741
2013,1129,Boise St,13,Z,mwc,19,10,0.6552,1,0,0,0,0,0,0,0,0,0.00537
2013,1247,La Salle,13,Z,a_ten,21,9,0.7,1,1,1,1,1,0,0,0,0,0.02037
2013,1285,Montana,13,W,big_sky,23,6,0.7931,0,0,1,0,0,0,0,0,0,0.00537
2013,1308,New Mexico St,13,Y,wac,23,10,0.697,0,0,1,0,0,0,0,0,0,0.00537
2013,1355,S Dakota St,13,X,summit,22,9,0.7097,0,0,1,0,0,0,0,0,0,0.00537
2013,1172,Davidson,14,W,southern,25,7,0.7812,0,0,1,0,0,0,0,0,0,0.00537
2013,1217,Harvard,14,Z,ivy,18,9,0.6667,0,0,1,1,0,0,0,0,0,0.00537
2013,1322,Northwestern LA,14,X,southland,19,8,0.7037,0,0,1,0,0,0,0,0,0,0.00537
2013,1434,Valparaiso,14,Y,horizon,25,7,0.7812,0,0,1,0,0,0,0,0,0,0.00537
2013,1107,SUNY Albany,15,Y,aec,24,10,0.7059,0,0,1,0,0,0,0,0,0,0.00537
2013,1195,FGCU,15,X,a_sun,22,10,0.6875,0,0,1,1,1,0,0,0,0,0.02037
2013,1233,Iona,15,Z,maac,20,13,0.6061,0,0,1,0,0,0,0,0,0,0.00537
2013,1334,Pacific,15,W,big_west,20,12,0.625,0,0,1,0,0,0,0,0,0,0.00537
2013,1241,James Madison,16,W,caa,20,14,0.5882,1,1,1,0,0,0,0,0,0,0.00537
2013,1251,Liberty,16,Y,big_south,12,20,0.375,1,0,0,0,0,0,0,0,0,0.00537
2013,1254,LIU Brooklyn,16,W,nec,20,13,0.6061,1,0,0,0,0,0,0,0,0,0.00537
2013,1299,NC A&T,16,Y,meac,18,16,0.5294,1,1,1,0,0,0,0,0,0,0.00537
2013,1380,Southern Univ,16,Z,swac,20,9,0.6897,0,0,1,0,0,0,0,0,0,0.00537
2013,1443,WKU,16,X,sun_belt,19,15,0.5588,0,0,1,0,0,0,0,0,0,0.00537
2014,1112,Arizona,1,Z,pac_twelve,30,4,0.8824,0,0,1,1,1,1,0,0,0,0.035
2014,1196,Florida,1,X,sec,32,2,0.9412,0,0,1,1,1,1,1,0,0,0.0625
2014,1438,Virginia,1,W,acc,28,6,0.8235,0,0,1,1,1,0,0,0,0,0.015
2014,1455,Wichita St,1,Y,mvc,33,0,1.0,0,0,1,1,0,0,0,0,0,0.0
2014,1242,Kansas,2,X,big_twelve,24,9,0.7273,0,0,1,1,0,0,0,0,0,0.0
2014,1276,Michigan,2,Y,big_ten,25,8,0.7576,0,0,1,1,1,1,0,0,0,0.035
2014,1437,Villanova,2,W,big_east,28,4,0.875,0,0,1,1,0,0,0,0,0,0.0
2014,1458,Wisconsin,2,Z,big_ten,26,7,0.7879,0,0,1,1,1,1,1,0,0,0.0625
2014,1166,Creighton,3,Z,big_east,26,7,0.7879,0,0,1,1,0,0,0,0,0,0.0
2014,1181,Duke,3,Y,acc,26,8,0.7647,0,0,1,0,0,0,0,0,0,0.0
2014,1235,Iowa St,3,W,big_twelve,26,7,0.7879,0,0,1,1,1,0,0,0,0,0.015
2014,1393,Syracuse,3,X,acc,27,5,0.8438,0,0,1,1,0,0,0,0,0,0.0
2014,1257,Louisville,4,Y,aac,29,5,0.8529,0,0,1,1,1,0,0,0,0,0.025357
2014,1277,Michigan St,4,W,big_ten,26,8,0.7647,0,0,1,1,1,1,0,0,0,0.045357
2014,1361,San Diego St,4,Z,mwc,27,4,0.871,0,0,1,1,1,0,0,0,0,0.025357
2014,1417,UCLA,4,X,pac_twelve,26,8,0.7647,0,0,1,1,1,0,0,0,0,0.025357
2014,1153,Cincinnati,5,W,aac,27,6,0.8182,0,0,1,0,0,0,0,0,0,0.0
2014,1328,Oklahoma,5,Z,big_twelve,23,9,0.7188,0,0,1,0,0,0,0,0,0,0.0
2014,1387,St Louis,5,Y,a_ten,25,6,0.8065,0,0,1,1,0,0,0,0,0,0.010357
2014,1433,VCU,5,X,a_ten,26,8,0.7647,0,0,1,0,0,0,0,0,0,0.0
2014,1124,Baylor,6,Z,big_twelve,22,11,0.6667,0,0,1,1,1,0,0,0,0,0.025357
2014,1269,Massachusetts,6,Y,a_ten,24,8,0.75,0,0,1,0,0,0,0,0,0,0.0
2014,1314,North Carolina,6,W,acc,23,9,0.7188,0,0,1,1,0,0,0,0,0,0.010357
2014,1326,Ohio St,6,X,big_ten,25,9,0.7353,0,0,1,0,0,0,0,0,0,0.0
2014,1163,Connecticut,7,W,aac,26,8,0.7647,0,0,1,1,1,1,1,1,1,0.187857
2014,1307,New Mexico,7,X,mwc,27,6,0.8182,0,0,1,0,0,0,0,0,0,0.0
2014,1332,Oregon,7,Z,pac_twelve,23,9,0.7188,0,0,1,1,0,0,0,0,0,0.010357
2014,1400,Texas,7,Y,big_twelve,23,10,0.697,0,0,1,1,0,0,0,0,0,0.010357
2014,1160,Colorado,8,X,pac_twelve,23,11,0.6765,0,0,1,0,0,0,0,0,0,0.0
2014,1211,Gonzaga,8,Z,wcc,27,6,0.8182,0,0,1,1,0,0,0,0,0,0.010357
2014,1246,Kentucky,8,Y,sec,24,10,0.7059,0,0,1,1,1,1,1,1,0,0.117857
2014,1272,Memphis,8,W,aac,22,9,0.7097,0,0,1,1,0,0,0,0,0,0.010357
2014,1203,G Washington,9,W,a_ten,24,8,0.75,0,0,1,0,0,0,0,0,0,0.0
2014,1243,Kansas St,9,Y,big_twelve,20,12,0.625,0,0,1,0,0,0,0,0,0,0.0
2014,1329,Oklahoma St,9,Z,big_twelve,21,12,0.6364,0,0,1,0,0,0,0,0,0,0.0
2014,1338,Pittsburgh,9,X,acc,25,9,0.7353,0,0,1,1,0,0,0,0,0,0.010357
2014,1113,Arizona St,10,Y,pac_twelve,21,11,0.6562,0,0,1,0,0,0,0,0,0,0.0
2014,1140,BYU,10,Z,wcc,22,11,0.6667,0,0,1,0,0,0,0,0,0,0.0
2014,1386,St Joseph's PA,10,W,a_ten,24,9,0.7273,0,0,1,0,0,0,0,0,0,0.0
2014,1390,Stanford,10,X,pac_twelve,21,12,0.6364,0,0,1,1,1,0,0,0,0,0.025357
2014,1173,Dayton,11,X,a_ten,23,10,0.697,0,0,1,1,1,1,0,0,0,0.045357
2014,1234,Iowa,11,Y,big_ten,20,12,0.625,1,0,0,0,0,0,0,0,0,0.0
2014,1304,Nebraska,11,Z,big_ten,19,12,0.6129,0,0,1,0,0,0,0,0,0,0.0
2014,1344,Providence,11,W,big_east,23,11,0.6765,0,0,1,0,0,0,0,0,0,0.0
2014,1397,Tennessee,11,Y,sec,20,12,0.625,1,1,1,1,1,0,0,0,0,0.025357
2014,1217,Harvard,12,W,ivy,25,4,0.8621,0,0,1,1,0,0,0,0,0,0.010357
2014,1295,N Dakota St,12,Z,summit,22,6,0.7857,0,0,1,1,0,0,0,0,0,0.010357
2014,1301,NC State,12,Y,acc,21,13,0.6176,1,1,1,0,0,0,0,0,0,0.0
2014,1372,SF Austin,12,X,southland,29,2,0.9355,0,0,1,1,0,0,0,0,0,0.010357
2014,1462,Xavier,12,Y,big_east,21,12,0.6364,1,0,0,0,0,0,0,0,0,0.0
2014,1174,Delaware,13,W,caa,25,9,0.7353,0,0,1,0,0,0,0,0,0,0.005179
2014,1264,Manhattan,13,Y,maac,25,7,0.7812,0,0,1,0,0,0,0,0,0,0.005179
2014,1308,New Mexico St,13,Z,wac,25,9,0.7353,0,0,1,0,0,0,0,0,0,0.005179
2014,1409,Tulsa,13,X,cusa,21,12,0.6364,0,0,1,0,0,0,0,0,0,0.005179
2014,1273,Mercer,14,Y,a_sun,23,8,0.7419,0,0,1,1,0,0,0,0,0,0.005179
2014,1300,NC Central,14,W,meac,26,5,0.8387,0,0,1,0,0,0,0,0,0,0.005179
2014,1418,Louisiana,14,Z,sun_belt,20,11,0.6452,0,0,1,0,0,0,0,0,0,0.005179
2014,1444,W Michigan,14,X,mac,22,9,0.7097,0,0,1,0,0,0,0,0,0,0.005179
2014,1110,American Univ,15,Z,patriot,20,12,0.625,0,0,1,0,0,0,0,0,0,0.005179
2014,1184,E Kentucky,15,X,ovc,22,9,0.7097,0,0,1,0,0,0,0,0,0,0.005179
2014,1454,WI Milwaukee,15,W,horizon,20,13,0.6061,0,0,1,0,0,0,0,0,0,0.005179
2014,1459,Wofford,15,Y,southern,17,12,0.5862,0,0,1,0,0,0,0,0,0,0.005179
2014,1107,SUNY Albany,16,X,aec,18,14,0.5625,1,1,1,0,0,0,0,0,0,0.005179
2014,1142,Cal Poly,16,Y,big_west,11,19,0.3667,1,1,1,0,0,0,0,0,0,0.005179
2014,1157,Coastal Car,16,W,big_south,18,12,0.6,0,0,1,0,0,0,0,0,0,0.005179
2014,1291,Mt St Mary's,16,X,nec,16,16,0.5,1,0,0,0,0,0,0,0,0,0.005179
2014,1411,TX Southern,16,Y,swac,18,14,0.5625,1,0,0,0,0,0,0,0,0,0.005179
2014,1451,Weber St,16,Z,big_sky,17,11,0.6071,0,0,1,0,0,0,0,0,0,0.005179
2015,1181,Duke,1,X,acc,29,4,0.8788,0,0,1,1,1,1,1,1,1,0.1775
2015,1246,Kentucky,1,Y,sec,34,0,1.0,0,0,1,1,1,1,1,0,0,0.0625
2015,1437,Villanova,1,W,big_east,32,2,0.9412,0,0,1,1,0,0,0,0,0,0.0
2015,1458,Wisconsin,1,Z,big_ten,31,3,0.9118,0,0,1,1,1,1,1,1,0,0.1075
2015,1112,Arizona,2,Z,pac_twelve,31,3,0.9118,0,0,1,1,1,1,0,0,0,0.035
2015,1211,Gonzaga,2,X,wcc,31,2,0.9394,0,0,1,1,1,1,0,0,0,0.035
2015,1242,Kansas,2,Y,big_twelve,26,8,0.7647,0,0,1,1,0,0,0,0,0,0.0
2015,1438,Virginia,2,W,acc,29,3,0.9062,0,0,1,1,0,0,0,0,0,0.0
2015,1124,Baylor,3,Z,big_twelve,23,9,0.7188,0,0,1,0,0,0,0,0,0,0.0
2015,1235,Iowa St,3,X,big_twelve,25,8,0.7576,0,0,1,0,0,0,0,0,0,0.0
2015,1323,Notre Dame,3,Y,acc,29,5,0.8529,0,0,1,1,1,1,0,0,0,0.035
2015,1328,Oklahoma,3,W,big_twelve,22,10,0.6875,0,0,1,1,1,0,0,0,0,0.015
2015,1207,Georgetown,4,X,big_east,21,10,0.6774,0,0,1,1,0,0,0,0,0,0.010357
2015,1257,Louisville,4,W,acc,24,8,0.75,0,0,1,1,1,1,0,0,0,0.045357
2015,1268,Maryland,4,Y,big_ten,27,6,0.8182,0,0,1,1,0,0,0,0,0,0.010357
2015,1314,North Carolina,4,Z,acc,24,11,0.6857,0,0,1,1,1,0,0,0,0,0.025357
2015,1116,Arkansas,5,Z,sec,26,8,0.7647,0,0,1,1,0,0,0,0,0,0.010357
2015,1320,Northern Iowa,5,W,mvc,30,3,0.9091,0,0,1,1,0,0,0,0,0,0.010357
2015,1428,Utah,5,X,pac_twelve,23,8,0.7419,0,0,1,1,1,0,0,0,0,0.025357
2015,1452,West Virginia,5,Y,big_twelve,23,9,0.7188,0,0,1,1,1,0,0,0,0,0.025357
2015,1139,Butler,6,Y,big_east,22,10,0.6875,0,0,1,1,0,0,0,0,0,0.010357
2015,1344,Providence,6,W,big_east,22,11,0.6667,0,0,1,0,0,0,0,0,0,0.0
2015,1374,SMU,6,X,aac,26,6,0.8125,0,0,1,0,0,0,0,0,0,0.0
2015,1462,Xavier,6,Z,big_east,21,13,0.6176,0,0,1,1,1,0,0,0,0,0.025357
2015,1234,Iowa,7,X,big_ten,21,11,0.6562,0,0,1,1,0,0,0,0,0,0.010357
2015,1277,Michigan St,7,W,big_ten,23,11,0.6765,0,0,1,1,1,1,1,0,0,0.072857
2015,1433,VCU,7,Z,a_ten,26,9,0.7429,0,0,1,0,0,0,0,0,0,0.0
2015,1455,Wichita St,7,Y,mvc,27,4,0.871,0,0,1,1,1,0,0,0,0,0.025357
2015,1153,Cincinnati,8,Y,aac,22,10,0.6875,0,0,1,1,0,0,0,0,0,0.010357
2015,1301,NC State,8,W,acc,20,13,0.6061,0,0,1,1,1,0,0,0,0,0.025357
2015,1332,Oregon,8,Z,pac_twelve,24,9,0.7273,0,0,1,1,0,0,0,0,0,0.010357
2015,1361,San Diego St,8,X,mwc,25,8,0.7576,0,0,1,1,0,0,0,0,0,0.010357
2015,1261,LSU,9,W,sec,22,10,0.6875,0,0,1,0,0,0,0,0,0,0.0
2015,1329,Oklahoma St,9,Z,big_twelve,17,13,0.5667,0,0,1,0,0,0,0,0,0,0.0
2015,1345,Purdue,9,Y,big_ten,21,12,0.6364,0,0,1,0,0,0,0,0,0,0.0
2015,1385,St John's,9,X,big_east,20,11,0.6452,0,0,1,0,0,0,0,0,0,0.0
2015,1172,Davidson,10,X,a_ten,23,7,0.7667,0,0,1,0,0,0,0,0,0,0.0
2015,1208,Georgia,10,W,sec,21,11,0.6562,0,0,1,0,0,0,0,0,0,0.0
2015,1231,Indiana,10,Y,big_ten,20,13,0.6061,0,0,1,0,0,0,0,0,0,0.0
2015,1326,Ohio St,10,Z,big_ten,23,10,0.697,0,0,1,1,0,0,0,0,0,0.010357
2015,1129,Boise St,11,W,mwc,23,8,0.7419,1,0,0,0,0,0,0,0,0,0.0
2015,1140,BYU,11,Z,wcc,23,9,0.7188,1,0,0,0,0,0,0,0,0,0.0
2015,1173,Dayton,11,W,a_ten,25,8,0.7576,1,1,1,1,0,0,0,0,0,0.010357
2015,1279,Mississippi,11,Z,sec,20,12,0.625,1,1,1,0,0,0,0,0,0,0.0
2015,1400,Texas,11,Y,big_twelve,20,13,0.6061,0,0,1,0,0,0,0,0,0,0.0
2015,1417,UCLA,11,X,pac_twelve,20,13,0.6061,0,0,1,1,1,0,0,0,0,0.025357
2015,1138,Buffalo,12,Y,mac,23,9,0.7188,0,0,1,0,0,0,0,0,0,0.0
2015,1372,SF Austin,12,X,southland,26,4,0.8667,0,0,1,0,0,0,0,0,0,0.0
2015,1459,Wofford,12,Z,southern,26,6,0.8125,0,0,1,0,0,0,0,0,0,0.0
2015,1461,Wyoming,12,W,mwc,23,9,0.7188,0,0,1,0,0,0,0,0,0,0.0
2015,1186,E Washington,13,X,big_sky,23,8,0.7419,0,0,1,0,0,0,0,0,0,0.005179
2015,1217,Harvard,13,Z,ivy,20,7,0.7407,0,0,1,0,0,0,0,0,0,0.005179
2015,1414,UC Irvine,13,W,big_west,19,12,0.6129,0,0,1,0,0,0,0,0,0,0.005179
2015,1434,Valparaiso,13,Y,horizon,25,5,0.8333,0,0,1,0,0,0,0,0,0,0.005179
2015,1107,SUNY Albany,14,W,aec,24,8,0.75,0,0,1,0,0,0,0,0,0,0.005179
2015,1209,Georgia St,14,Z,sun_belt,23,9,0.7188,0,0,1,1,0,0,0,0,0,0.005179
2015,1318,Northeastern,14,Y,caa,23,11,0.6765,0,0,1,0,0,0,0,0,0,0.005179
2015,1412,UAB,14,X,cusa,18,15,0.5455,0,0,1,1,0,0,0,0,0,0.005179
2015,1125,Belmont,15,W,ovc,21,10,0.6774,0,0,1,0,0,0,0,0,0,0.005179
2015,1295,N Dakota St,15,X,summit,21,9,0.7,0,0,1,0,0,0,0,0,0,0.005179
2015,1308,New Mexico St,15,Y,wac,21,10,0.6774,0,0,1,0,0,0,0,0,0,0.005179
2015,1411,TX Southern,15,Z,swac,22,12,0.6471,0,0,1,0,0,0,0,0,0,0.005179
2015,1157,Coastal Car,16,Z,big_south,20,9,0.6897,0,0,1,0,0,0,0,0,0,0.005179
2015,1214,Hampton,16,Y,meac,16,17,0.4848,1,1,1,0,0,0,0,0,0,0.005179
2015,1248,Lafayette,16,W,patriot,19,12,0.6129,0,0,1,0,0,0,0,0,0,0.005179
2015,1264,Manhattan,16,Y,maac,19,13,0.5938,1,0,0,0,0,0,0,0,0,0.005179
2015,1316,North Florida,16,X,a_sun,20,11,0.6452,1,0,0,0,0,0,0,0,0,0.005179
2015,1352,Robert Morris,16,X,nec,19,14,0.5758,1,1,1,0,0,0,0,0,0,0.005179
2016,1242,Kansas,1,Y,big_twelve,29,4,0.8788,0,0,1,1,1,1,0,0,0,0.035
2016,1314,North Carolina,1,W,acc,28,6,0.8235,0,0,1,1,1,1,1,1,0,0.1075
2016,1332,Oregon,1,Z,pac_twelve,27,6,0.8182,0,0,1,1,1,1,0,0,0,0.035
2016,1438,Virginia,1,X,acc,26,7,0.7879,0,0,1,1,1,1,0,0,0,0.035
2016,1277,Michigan St,2,X,big_ten,29,5,0.8529,0,0,1,0,0,0,0,0,0,0.0
2016,1328,Oklahoma,2,Z,big_twelve,25,7,0.7812,0,0,1,1,1,1,1,0,0,0.0625
2016,1437,Villanova,2,Y,big_east,29,5,0.8529,0,0,1,1,1,1,1,1,1,0.1775
2016,1462,Xavier,2,W,big_east,27,5,0.8438,0,0,1,1,0,0,0,0,0,0.0
2016,1274,Miami FL,3,Y,acc,25,7,0.7812,0,0,1,1,1,0,0,0,0,0.015
2016,1401,Texas A&M,3,Z,sec,26,8,0.7647,0,0,1,1,1,0,0,0,0,0.015
2016,1428,Utah,3,X,pac_twelve,25,8,0.7576,0,0,1,1,0,0,0,0,0,0.0
2016,1452,West Virginia,3,W,big_twelve,26,8,0.7647,0,0,1,0,0,0,0,0,0,0.0
2016,1143,California,4,Y,pac_twelve,23,10,0.697,0,0,1,0,0,0,0,0,0,0.0
2016,1181,Duke,4,Z,acc,23,10,0.697,0,0,1,1,1,0,0,0,0,0.025741
2016,1235,Iowa St,4,X,big_twelve,21,11,0.6562,0,0,1,1,1,0,0,0,0,0.025741
2016,1246,Kentucky,4,W,sec,26,8,0.7647,0,0,1,1,0,0,0,0,0,0.010741
2016,1124,Baylor,5,Z,big_twelve,21,11,0.6562,0,0,1,0,0,0,0,0,0,0.0
2016,1231,Indiana,5,W,big_ten,25,7,0.7812,0,0,1,1,1,0,0,0,0,0.025741
2016,1268,Maryland,5,Y,big_ten,24,8,0.75,0,0,1,1,1,0,0,0,0,0.025741
2016,1345,Purdue,5,X,big_ten,26,8,0.7647,0,0,1,0,0,0,0,0,0,0.0
2016,1112,Arizona,6,Y,pac_twelve,25,8,0.7576,0,0,1,0,0,0,0,0,0,0.0
2016,1323,Notre Dame,6,W,acc,21,11,0.6562,0,0,1,1,1,1,0,0,0,0.045741
2016,1371,Seton Hall,6,X,big_east,25,8,0.7576,0,0,1,0,0,0,0,0,0,0.0
2016,1400,Texas,6,Z,big_twelve,20,12,0.625,0,0,1,0,0,0,0,0,0,0.0
2016,1173,Dayton,7,X,a_ten,25,7,0.7812,0,0,1,0,0,0,0,0,0,0.0
2016,1234,Iowa,7,Y,big_ten,21,10,0.6774,0,0,1,1,0,0,0,0,0,0.010741
2016,1333,Oregon St,7,Z,pac_twelve,18,12,0.6,0,0,1,0,0,0,0,0,0,0.0
2016,1458,Wisconsin,7,W,big_ten,20,12,0.625,0,0,1,1,1,0,0,0,0,0.025741
2016,1160,Colorado,8,Y,pac_twelve,21,11,0.6562,0,0,1,0,0,0,0,0,0,0.0
2016,1386,St Joseph's PA,8,Z,a_ten,27,7,0.7941,0,0,1,1,0,0,0,0,0,0.010741
2016,1403,Texas Tech,8,X,big_twelve,19,12,0.6129,0,0,1,0,0,0,0,0,0,0.0
2016,1425,USC,8,W,pac_twelve,21,12,0.6364,0,0,1,0,0,0,0,0,0,0.0
2016,1139,Butler,9,X,big_east,21,10,0.6774,0,0,1,1,0,0,0,0,0,0.010741
2016,1153,Cincinnati,9,Z,aac,22,10,0.6875,0,0,1,0,0,0,0,0,0,0.0
2016,1163,Connecticut,9,Y,aac,24,10,0.7059,0,0,1,1,0,0,0,0,0,0.010741
2016,1344,Providence,9,W,big_east,23,10,0.697,0,0,1,1,0,0,0,0,0,0.010741
2016,1338,Pittsburgh,10,W,acc,20,11,0.6452,0,0,1,0,0,0,0,0,0,0.0
2016,1393,Syracuse,10,X,acc,19,13,0.5938,0,0,1,1,1,1,1,0,0,0.073241
2016,1396,Temple,10,Y,aac,21,11,0.6562,0,0,1,0,0,0,0,0,0,0.0
2016,1433,VCU,10,Z,a_ten,24,10,0.7059,0,0,1,1,0,0,0,0,0,0.010741
2016,1211,Gonzaga,11,X,wcc,25,7,0.7812,0,0,1,1,1,0,0,0,0,0.025741
2016,1276,Michigan,11,W,big_ten,21,12,0.6364,1,1,1,0,0,0,0,0,0,0.0
2016,1320,Northern Iowa,11,Z,mvc,21,12,0.6364,0,0,1,1,0,0,0,0,0,0.010741
2016,1409,Tulsa,11,W,aac,20,11,0.6452,1,0,0,0,0,0,0,0,0,0.0
2016,1435,Vanderbilt,11,Y,sec,19,13,0.5938,1,0,0,0,0,0,0,0,0,0.0
2016,1455,Wichita St,11,Y,mvc,23,8,0.7419,1,1,1,1,0,0,0,0,0,0.010741
2016,1114,Ark Little Rock,12,X,sun_belt,27,4,0.871,0,0,1,1,0,0,0,0,0,0.010741
2016,1151,Chattanooga,12,W,southern,27,5,0.8438,0,0,1,0,0,0,0,0,0,0.0
2016,1355,S Dakota St,12,Y,summit,24,7,0.7742,0,0,1,0,0,0,0,0,0,0.0
2016,1463,Yale,12,Z,ivy,21,6,0.7778,0,0,1,1,0,0,0,0,0,0.010741
2016,1218,Hawaii,13,Y,big_west,25,5,0.8333,0,0,1,1,0,0,0,0,0,0.00537
2016,1233,Iona,13,X,maac,22,10,0.6875,0,0,1,0,0,0,0,0,0,0.00537
2016,1392,Stony Brook,13,W,aec,24,6,0.8,0,0,1,0,0,0,0,0,0,0.00537
2016,1423,UNC Wilmington,13,Z,caa,23,7,0.7667,0,0,1,0,0,0,0,0,0,0.00537
2016,1138,Buffalo,14,Y,mac,19,14,0.5758,0,0,1,0,0,0,0,0,0,0.00537
2016,1201,Fresno St,14,X,mwc,23,9,0.7188,0,0,1,0,0,0,0,0,0,0.00537
2016,1372,SF Austin,14,W,southland,23,5,0.8214,0,0,1,1,0,0,0,0,0,0.00537
2016,1453,WI Green Bay,14,Z,horizon,21,12,0.6364,0,0,1,0,0,0,0,0,0,0.00537
2016,1167,CS Bakersfield,15,Z,wac,21,8,0.7241,0,0,1,0,0,0,0,0,0,0.00537
2016,1292,MTSU,15,X,cusa,22,9,0.7097,0,0,1,1,0,0,0,0,0,0.00537
2016,1421,UNC Asheville,15,Y,big_south,20,11,0.6452,0,0,1,0,0,0,0,0,0,0.00537
2016,1451,Weber St,15,W,big_sky,23,8,0.7419,0,0,1,0,0,0,0,0,0,0.00537
2016,1122,Austin Peay,16,Y,ovc,16,17,0.4848,0,0,1,0,0,0,0,0,0,0.00537
2016,1192,F Dickinson,16,W,nec,17,14,0.5484,1,0,0,0,0,0,0,0,0,0.00537
2016,1195,FGCU,16,W,a_sun,16,13,0.5517,1,1,1,0,0,0,0,0,0,0.00537
2016,1214,Hampton,16,X,meac,20,10,0.6667,0,0,1,0,0,0,0,0,0,0.00537
2016,1221,Holy Cross,16,Z,patriot,14,19,0.4242,1,1,1,0,0,0,0,0,0,0.00537
2016,1380,Southern Univ,16,Z,swac,19,12,0.6129,1,0,0,0,0,0,0,0,0,0.00537
2017,1211,Gonzaga,1,X,wcc,32,1,0.9697,0,0,1,1,1,1,1,1,0,0.1075
2017,1242,Kansas,1,Y,big_twelve,28,4,0.875,0,0,1,1,1,1,0,0,0,0.035
2017,1314,North Carolina,1,Z,acc,26,7,0.7879,0,0,1,1,1,1,1,1,1,0.1775
2017,1437,Villanova,1,W,big_east,31,3,0.9118,0,0,1,1,0,0,0,0,0,0.0
2017,1112,Arizona,2,X,pac_twelve,30,4,0.8824,0,0,1,1,1,0,0,0,0,0.015
2017,1181,Duke,2,W,acc,27,8,0.7714,0,0,1,1,0,0,0,0,0,0.0
2017,1246,Kentucky,2,Z,sec,29,5,0.8529,0,0,1,1,1,1,0,0,0,0.035
2017,1257,Louisville,2,Y,acc,24,8,0.75,0,0,1,1,0,0,0,0,0,0.0
2017,1124,Baylor,3,W,big_twelve,24,7,0.7742,0,0,1,1,1,0,0,0,0,0.015
2017,1199,Florida St,3,X,acc,25,8,0.7576,0,0,1,1,0,0,0,0,0,0.0
2017,1332,Oregon,3,Y,pac_twelve,28,5,0.8485,0,0,1,1,1,1,1,0,0,0.0625
2017,1417,UCLA,3,Z,pac_twelve,29,4,0.8788,0,0,1,1,1,0,0,0,0,0.015
2017,1139,Butler,4,Z,big_east,23,8,0.7419,0,0,1,1,1,0,0,0,0,0.025357
2017,1196,Florida,4,W,sec,24,8,0.75,0,0,1,1,1,1,0,0,0,0.045357
2017,1345,Purdue,4,Y,big_ten,25,7,0.7812,0,0,1,1,1,0,0,0,0,0.025357
2017,1452,West Virginia,4,X,big_twelve,26,8,0.7647,0,0,1,1,1,0,0,0,0,0.025357
2017,1235,Iowa St,5,Y,big_twelve,23,10,0.697,0,0,1,1,0,0,0,0,0,0.010357
2017,1278,Minnesota,5,Z,big_ten,24,9,0.7273,0,0,1,0,0,0,0,0,0,0.0
2017,1323,Notre Dame,5,X,acc,25,9,0.7353,0,0,1,1,0,0,0,0,0,0.010357
2017,1438,Virginia,5,W,acc,22,10,0.6875,0,0,1,1,0,0,0,0,0,0.010357
2017,1153,Cincinnati,6,Z,aac,29,5,0.8529,0,0,1,1,0,0,0,0,0,0.010357
2017,1166,Creighton,6,Y,big_east,24,9,0.7273,0,0,1,0,0,0,0,0,0,0.0
2017,1268,Maryland,6,X,big_ten,23,8,0.7419,0,0,1,0,0,0,0,0,0,0.0
2017,1374,SMU,6,W,aac,30,4,0.8824,0,0,1,0,0,0,0,0,0,0.0
2017,1173,Dayton,7,Z,a_ten,23,7,0.7667,0,0,1,0,0,0,0,0,0,0.0
2017,1276,Michigan,7,Y,big_ten,24,11,0.6857,0,0,1,1,1,0,0,0,0,0.025357
2017,1376,South Carolina,7,W,sec,21,10,0.6774,0,0,1,1,1,1,1,0,0,0.072857
2017,1388,St Mary's CA,7,X,wcc,28,4,0.875,0,0,1,1,0,0,0,0,0,0.010357
2017,1116,Arkansas,8,Z,sec,25,9,0.7353,0,0,1,1,0,0,0,0,0,0.010357
2017,1274,Miami FL,8,Y,acc,21,11,0.6562,0,0,1,0,0,0,0,0,0,0.0
2017,1321,Northwestern,8,X,big_ten,23,11,0.6765,0,0,1,1,0,0,0,0,0,0.010357
2017,1458,Wisconsin,8,W,big_ten,25,9,0.7353,0,0,1,1,1,0,0,0,0,0.025357
2017,1277,Michigan St,9,Y,big_ten,19,14,0.5758,0,0,1,1,0,0,0,0,0,0.010357
2017,1371,Seton Hall,9,Z,big_east,21,11,0.6562,0,0,1,0,0,0,0,0,0,0.0
2017,1435,Vanderbilt,9,X,sec,19,15,0.5588,0,0,1,0,0,0,0,0,0,0.0
2017,1439,Virginia Tech,9,W,acc,22,10,0.6875,0,0,1,0,0,0,0,0,0,0.0
2017,1266,Marquette,10,W,big_east,19,12,0.6129,0,0,1,0,0,0,0,0,0,0.0
2017,1329,Oklahoma St,10,Y,big_twelve,19,12,0.6129,0,0,1,0,0,0,0,0,0,0.0
2017,1433,VCU,10,X,a_ten,26,8,0.7647,0,0,1,0,0,0,0,0,0,0.0
2017,1455,Wichita St,10,Z,mvc,29,4,0.8788,0,0,1,1,0,0,0,0,0,0.010357
2017,1243,Kansas St,11,Z,big_twelve,20,13,0.6061,1,1,1,0,0,0,0,0,0,0.0
2017,1344,Providence,11,W,big_east,20,12,0.625,1,0,0,0,0,0,0,0,0,0.0
2017,1348,Rhode Island,11,Y,a_ten,24,9,0.7273,0,0,1,1,0,0,0,0,0,0.010357
2017,1425,USC,11,W,pac_twelve,24,9,0.7273,1,1,1,1,0,0,0,0,0,0.010357
2017,1448,Wake Forest,11,Z,acc,19,13,0.5938,1,0,0,0,0,0,0,0,0,0.0
2017,1462,Xavier,11,X,big_east,21,13,0.6176,0,0,1,1,1,1,0,0,0,0.045357
2017,1292,MTSU,12,Z,cusa,29,4,0.8788,0,0,1,1,0,0,0,0,0,0.010357
2017,1305,Nevada,12,Y,mwc,28,6,0.8235,0,0,1,0,0,0,0,0,0,0.0
2017,1343,Princeton,12,X,ivy,22,6,0.7857,0,0,1,0,0,0,0,0,0,0.0
2017,1423,UNC Wilmington,12,W,caa,27,5,0.8438,0,0,1,0,0,0,0,0,0,0.0
2017,1137,Bucknell,13,X,patriot,26,8,0.7647,0,0,1,0,0,0,0,0,0,0.005179
2017,1190,ETSU,13,W,southern,25,7,0.7812,0,0,1,0,0,0,0,0,0,0.005179
2017,1436,Vermont,13,Y,aec,28,5,0.8485,0,0,1,0,0,0,0,0,0,0.005179
2017,1457,Winthrop,13,Z,big_south,24,6,0.8,0,0,1,0,0,0,0,0,0,0.005179
2017,1195,FGCU,14,X,a_sun,23,7,0.7667,0,0,1,0,0,0,0,0,0,0.005179
2017,1233,Iona,14,Y,maac,22,12,0.6471,0,0,1,0,0,0,0,0,0,0.005179
2017,1245,Kent,14,Z,mac,21,13,0.6176,0,0,1,0,0,0,0,0,0,0.005179
2017,1308,New Mexico St,14,W,wac,25,5,0.8333,0,0,1,0,0,0,0,0,0,0.005179
2017,1240,Jacksonville St,15,Y,ovc,18,14,0.5625,0,0,1,0,0,0,0,0,0,0.005179
2017,1297,N Kentucky,15,Z,horizon,22,10,0.6875,0,0,1,0,0,0,0,0,0,0.005179
2017,1315,North Dakota,15,X,big_sky,19,9,0.6786,0,0,1,0,0,0,0,0,0,0.005179
2017,1407,Troy,15,W,sun_belt,20,14,0.5882,0,0,1,0,0,0,0,0,0,0.005179
2017,1291,Mt St Mary's,16,W,nec,19,15,0.5588,1,1,1,0,0,0,0,0,0,0.005179
2017,1300,NC Central,16,Y,meac,22,8,0.7333,1,0,0,0,0,0,0,0,0,0.005179
2017,1309,New Orleans,16,W,southland,17,11,0.6071,1,0,0,0,0,0,0,0,0,0.005179
2017,1355,S Dakota St,16,X,summit,16,16,0.5,0,0,1,0,0,0,0,0,0,0.005179
2017,1411,TX Southern,16,Z,swac,23,11,0.6765,0,0,1,0,0,0,0,0,0,0.005179
2017,1413,UC Davis,16,Y,big_west,20,12,0.625,1,1,1,0,0,0,0,0,0,0.005179
2018,1242,Kansas,1,X,big_twelve,27,7,0.7941,0,0,1,1,1,1,1,0,0,0.0625
2018,1437,Villanova,1,W,big_east,30,4,0.8824,0,0,1,1,1,1,1,1,1,0.1775
2018,1438,Virginia,1,Y,acc,31,2,0.9394,0,0,1,0,0,0,0,0,0,0.0
2018,1462,Xavier,1,Z,big_east,28,5,0.8485,0,0,1,1,0,0,0,0,0,0.0
2018,1153,Cincinnati,2,Y,aac,30,4,0.8824,0,0,1,1,0,0,0,0,0,0.0
2018,1181,Duke,2,X,acc,26,7,0.7879,0,0,1,1,1,1,0,0,0,0.035
2018,1314,North Carolina,2,Z,acc,25,10,0.7143,0,0,1,1,0,0,0,0,0,0.0
2018,1345,Purdue,2,W,big_ten,28,6,0.8235,0,0,1,1,1,0,0,0,0,0.015
2018,1276,Michigan,3,Z,big_ten,27,7,0.7941,0,0,1,1,1,1,1,1,0,0.1075
2018,1277,Michigan St,3,X,big_ten,29,4,0.8788,0,0,1,1,0,0,0,0,0,0.0
2018,1397,Tennessee,3,Y,sec,25,8,0.7576,0,0,1,1,0,0,0,0,0,0.0
2018,1403,Texas Tech,3,W,big_twelve,24,9,0.7273,0,0,1,1,1,1,0,0,0,0.035
2018,1112,Arizona,4,Y,pac_twelve,27,7,0.7941,0,0,1,0,0,0,0,0,0,0.0
2018,1120,Auburn,4,X,sec,25,7,0.7812,0,0,1,1,0,0,0,0,0,0.011154
2018,1211,Gonzaga,4,Z,wcc,30,4,0.8824,0,0,1,1,1,0,0,0,0,0.026154
2018,1455,Wichita St,4,W,aac,25,7,0.7812,0,0,1,0,0,0,0,0,0,0.0
2018,1155,Clemson,5,X,acc,23,9,0.7188,0,0,1,1,1,0,0,0,0,0.026154
2018,1246,Kentucky,5,Y,sec,24,10,0.7059,0,0,1,1,1,0,0,0,0,0.026154
2018,1326,Ohio St,5,Z,big_ten,24,8,0.75,0,0,1,1,0,0,0,0,0,0.011154
2018,1452,West Virginia,5,W,big_twelve,24,10,0.7059,0,0,1,1,1,0,0,0,0,0.026154
2018,1196,Florida,6,W,sec,20,12,0.625,0,0,1,1,0,0,0,0,0,0.011154
2018,1222,Houston,6,Z,aac,26,7,0.7879,0,0,1,1,0,0,0,0,0,0.011154
2018,1274,Miami FL,6,Y,acc,22,9,0.7097,0,0,1,0,0,0,0,0,0,0.0
2018,1395,TCU,6,X,big_twelve,21,11,0.6562,0,0,1,0,0,0,0,0,0,0.0
2018,1116,Arkansas,7,W,sec,23,11,0.6765,0,0,1,0,0,0,0,0,0,0.0
2018,1305,Nevada,7,Y,mwc,27,7,0.7941,0,0,1,1,1,0,0,0,0,0.026154
2018,1348,Rhode Island,7,X,a_ten,25,7,0.7812,0,0,1,1,0,0,0,0,0,0.011154
2018,1401,Texas A&M,7,Z,sec,20,12,0.625,0,0,1,1,1,0,0,0,0,0.026154
2018,1166,Creighton,8,Y,big_east,20,11,0.6452,0,0,1,0,0,0,0,0,0,0.0
2018,1281,Missouri,8,Z,sec,19,12,0.6129,0,0,1,0,0,0,0,0,0,0.0
2018,1371,Seton Hall,8,X,big_east,21,11,0.6562,0,0,1,1,0,0,0,0,0,0.011154
2018,1439,Virginia Tech,8,W,acc,21,11,0.6562,0,0,1,0,0,0,0,0,0,0.0
2018,1104,Alabama,9,W,sec,19,15,0.5588,0,0,1,1,0,0,0,0,0,0.011154
2018,1199,Florida St,9,Z,acc,20,11,0.6452,0,0,1,1,1,1,0,0,0,0.046154
2018,1243,Kansas St,9,Y,big_twelve,22,11,0.6667,0,0,1,1,1,1,0,0,0,0.046154
2018,1301,NC State,9,X,acc,21,11,0.6562,0,0,1,0,0,0,0,0,0,0.0
2018,1139,Butler,10,W,big_east,20,13,0.6061,0,0,1,1,0,0,0,0,0,0.011154
2018,1328,Oklahoma,10,X,big_twelve,18,13,0.5806,0,0,1,0,0,0,0,0,0,0.0
2018,1344,Providence,10,Z,big_east,21,13,0.6176,0,0,1,0,0,0,0,0,0,0.0
2018,1400,Texas,10,Y,big_twelve,19,14,0.5758,0,0,1,0,0,0,0,0,0,0.0
2018,1113,Arizona St,11,X,pac_twelve,20,11,0.6452,1,0,0,0,0,0,0,0,0,0.0
2018,1260,Loyola-Chicago,11,Y,mvc,27,5,0.8438,0,0,1,1,1,1,1,0,0,0.073654
2018,1361,San Diego St,11,Z,mwc,21,10,0.6774,0,0,1,0,0,0,0,0,0,0.0
2018,1382,St Bonaventure,11,W,a_ten,25,7,0.7812,1,1,1,0,0,0,0,0,0,0.0
2018,1393,Syracuse,11,X,acc,20,13,0.6061,1,1,1,1,1,0,0,0,0,0.026154
2018,1417,UCLA,11,W,pac_twelve,21,11,0.6562,1,0,0,0,0,0,0,0,0,0.0
2018,1172,Davidson,12,Y,a_ten,21,11,0.6562,0,0,1,0,0,0,0,0,0,0.0
2018,1293,Murray St,12,W,ovc,24,5,0.8276,0,0,1,0,0,0,0,0,0,0.0
2018,1308,New Mexico St,12,X,wac,25,5,0.8333,0,0,1,0,0,0,0,0,0,0.0
2018,1355,S Dakota St,12,Z,summit,24,6,0.8,0,0,1,0,0,0,0,0,0,0.0
2018,1138,Buffalo,13,Y,mac,25,8,0.7576,0,0,1,1,0,0,0,0,0,0.005577
2018,1158,Col Charleston,13,X,caa,24,7,0.7742,0,0,1,0,0,0,0,0,0,0.005577
2018,1267,Marshall,13,W,cusa,23,10,0.697,0,0,1,1,0,0,0,0,0,0.005577
2018,1422,UNC Greensboro,13,Z,southern,24,7,0.7742,0,0,1,0,0,0,0,0,0,0.005577
2018,1137,Bucknell,14,X,patriot,25,9,0.7353,0,0,1,0,0,0,0,0,0,0.005577
2018,1285,Montana,14,Z,big_sky,24,7,0.7742,0,0,1,0,0,0,0,0,0,0.005577
2018,1372,SF Austin,14,W,southland,24,6,0.8,0,0,1,0,0,0,0,0,0,0.005577
2018,1460,Wright St,14,Y,horizon,23,9,0.7188,0,0,1,0,0,0,0,0,0,0.005577
2018,1168,CS Fullerton,15,W,big_west,18,11,0.6207,0,0,1,0,0,0,0,0,0,0.005577
2018,1209,Georgia St,15,Y,sun_belt,22,10,0.6875,0,0,1,0,0,0,0,0,0,0.005577
2018,1233,Iona,15,X,maac,20,13,0.6061,0,0,1,0,0,0,0,0,0,0.005577
2018,1252,Lipscomb,15,Z,a_sun,20,9,0.6897,0,0,1,0,0,0,0,0,0,0.005577
2018,1254,LIU Brooklyn,16,W,nec,17,16,0.5152,1,0,0,0,0,0,0,0,0,0.005577
2018,1300,NC Central,16,Z,meac,16,15,0.5161,1,0,0,0,0,0,0,0,0,0.005577
2018,1335,Penn,16,X,ivy,23,8,0.7419,0,0,1,0,0,0,0,0,0,0.005577
2018,1347,Radford,16,W,big_south,20,12,0.625,1,1,1,0,0,0,0,0,0,0.005577
2018,1411,TX Southern,16,Z,swac,15,19,0.4412,1,1,1,0,0,0,0,0,0,0.005577
2018,1420,UMBC,16,Y,aec,21,10,0.6774,0,0,1,1,0,0,0,0,0,0.005577
2019,1181,Duke,1,W,acc,29,5,0.8529,0,0,1,1,1,1,0,0,0,0.035
2019,1211,Gonzaga,1,X,wcc,30,3,0.9091,0,0,1,1,1,1,0,0,0,0.035
2019,1314,North Carolina,1,Y,acc,27,6,0.8182,0,0,1,1,1,0,0,0,0,0.015
2019,1438,Virginia,1,Z,acc,29,3,0.9062,0,0,1,1,1,1,1,1,1,0.1775
2019,1246,Kentucky,2,Y,sec,27,6,0.8182,0,0,1,1,1,1,0,0,0,0.035
2019,1276,Michigan,2,X,big_ten,28,6,0.8235,0,0,1,1,1,0,0,0,0,0.015
2019,1277,Michigan St,2,W,big_ten,28,6,0.8235,0,0,1,1,1,1,1,0,0,0.0625
2019,1397,Tennessee,2,Z,sec,28,5,0.8485,0,0,1,1,1,0,0,0,0,0.015
2019,1222,Houston,3,Y,aac,31,3,0.9118,0,0,1,1,1,0,0,0,0,0.015
2019,1261,LSU,3,W,sec,26,6,0.8125,0,0,1,1,1,0,0,0,0,0.015
2019,1345,Purdue,3,Z,big_ten,23,9,0.7188,0,0,1,1,1,1,0,0,0,0.035
2019,1403,Texas Tech,3,X,big_twelve,26,6,0.8125,0,0,1,1,1,1,1,1,0,0.1075
2019,1199,Florida St,4,X,acc,27,7,0.7941,0,0,1,1,1,0,0,0,0,0.025741
2019,1242,Kansas,4,Y,big_twelve,25,9,0.7353,0,0,1,1,0,0,0,0,0,0.010741
2019,1243,Kansas St,4,Z,big_twelve,25,8,0.7576,0,0,1,0,0,0,0,0,0,0.0
2019,1439,Virginia Tech,4,W,acc,24,8,0.75,0,0,1,1,1,0,0,0,0,0.025741
2019,1120,Auburn,5,Y,sec,25,9,0.7353,0,0,1,1,1,1,1,0,0,0.073241
2019,1266,Marquette,5,X,big_east,24,9,0.7273,0,0,1,0,0,0,0,0,0,0.0
2019,1280,Mississippi St,5,W,sec,23,10,0.697,0,0,1,0,0,0,0,0,0,0.0
2019,1458,Wisconsin,5,Z,big_ten,23,10,0.697,0,0,1,0,0,0,0,0,0,0.0
2019,1138,Buffalo,6,X,mac,30,3,0.9091,0,0,1,1,0,0,0,0,0,0.010741
2019,1235,Iowa St,6,Y,big_twelve,23,11,0.6765,0,0,1,0,0,0,0,0,0,0.0
2019,1268,Maryland,6,W,big_ten,22,10,0.6875,0,0,1,1,0,0,0,0,0,0.010741
2019,1437,Villanova,6,Z,big_east,25,9,0.7353,0,0,1,1,0,0,0,0,0,0.010741
2019,1153,Cincinnati,7,Z,aac,28,6,0.8235,0,0,1,0,0,0,0,0,0,0.0
2019,1257,Louisville,7,W,acc,20,13,0.6061,0,0,1,0,0,0,0,0,0,0.0
2019,1305,Nevada,7,X,mwc,29,4,0.8788,0,0,1,0,0,0,0,0,0,0.0
2019,1459,Wofford,7,Y,southern,26,4,0.8667,0,0,1,1,0,0,0,0,0,0.010741
2019,1279,Mississippi,8,Z,sec,20,12,0.625,0,0,1,0,0,0,0,0,0,0.0
2019,1393,Syracuse,8,X,acc,20,13,0.6061,0,0,1,0,0,0,0,0,0,0.0
2019,1429,Utah St,8,Y,mwc,27,6,0.8182,0,0,1,0,0,0,0,0,0,0.0
2019,1433,VCU,8,W,a_ten,25,7,0.7812,0,0,1,0,0,0,0,0,0,0.0
2019,1124,Baylor,9,X,big_twelve,19,13,0.5938,0,0,1,1,0,0,0,0,0,0.010741
2019,1328,Oklahoma,9,Z,big_twelve,19,13,0.5938,0,0,1,1,0,0,0,0,0,0.010741
2019,1416,UCF,9,W,aac,23,8,0.7419,0,0,1,1,0,0,0,0,0,0.010741
2019,1449,Washington,9,Y,pac_twelve,26,8,0.7647,0,0,1,1,0,0,0,0,0,0.010741
2019,1196,Florida,10,X,sec,19,15,0.5588,0,0,1,1,0,0,0,0,0,0.010741
2019,1234,Iowa,10,Z,big_ten,22,11,0.6667,0,0,1,1,0,0,0,0,0,0.010741
2019,1278,Minnesota,10,W,big_ten,21,13,0.6176,0,0,1,1,0,0,0,0,0,0.010741
2019,1371,Seton Hall,10,Y,big_east,20,13,0.6061,0,0,1,0,0,0,0,0,0,0.0
2019,1113,Arizona St,11,X,pac_twelve,22,10,0.6875,1,1,1,0,0,0,0,0,0,0.0
2019,1125,Belmont,11,W,ovc,25,5,0.8333,1,1,1,0,0,0,0,0,0,0.0
2019,1326,Ohio St,11,Y,big_ten,19,14,0.5758,0,0,1,1,0,0,0,0,0,0.010741
2019,1385,St John's,11,X,big_east,21,12,0.6364,1,0,0,0,0,0,0,0,0,0.0
2019,1388,St Mary's CA,11,Z,wcc,22,11,0.6667,0,0,1,0,0,0,0,0,0,0.0
2019,1396,Temple,11,W,aac,23,9,0.7188,1,0,0,0,0,0,0,0,0,0.0
2019,1251,Liberty,12,W,a_sun,25,6,0.8065,0,0,1,1,0,0,0,0,0,0.010741
2019,1293,Murray St,12,X,ovc,25,4,0.8621,0,0,1,1,0,0,0,0,0,0.010741
2019,1308,New Mexico St,12,Y,wac,28,4,0.875,0,0,1,0,0,0,0,0,0,0.0
2019,1332,Oregon,12,Z,pac_twelve,23,12,0.6571,0,0,1,1,1,0,0,0,0,0.025741
2019,1318,Northeastern,13,Y,caa,23,10,0.697,0,0,1,0,0,0,0,0,0,0.00537
2019,1387,St Louis,13,W,a_ten,23,12,0.6571,0,0,1,0,0,0,0,0,0,0.00537
2019,1414,UC Irvine,13,Z,big_west,29,5,0.8529,0,0,1,1,0,0,0,0,0,0.00537
2019,1436,Vermont,13,X,aec,26,6,0.8125,0,0,1,0,0,0,0,0,0,0.00537
2019,1209,Georgia St,14,Y,sun_belt,23,9,0.7188,0,0,1,0,0,0,0,0,0,0.00537
2019,1297,N Kentucky,14,X,horizon,24,8,0.75,0,0,1,0,0,0,0,0,0,0.00537
2019,1330,Old Dominion,14,Z,cusa,26,8,0.7647,0,0,1,0,0,0,0,0,0,0.00537
2019,1463,Yale,14,W,ivy,21,7,0.75,0,0,1,0,0,0,0,0,0,0.00537
2019,1101,Abilene Chr,15,Y,southland,23,6,0.7931,0,0,1,0,0,0,0,0,0,0.00537
2019,1133,Bradley,15,W,mvc,19,14,0.5758,0,0,1,0,0,0,0,0,0,0.00537
2019,1159,Colgate,15,Z,patriot,23,10,0.697,0,0,1,0,0,0,0,0,0,0.00537
2019,1285,Montana,15,X,big_sky,24,8,0.75,0,0,1,0,0,0,0,0,0,0.00537
2019,1192,F Dickinson,16,X,nec,18,13,0.5806,1,1,1,0,0,0,0,0,0,0.00537
2019,1205,Gardner Webb,16,Z,big_south,20,11,0.6452,0,0,1,0,0,0,0,0,0,0.00537
2019,1233,Iona,16,Y,maac,17,15,0.5312,0,0,1,0,0,0,0,0,0,0.00537
2019,1295,N Dakota St,16,W,summit,16,15,0.5161,1,1,1,0,0,0,0,0,0,0.00537
2019,1300,NC Central,16,W,meac,15,15,0.5,1,0,0,0,0,0,0,0,0,0.00537
2019,1341,Prairie View,16,X,swac,21,12,0.6364,1,0,0,0,0,0,0,0,0,0.00537
2021,1124,Baylor,1,Z,big_twelve,22,2,0.9167,0,0,1,1,1,1,1,1,1,0.1785
2021,1211,Gonzaga,1,X,wcc,26,0,1.0,0,0,1,1,1,1,1,1,0,0.1085
2021,1228,Illinois,1,Y,big_ten,23,6,0.7931,0,0,1,1,0,0,0,0,0,0.0
2021,1276,Michigan,1,W,big_ten,20,4,0.8333,0,0,1,1,1,1,0,0,0,0.036
2021,1104,Alabama,2,W,sec,24,6,0.8,0,0,1,1,1,0,0,0,0,0.016
2021,1222,Houston,2,Y,aac,23,3,0.8846,0,0,1,1,1,1,1,0,0,0.0635
2021,1234,Iowa,2,X,big_ten,21,8,0.7241,0,0,1,1,0,0,0,0,0,0.0
2021,1326,Ohio St,2,Z,big_ten,21,9,0.7,0,0,1,0,0,0,0,0,0,0.0
2021,1116,Arkansas,3,Z,sec,22,6,0.7857,0,0,1,1,1,1,0,0,0,0.036
2021,1242,Kansas,3,X,big_twelve,19,8,0.7037,0,0,1,1,0,0,0,0,0,0.0
2021,1400,Texas,3,W,big_twelve,19,7,0.7308,0,0,1,0,0,0,0,0,0,0.0
2021,1452,West Virginia,3,Y,big_twelve,18,9,0.6667,0,0,1,1,0,0,0,0,0,0.0
2021,1199,Florida St,4,W,acc,16,6,0.7273,0,0,1,1,1,0,0,0,0,0.027154
2021,1329,Oklahoma St,4,Y,big_twelve,20,8,0.7143,0,0,1,1,0,0,0,0,0,0.011154
2021,1345,Purdue,4,Z,big_ten,18,9,0.6667,0,0,1,0,0,0,0,0,0,0.0
2021,1438,Virginia,4,X,acc,18,6,0.75,0,0,1,0,0,0,0,0,0,0.0
2021,1160,Colorado,5,W,pac_twelve,22,8,0.7333,0,0,1,1,0,0,0,0,0,0.011154
2021,1166,Creighton,5,X,big_east,20,8,0.7143,0,0,1,1,1,0,0,0,0,0.027154
2021,1397,Tennessee,5,Y,sec,18,8,0.6923,0,0,1,0,0,0,0,0,0,0.0
2021,1437,Villanova,5,Z,big_east,16,6,0.7273,0,0,1,1,1,0,0,0,0,0.027154
2021,1140,BYU,6,W,wcc,19,6,0.76,0,0,1,0,0,0,0,0,0,0.0
2021,1361,San Diego St,6,Y,mwc,22,4,0.8462,0,0,1,0,0,0,0,0,0,0.0
2021,1403,Texas Tech,6,Z,big_twelve,17,10,0.6296,0,0,1,1,0,0,0,0,0,0.011154
2021,1425,USC,6,X,pac_twelve,22,7,0.7586,0,0,1,1,1,1,0,0,0,0.047154
2021,1155,Clemson,7,Y,acc,16,7,0.6957,0,0,1,0,0,0,0,0,0,0.0
2021,1163,Connecticut,7,W,big_east,15,7,0.6818,0,0,1,0,0,0,0,0,0,0.0
2021,1196,Florida,7,Z,sec,14,9,0.6087,0,0,1,1,0,0,0,0,0,0.011154
2021,1332,Oregon,7,X,pac_twelve,20,6,0.7692,0,0,1,1,0,0,0,0,0,0.011154
2021,1260,Loyola-Chicago,8,Y,mvc,22,4,0.8462,0,0,1,1,1,0,0,0,0,0.027154
2021,1261,LSU,8,W,sec,18,9,0.6667,0,0,1,1,0,0,0,0,0,0.011154
2021,1314,North Carolina,8,Z,acc,18,10,0.6429,0,0,1,0,0,0,0,0,0,0.0
2021,1328,Oklahoma,8,X,big_twelve,15,10,0.6,0,0,1,1,0,0,0,0,0,0.011154
2021,1210,Georgia Tech,9,Y,acc,17,8,0.68,0,0,1,0,0,0,0,0,0,0.0
2021,1281,Missouri,9,X,sec,16,9,0.64,0,0,1,0,0,0,0,0,0,0.0
2021,1382,St Bonaventure,9,W,a_ten,16,4,0.8,0,0,1,0,0,0,0,0,0,0.0
2021,1458,Wisconsin,9,Z,big_ten,17,12,0.5862,0,0,1,1,0,0,0,0,0,0.011154
2021,1268,Maryland,10,W,big_ten,15,13,0.5357,0,0,1,1,0,0,0,0,0,0.011154
2021,1353,Rutgers,10,Y,big_ten,15,11,0.5769,0,0,1,1,0,0,0,0,0,0.011154
2021,1433,VCU,10,X,a_ten,19,7,0.7308,0,0,1,0,0,0,0,0,0,0.0
2021,1439,Virginia Tech,10,Z,acc,15,6,0.7143,0,0,1,0,0,0,0,0,0,0.0
2021,1179,Drake,11,X,mvc,23,4,0.8519,1,1,1,0,0,0,0,0,0,0.0
2021,1277,Michigan St,11,W,big_ten,15,12,0.5556,1,0,0,0,0,0,0,0,0,0.0
2021,1393,Syracuse,11,Y,acc,16,9,0.64,0,0,1,1,1,0,0,0,0,0.027154
2021,1417,UCLA,11,W,pac_twelve,17,9,0.6538,1,1,1,1,1,1,1,0,0,0.074654
2021,1429,Utah St,11,Z,mwc,19,8,0.7037,0,0,1,0,0,0,0,0,0,0.0
2021,1455,Wichita St,11,X,aac,14,5,0.7368,1,0,0,0,0,0,0,0,0,0.0
2021,1207,Georgetown,12,W,big_east,13,12,0.52,0,0,1,0,0,0,0,0,0,0.0
2021,1333,Oregon St,12,Y,pac_twelve,16,12,0.5714,0,0,1,1,1,1,0,0,0,0.047154
2021,1364,UC Santa Barbara,12,X,big_west,20,4,0.8333,0,0,1,0,0,0,0,0,0,0.0
2021,1457,Winthrop,12,Z,big_south,23,1,0.9583,0,0,1,0,0,0,0,0,0,0.0
2021,1251,Liberty,13,Y,a_sun,19,5,0.7917,0,0,1,0,0,0,0,0,0,0.005577
2021,1317,North Texas,13,Z,cusa,16,9,0.64,0,0,1,1,0,0,0,0,0,0.005577
2021,1325,Ohio,13,X,mac,15,7,0.6818,0,0,1,1,0,0,0,0,0,0.005577
2021,1422,UNC Greensboro,13,W,southern,21,8,0.7241,0,0,1,0,0,0,0,0,0,0.005577
2021,1101,Abilene Chr,14,W,southland,19,4,0.8261,0,0,1,1,0,0,0,0,0,0.005577
2021,1159,Colgate,14,Z,patriot,14,1,0.9333,0,0,1,0,0,0,0,0,0,0.005577
2021,1186,E Washington,14,X,big_sky,15,7,0.6818,0,0,1,0,0,0,0,0,0,0.005577
2021,1287,Morehead St,14,Y,ovc,21,7,0.75,0,0,1,0,0,0,0,0,0,0.005577
2021,1156,Cleveland St,15,Y,horizon,19,7,0.7308,0,0,1,0,0,0,0,0,0,0.005577
2021,1213,Grand Canyon,15,X,wac,14,6,0.7,0,0,1,0,0,0,0,0,0,0.005577
2021,1233,Iona,15,W,maac,12,5,0.7059,0,0,1,0,0,0,0,0,0,0.005577
2021,1331,Oral Roberts,15,Z,summit,13,10,0.5652,0,0,1,1,1,0,0,0,0,0.021577
2021,1111,Appalachian St,16,X,sun_belt,13,11,0.5417,1,0,0,0,0,0,0,0,0,0.005577
2021,1180,Drexel,16,Y,caa,12,7,0.6316,0,0,1,0,0,0,0,0,0,0.005577
2021,1216,Hartford,16,Z,aec,15,8,0.6522,0,0,1,0,0,0,0,0,0,0.005577
2021,1291,Mt St Mary's,16,W,nec,12,10,0.5455,1,0,0,0,0,0,0,0,0,0.005577
2021,1313,Norfolk St,16,X,meac,14,7,0.6667,1,1,1,0,0,0,0,0,0,0.005577
2021,1411,TX Southern,16,W,swac,15,8,0.6522,1,1,1,0,0,0,0,0,0,0.005577
2022,1112,Arizona,1,Z,pac_twelve,31,3,0.9118,0,0,1,1,1,0,0,0,0,0.015
2022,1124,Baylor,1,W,big_twelve,26,6,0.8125,0,0,1,1,0,0,0,0,0,0.0
2022,1211,Gonzaga,1,X,wcc,26,3,0.8966,0,0,1,1,1,0,0,0,0,0.015
2022,1242,Kansas,1,Y,big_twelve,28,6,0.8235,0,0,1,1,1,1,1,1,1,0.1775
2022,1120,Auburn,2,Y,sec,27,5,0.8438,0,0,1,1,0,0,0,0,0,0.0
2022,1181,Duke,2,X,acc,28,6,0.8235,0,0,1,1,1,1,1,0,0,0.0625
2022,1246,Kentucky,2,W,sec,26,7,0.7879,0,0,1,0,0,0,0,0,0,0.0
2022,1437,Villanova,2,Z,big_east,26,7,0.7879,0,0,1,1,1,1,1,0,0,0.0625
2022,1345,Purdue,3,W,big_ten,27,7,0.7941,0,0,1,1,1,0,0,0,0,0.015
2022,1397,Tennessee,3,Z,sec,26,7,0.7879,0,0,1,1,0,0,0,0,0,0.0
2022,1403,Texas Tech,3,X,big_twelve,25,9,0.7353,0,0,1,1,1,0,0,0,0,0.015
2022,1458,Wisconsin,3,Y,big_ten,24,7,0.7742,0,0,1,1,0,0,0,0,0,0.0
2022,1116,Arkansas,4,X,sec,25,8,0.7576,0,0,1,1,1,1,0,0,0,0.045357
2022,1228,Illinois,4,Z,big_ten,22,9,0.7097,0,0,1,1,0,0,0,0,0,0.010357
2022,1344,Providence,4,Y,big_east,25,5,0.8333,0,0,1,1,1,0,0,0,0,0.025357
2022,1417,UCLA,4,W,pac_twelve,25,7,0.7812,0,0,1,1,1,0,0,0,0,0.025357
2022,1163,Connecticut,5,X,big_east,23,9,0.7188,0,0,1,0,0,0,0,0,0,0.0
2022,1222,Houston,5,Z,aac,29,5,0.8529,0,0,1,1,1,1,0,0,0,0.045357
2022,1234,Iowa,5,Y,big_ten,26,9,0.7429,0,0,1,0,0,0,0,0,0,0.0
2022,1388,St Mary's CA,5,W,wcc,24,7,0.7742,0,0,1,1,0,0,0,0,0,0.010357
2022,1104,Alabama,6,X,sec,19,13,0.5938,0,0,1,0,0,0,0,0,0,0.0
2022,1161,Colorado St,6,Z,mwc,24,5,0.8276,0,0,1,0,0,0,0,0,0,0.0
2022,1261,LSU,6,Y,sec,22,11,0.6667,0,0,1,0,0,0,0,0,0,0.0
2022,1400,Texas,6,W,big_twelve,21,11,0.6562,0,0,1,1,0,0,0,0,0,0.010357
2022,1277,Michigan St,7,X,big_ten,22,12,0.6471,0,0,1,1,0,0,0,0,0,0.010357
2022,1293,Murray St,7,W,ovc,27,2,0.931,0,0,1,1,0,0,0,0,0,0.010357
2022,1326,Ohio St,7,Z,big_ten,19,11,0.6333,0,0,1,1,0,0,0,0,0,0.010357
2022,1425,USC,7,Y,pac_twelve,26,7,0.7879,0,0,1,0,0,0,0,0,0,0.0
2022,1129,Boise St,8,X,mwc,26,7,0.7879,0,0,1,0,0,0,0,0,0,0.0
2022,1314,North Carolina,8,W,acc,24,9,0.7273,0,0,1,1,1,1,1,1,0,0.117857
2022,1361,San Diego St,8,Y,mwc,23,8,0.7419,0,0,1,0,0,0,0,0,0,0.0
2022,1371,Seton Hall,8,Z,big_east,20,10,0.6667,0,0,1,0,0,0,0,0,0,0.0
2022,1166,Creighton,9,Y,big_east,22,11,0.6667,0,0,1,1,0,0,0,0,0,0.010357
2022,1266,Marquette,9,W,big_east,19,12,0.6129,0,0,1,0,0,0,0,0,0,0.0
2022,1272,Memphis,9,X,aac,21,10,0.6774,0,0,1,1,0,0,0,0,0,0.010357
2022,1395,TCU,9,Z,big_twelve,20,12,0.625,0,0,1,1,0,0,0,0,0,0.010357
2022,1172,Davidson,10,X,a_ten,26,6,0.8125,0,0,1,0,0,0,0,0,0,0.0
2022,1260,Loyola-Chicago,10,Z,mvc,24,7,0.7742,0,0,1,0,0,0,0,0,0,0.0
2022,1274,Miami FL,10,Y,acc,23,10,0.697,0,0,1,1,1,1,0,0,0,0.045357
2022,1362,San Francisco,10,W,wcc,23,9,0.7188,0,0,1,0,0,0,0,0,0,0.0
2022,1235,Iowa St,11,Y,big_twelve,20,12,0.625,0,0,1,1,1,0,0,0,0,0.025357
2022,1276,Michigan,11,Z,big_ten,17,14,0.5484,0,0,1,1,1,0,0,0,0,0.025357
2022,1323,Notre Dame,11,X,acc,21,10,0.6774,1,1,1,1,0,0,0,0,0,0.010357
2022,1353,Rutgers,11,X,big_ten,18,13,0.5806,1,0,0,0,0,0,0,0,0,0.0
2022,1439,Virginia Tech,11,W,acc,23,12,0.6571,0,0,1,0,0,0,0,0,0,0.0
2022,1231,Indiana,12,W,big_ten,20,13,0.6061,1,1,1,0,0,0,0,0,0,0.0
2022,1308,New Mexico St,12,X,wac,23,6,0.7931,0,0,1,1,0,0,0,0,0,0.010357
2022,1350,Richmond,12,Y,a_ten,23,12,0.6571,0,0,1,1,0,0,0,0,0,0.010357
2022,1412,UAB,12,Z,cusa,25,7,0.7812,0,0,1,0,0,0,0,0,0,0.0
2022,1461,Wyoming,12,W,mwc,24,8,0.75,1,0,0,0,0,0,0,0,0,0.0
2022,1103,Akron,13,W,mac,22,9,0.7097,0,0,1,0,0,0,0,0,0,0.005179
2022,1151,Chattanooga,13,Z,southern,25,7,0.7812,0,0,1,0,0,0,0,0,0,0.005179
2022,1355,S Dakota St,13,Y,summit,28,4,0.875,0,0,1,0,0,0,0,0,0,0.005179
2022,1436,Vermont,13,X,aec,27,5,0.8438,0,0,1,0,0,0,0,0,0,0.005179
2022,1159,Colgate,14,Y,patriot,22,11,0.6667,0,0,1,0,0,0,0,0,0,0.005179
2022,1255,Longwood,14,Z,big_south,22,6,0.7857,0,0,1,0,0,0,0,0,0,0.005179
2022,1286,Montana St,14,X,big_sky,25,7,0.7812,0,0,1,0,0,0,0,0,0,0.005179
2022,1463,Yale,14,W,ivy,18,11,0.6207,0,0,1,0,0,0,0,0,0,0.005179
2022,1168,CS Fullerton,15,X,big_west,19,10,0.6552,0,0,1,0,0,0,0,0,0,0.005179
2022,1174,Delaware,15,Z,caa,21,12,0.6364,0,0,1,0,0,0,0,0,0,0.005179
2022,1240,Jacksonville St,15,Y,a_sun,19,10,0.6552,0,0,1,0,0,0,0,0,0,0.005179
2022,1389,St Peter's,15,W,maac,18,11,0.6207,0,0,1,1,1,1,0,0,0,0.040179
2022,1136,Bryant,16,Z,nec,21,9,0.7,1,0,0,0,0,0,0,0,0,0.005179
2022,1209,Georgia St,16,X,sun_belt,15,10,0.6,0,0,1,0,0,0,0,0,0,0.005179
2022,1313,Norfolk St,16,W,meac,21,6,0.7778,0,0,1,0,0,0,0,0,0,0.005179
2022,1394,TAM C. Christi,16,Y,southland,19,11,0.6333,1,0,0,0,0,0,0,0,0,0.005179
2022,1411,TX Southern,16,Y,swac,18,12,0.6,1,1,1,0,0,0,0,0,0,0.005179
2022,1460,Wright St,16,Z,horizon,20,13,0.6061,1,1,1,0,0,0,0,0,0,0.005179
2023,1104,Alabama,1,X,sec,29,5,0.8529,0,0,1,1,1,0,0,0,0,0.015
2023,1222,Houston,1,Y,aac,31,3,0.9118,0,0,1,1,1,0,0,0,0,0.015
2023,1242,Kansas,1,Z,big_twelve,27,7,0.7941,0,0,1,1,0,0,0,0,0,0.0
2023,1345,Purdue,1,W,big_ten,29,5,0.8529,0,0,1,0,0,0,0,0,0,0.0
2023,1112,Arizona,2,X,pac_twelve,28,6,0.8235,0,0,1,0,0,0,0,0,0,0.0
2023,1266,Marquette,2,W,big_east,28,6,0.8235,0,0,1,1,0,0,0,0,0,0.0
2023,1400,Texas,2,Y,big_twelve,26,8,0.7647,0,0,1,1,1,1,0,0,0,0.035
2023,1417,UCLA,2,Z,pac_twelve,29,5,0.8529,0,0,1,1,1,0,0,0,0,0.015
2023,1124,Baylor,3,X,big_twelve,22,10,0.6875,0,0,1,1,0,0,0,0,0,0.0
2023,1211,Gonzaga,3,Z,wcc,27,5,0.8438,0,0,1,1,1,1,0,0,0,0.035
2023,1243,Kansas St,3,W,big_twelve,23,9,0.7188,0,0,1,1,1,1,0,0,0,0.035
2023,1462,Xavier,3,Y,big_east,25,9,0.7353,0,0,1,1,1,0,0,0,0,0.015
2023,1163,Connecticut,4,Z,big_east,25,8,0.7576,0,0,1,1,1,1,1,1,1,0.188241
2023,1231,Indiana,4,Y,big_ten,22,11,0.6667,0,0,1,1,0,0,0,0,0,0.010741
2023,1397,Tennessee,4,W,sec,23,10,0.697,0,0,1,1,1,0,0,0,0,0.025741
2023,1438,Virginia,4,X,acc,25,7,0.7812,0,0,1,0,0,0,0,0,0,0.0
2023,1181,Duke,5,W,acc,26,8,0.7647,0,0,1,1,0,0,0,0,0,0.010741
2023,1274,Miami FL,5,Y,acc,25,7,0.7812,0,0,1,1,1,1,1,0,0,0.073241
2023,1361,San Diego St,5,X,mwc,26,6,0.8125,0,0,1,1,1,1,1,1,0,0.118241
2023,1388,St Mary's CA,5,Z,wcc,25,7,0.7812,0,0,1,1,0,0,0,0,0,0.010741
2023,1166,Creighton,6,X,big_east,21,12,0.6364,0,0,1,1,1,1,0,0,0,0.045741
2023,1235,Iowa St,6,Y,big_twelve,19,13,0.5938,0,0,1,0,0,0,0,0,0,0.0
2023,1246,Kentucky,6,W,sec,21,11,0.6562,0,0,1,1,0,0,0,0,0,0.010741
2023,1395,TCU,6,Z,big_twelve,21,12,0.6364,0,0,1,1,0,0,0,0,0,0.010741
2023,1277,Michigan St,7,W,big_ten,19,12,0.6129,0,0,1,1,1,0,0,0,0,0.025741
2023,1281,Missouri,7,X,sec,24,9,0.7273,0,0,1,1,0,0,0,0,0,0.010741
2023,1321,Northwestern,7,Z,big_ten,21,11,0.6562,0,0,1,1,0,0,0,0,0,0.010741
2023,1401,Texas A&M,7,Y,sec,25,9,0.7353,0,0,1,0,0,0,0,0,0,0.0
2023,1116,Arkansas,8,Z,sec,20,13,0.6061,0,0,1,1,1,0,0,0,0,0.025741
2023,1234,Iowa,8,Y,big_ten,19,13,0.5938,0,0,1,0,0,0,0,0,0,0.0
2023,1268,Maryland,8,X,big_ten,21,12,0.6364,0,0,1,1,0,0,0,0,0,0.010741
2023,1272,Memphis,8,W,aac,26,8,0.7647,0,0,1,0,0,0,0,0,0,0.0
2023,1120,Auburn,9,Y,sec,20,12,0.625,0,0,1,1,0,0,0,0,0,0.010741
2023,1194,FL Atlantic,9,W,cusa,29,3,0.9062,0,0,1,1,1,1,1,0,0,0.073241
2023,1228,Illinois,9,Z,big_ten,20,12,0.625,0,0,1,0,0,0,0,0,0,0.0
2023,1452,West Virginia,9,X,big_twelve,19,14,0.5758,0,0,1,0,0,0,0,0,0,0.0
2023,1129,Boise St,10,Z,mwc,23,9,0.7188,0,0,1,0,0,0,0,0,0,0.0
2023,1336,Penn St,10,Y,big_ten,22,13,0.6286,0,0,1,1,0,0,0,0,0,0.010741
2023,1425,USC,10,W,pac_twelve,22,10,0.6875,0,0,1,0,0,0,0,0,0,0.0
2023,1429,Utah St,10,X,mwc,25,8,0.7576,0,0,1,0,0,0,0,0,0,0.0
2023,1113,Arizona St,11,Z,pac_twelve,22,12,0.6471,1,1,1,0,0,0,0,0,0,0.0
2023,1280,Mississippi St,11,Y,sec,21,12,0.6364,1,0,0,0,0,0,0,0,0,0.0
2023,1301,NC State,11,X,acc,23,10,0.697,0,0,1,0,0,0,0,0,0,0.0
2023,1305,Nevada,11,Z,mwc,21,10,0.6774,1,0,0,0,0,0,0,0,0,0.0
2023,1338,Pittsburgh,11,Y,acc,22,11,0.6667,1,1,1,1,0,0,0,0,0,0.010741
2023,1344,Providence,11,W,big_east,21,11,0.6562,0,0,1,0,0,0,0,0,0,0.0
2023,1158,Col Charleston,12,X,caa,30,3,0.9091,0,0,1,0,0,0,0,0,0,0.0
2023,1179,Drake,12,Y,mvc,26,7,0.7879,0,0,1,0,0,0,0,0,0,0.0
2023,1331,Oral Roberts,12,W,summit,26,4,0.8667,0,0,1,0,0,0,0,0,0,0.0
2023,1433,VCU,12,Z,a_ten,27,7,0.7941,0,0,1,0,0,0,0,0,0,0.0
2023,1202,Furman,13,X,southern,24,7,0.7742,0,0,1,1,0,0,0,0,0,0.00537
2023,1233,Iona,13,Z,maac,27,7,0.7941,0,0,1,0,0,0,0,0,0,0.00537
2023,1245,Kent,13,Y,mac,26,6,0.8125,0,0,1,0,0,0,0,0,0,0.00537
2023,1418,Louisiana,13,W,sun_belt,23,7,0.7667,0,0,1,0,0,0,0,0,0,0.00537
2023,1213,Grand Canyon,14,Z,wac,21,11,0.6562,0,0,1,0,0,0,0,0,0,0.00537
2023,1244,Kennesaw,14,Y,a_sun,23,8,0.7419,0,0,1,0,0,0,0,0,0,0.00537
2023,1286,Montana St,14,W,big_sky,23,9,0.7188,0,0,1,0,0,0,0,0,0,0.00537
2023,1364,UC Santa Barbara,14,X,big_west,25,7,0.7812,0,0,1,0,0,0,0,0,0,0.00537
2023,1159,Colgate,15,Y,patriot,25,8,0.7576,0,0,1,0,0,0,0,0,0,0.00537
2023,1343,Princeton,15,X,ivy,19,8,0.7037,0,0,1,1,1,0,0,0,0,0.02037
2023,1421,UNC Asheville,15,Z,big_south,25,7,0.7812,0,0,1,0,0,0,0,0,0,0.00537
2023,1436,Vermont,15,W,aec,22,10,0.6875,0,0,1,0,0,0,0,0,0,0.00537
2023,1192,F Dickinson,16,W,nec,17,15,0.5312,1,1,1,1,0,0,0,0,0,0.00537
2023,1224,Howard,16,Z,meac,19,12,0.6129,0,0,1,0,0,0,0,0,0,0.00537
2023,1297,N Kentucky,16,Y,horizon,20,12,0.625,0,0,1,0,0,0,0,0,0,0.00537
2023,1369,SE Missouri St,16,X,ovc,17,16,0.5152,1,0,0,0,0,0,0,0,0,0.00537
2023,1394,TAM C. Christi,16,X,southland,19,10,0.6552,1,1,1,0,0,0,0,0,0,0.00537
2023,1411,TX Southern,16,W,swac,12,20,0.375,1,0,0,0,0,0,0,0,0,0.00537
2024,1163,Connecticut,1,W,big_east,31,3,0.9118,0,0,1,1,1,1,1,1,1,0.1775
2024,1222,Houston,1,Z,big_twelve,30,4,0.8824,0,0,1,1,1,0,0,0,0,0.015
2024,1314,North Carolina,1,X,acc,27,7,0.7941,0,0,1,1,1,0,0,0,0,0.015
2024,1345,Purdue,1,Y,big_ten,29,4,0.8788,0,0,1,1,1,1,1,1,0,0.1075
2024,1112,Arizona,2,X,pac_twelve,25,8,0.7576,0,0,1,1,1,0,0,0,0,0.015
2024,1235,Iowa St,2,W,big_twelve,27,7,0.7941,0,0,1,1,1,0,0,0,0,0.015
2024,1266,Marquette,2,Z,big_east,25,9,0.7353,0,0,1,1,1,0,0,0,0,0.015
2024,1397,Tennessee,2,Y,sec,24,8,0.75,0,0,1,1,1,1,0,0,0,0.035
2024,1124,Baylor,3,X,big_twelve,22,10,0.6875,0,0,1,1,0,0,0,0,0,0.0
2024,1166,Creighton,3,Y,big_east,23,9,0.7188,0,0,1,1,1,0,0,0,0,0.015
2024,1228,Illinois,3,W,big_ten,26,8,0.7647,0,0,1,1,1,1,0,0,0,0.035
2024,1246,Kentucky,3,Z,sec,23,9,0.7188,0,0,1,0,0,0,0,0,0,0.0
2024,1104,Alabama,4,X,sec,21,11,0.6562,0,0,1,1,1,1,1,0,0,0.073241
2024,1120,Auburn,4,W,sec,27,7,0.7941,0,0,1,0,0,0,0,0,0,0.0
2024,1181,Duke,4,Z,acc,24,8,0.75,0,0,1,1,1,1,0,0,0,0.045741
2024,1242,Kansas,4,Y,big_twelve,21,10,0.6774,0,0,1,1,0,0,0,0,0,0.010741
2024,1211,Gonzaga,5,Y,wcc,24,7,0.7742,0,0,1,1,1,0,0,0,0,0.025741
2024,1361,San Diego St,5,W,mwc,22,10,0.6875,0,0,1,1,1,0,0,0,0,0.025741
2024,1388,St Mary's CA,5,X,wcc,25,7,0.7812,0,0,1,0,0,0,0,0,0,0.0
2024,1458,Wisconsin,5,Z,big_ten,22,13,0.6286,0,0,1,0,0,0,0,0,0,0.0
2024,1140,BYU,6,W,big_twelve,23,10,0.697,0,0,1,0,0,0,0,0,0,0.0
2024,1155,Clemson,6,X,acc,21,11,0.6562,0,0,1,1,1,1,0,0,0,0.045741
2024,1376,South Carolina,6,Y,sec,26,7,0.7879,0,0,1,0,0,0,0,0,0,0.0
2024,1403,Texas Tech,6,Z,big_twelve,23,10,0.697,0,0,1,0,0,0,0,0,0,0.0
2024,1173,Dayton,7,X,a_ten,24,7,0.7742,0,0,1,1,0,0,0,0,0,0.010741
2024,1196,Florida,7,Z,sec,24,11,0.6857,0,0,1,0,0,0,0,0,0,0.0
2024,1400,Texas,7,Y,big_twelve,20,12,0.625,0,0,1,1,0,0,0,0,0,0.010741
2024,1450,Washington St,7,W,pac_twelve,24,9,0.7273,0,0,1,1,0,0,0,0,0,0.010741
2024,1194,FL Atlantic,8,W,aac,25,8,0.7576,0,0,1,0,0,0,0,0,0,0.0
2024,1280,Mississippi St,8,X,sec,21,13,0.6176,0,0,1,0,0,0,0,0,0,0.0
2024,1304,Nebraska,8,Z,big_ten,23,10,0.697,0,0,1,0,0,0,0,0,0,0.0
2024,1429,Utah St,8,Y,mwc,25,6,0.8065,0,0,1,1,0,0,0,0,0,0.010741
2024,1277,Michigan St,9,X,big_ten,19,14,0.5758,0,0,1,1,0,0,0,0,0,0.010741
2024,1321,Northwestern,9,W,big_ten,21,11,0.6562,0,0,1,1,0,0,0,0,0,0.010741
2024,1395,TCU,9,Y,big_twelve,21,12,0.6364,0,0,1,0,0,0,0,0,0,0.0
2024,1401,Texas A&M,9,Z,sec,20,14,0.5882,0,0,1,1,0,0,0,0,0,0.010741
2024,1129,Boise St,10,Z,mwc,20,10,0.6667,1,0,0,0,0,0,0,0,0,0.0
2024,1160,Colorado,10,Z,pac_twelve,24,10,0.7059,1,1,1,1,0,0,0,0,0,0.010741
2024,1161,Colorado St,10,Y,mwc,22,10,0.6875,1,1,1,0,0,0,0,0,0,0.0
2024,1179,Drake,10,W,mvc,27,6,0.8182,0,0,1,0,0,0,0,0,0,0.0
2024,1305,Nevada,10,X,mwc,25,7,0.7812,0,0,1,0,0,0,0,0,0,0.0
2024,1438,Virginia,10,Y,acc,23,10,0.697,1,0,0,0,0,0,0,0,0,0.0
2024,1182,Duquesne,11,W,a_ten,23,11,0.6765,0,0,1,1,0,0,0,0,0,0.010741
2024,1301,NC State,11,Z,acc,22,14,0.6111,0,0,1,1,1,1,1,0,0,0.073241
2024,1307,New Mexico,11,X,mwc,25,9,0.7353,0,0,1,0,0,0,0,0,0,0.0
2024,1332,Oregon,11,Y,pac_twelve,23,11,0.6765,0,0,1,1,0,0,0,0,0,0.010741
2024,1213,Grand Canyon,12,X,wac,28,4,0.875,0,0,1,1,0,0,0,0,0,0.010741
2024,1241,James Madison,12,Z,sun_belt,30,3,0.9091,0,0,1,1,0,0,0,0,0,0.010741
2024,1270,McNeese St,12,Y,southland,26,3,0.8966,0,0,1,0,0,0,0,0,0,0.0
2024,1412,UAB,12,W,aac,22,11,0.6667,0,0,1,0,0,0,0,0,0,0.0
2024,1158,Col Charleston,13,X,caa,26,7,0.7879,0,0,1,0,0,0,0,0,0,0.00537
2024,1359,Samford,13,Y,southern,27,5,0.8438,0,0,1,0,0,0,0,0,0,0.00537
2024,1436,Vermont,13,Z,aec,26,6,0.8125,0,0,1,0,0,0,0,0,0,0.00537
2024,1463,Yale,13,W,ivy,20,9,0.6897,0,0,1,1,0,0,0,0,0,0.00537
2024,1103,Akron,14,Y,mac,22,10,0.6875,0,0,1,0,0,0,0,0,0,0.00537
2024,1159,Colgate,14,X,patriot,24,9,0.7273,0,0,1,0,0,0,0,0,0,0.00537
2024,1287,Morehead St,14,W,ovc,22,8,0.7333,0,0,1,0,0,0,0,0,0,0.00537
2024,1324,Oakland,14,Z,horizon,23,11,0.6765,0,0,1,1,0,0,0,0,0,0.00537
2024,1253,Long Beach St,15,X,big_west,19,14,0.5758,0,0,1,0,0,0,0,0,0,0.00537
2024,1355,S Dakota St,15,W,summit,19,12,0.6129,0,0,1,0,0,0,0,0,0,0.00537
2024,1389,St Peter's,15,Y,maac,18,13,0.5806,0,0,1,0,0,0,0,0,0,0.00537
2024,1443,WKU,15,Z,cusa,19,11,0.6333,0,0,1,0,0,0,0,0,0,0.00537
2024,1212,Grambling,16,Y,swac,17,14,0.5484,1,1,1,0,0,0,0,0,0,0.00537
2024,1224,Howard,16,X,meac,16,16,0.5,1,0,0,0,0,0,0,0,0,0.00537
2024,1255,Longwood,16,Z,big_south,18,13,0.5806,0,0,1,0,0,0,0,0,0,0.00537
2024,1286,Montana St,16,Y,big_sky,15,16,0.4839,1,0,0,0,0,0,0,0,0,0.00537
2024,1391,Stetson,16,W,a_sun,19,12,0.6129,0,0,1,0,0,0,0,0,0,0.00537
2024,1447,Wagner,16,X,nec,14,15,0.4828,1,1,1,0,0,0,0,0,0,0.00537
2025,1120,Auburn,1,Y,sec,28,5,0.8485,0,0,1,1,1,1,1,0,0,0.0625
2025,1181,Duke,1,W,acc,31,3,0.9118,0,0,1,1,1,1,1,0,0,0.0625
2025,1196,Florida,1,Z,sec,30,4,0.8824,0,0,1,1,1,1,1,1,1,0.1775
2025,1222,Houston,1,X,big_twelve,30,4,0.8824,0,0,1,1,1,1,1,1,0,0.1075
2025,1104,Alabama,2,W,sec,25,8,0.7576,0,0,1,1,1,1,0,0,0,0.035
2025,1277,Michigan St,2,Y,big_ten,27,6,0.8182,0,0,1,1,1,1,0,0,0,0.035
2025,1385,St John's,2,Z,big_east,30,4,0.8824,0,0,1,1,0,0,0,0,0,0.0
2025,1397,Tennessee,2,X,sec,27,7,0.7941,0,0,1,1,1,1,0,0,0,0.035
2025,1235,Iowa St,3,Y,big_twelve,24,9,0.7273,0,0,1,1,0,0,0,0,0,0.0
2025,1246,Kentucky,3,X,sec,22,11,0.6667,0,0,1,1,1,0,0,0,0,0.015
2025,1403,Texas Tech,3,Z,big_twelve,25,8,0.7576,0,0,1,1,1,1,0,0,0,0.035
2025,1458,Wisconsin,3,W,big_ten,26,9,0.7429,0,0,1,1,0,0,0,0,0,0.0
2025,1112,Arizona,4,W,big_twelve,22,12,0.6471,0,0,1,1,1,0,0,0,0,0.025357
2025,1268,Maryland,4,Z,big_ten,25,8,0.7576,0,0,1,1,1,0,0,0,0,0.025357
2025,1345,Purdue,4,X,big_ten,22,11,0.6667,0,0,1,1,1,0,0,0,0,0.025357
2025,1401,Texas A&M,4,Y,sec,22,10,0.6875,0,0,1,1,0,0,0,0,0,0.010357
2025,1155,Clemson,5,X,acc,27,6,0.8182,0,0,1,0,0,0,0,0,0,0.0
2025,1272,Memphis,5,Z,aac,29,5,0.8529,0,0,1,0,0,0,0,0,0,0.0
2025,1276,Michigan,5,Y,big_ten,25,9,0.7353,0,0,1,1,1,0,0,0,0,0.025357
2025,1332,Oregon,5,W,big_ten,24,9,0.7273,0,0,1,1,0,0,0,0,0,0.010357
2025,1140,BYU,6,W,big_twelve,24,9,0.7273,0,0,1,1,1,0,0,0,0,0.025357
2025,1228,Illinois,6,X,big_ten,21,12,0.6364,0,0,1,1,0,0,0,0,0,0.010357
2025,1279,Mississippi,6,Y,sec,22,11,0.6667,0,0,1,1,1,0,0,0,0,0.025357
2025,1281,Missouri,6,Z,sec,22,11,0.6667,0,0,1,0,0,0,0,0,0,0.0
2025,1242,Kansas,7,Z,big_twelve,21,12,0.6364,0,0,1,0,0,0,0,0,0,0.0
2025,1266,Marquette,7,Y,big_east,23,10,0.697,0,0,1,0,0,0,0,0,0,0.0
2025,1388,St Mary's CA,7,W,wcc,27,5,0.8438,0,0,1,1,0,0,0,0,0,0.010357
2025,1417,UCLA,7,X,big_ten,22,10,0.6875,0,0,1,1,0,0,0,0,0,0.010357
2025,1163,Connecticut,8,Z,big_east,23,10,0.697,0,0,1,1,0,0,0,0,0,0.010357
2025,1211,Gonzaga,8,X,wcc,25,8,0.7576,0,0,1,1,0,0,0,0,0,0.010357
2025,1257,Louisville,8,Y,acc,27,7,0.7941,0,0,1,0,0,0,0,0,0,0.0
2025,1280,Mississippi St,8,W,sec,21,12,0.6364,0,0,1,0,0,0,0,0,0,0.0
2025,1124,Baylor,9,W,big_twelve,18,14,0.5625,0,0,1,1,0,0,0,0,0,0.010357
2025,1166,Creighton,9,Y,big_east,24,10,0.7059,0,0,1,1,0,0,0,0,0,0.010357
2025,1208,Georgia,9,X,sec,20,12,0.625,0,0,1,0,0,0,0,0,0,0.0
2025,1328,Oklahoma,9,Z,sec,20,13,0.6061,0,0,1,0,0,0,0,0,0,0.0
2025,1116,Arkansas,10,Z,sec,20,13,0.6061,0,0,1,1,1,0,0,0,0,0.025357
2025,1307,New Mexico,10,Y,mwc,25,7,0.7812,0,0,1,1,0,0,0,0,0,0.010357
2025,1429,Utah St,10,X,mwc,25,7,0.7812,0,0,1,0,0,0,0,0,0,0.0
2025,1435,Vanderbilt,10,W,sec,20,12,0.625,0,0,1,0,0,0,0,0,0,0.0
2025,1179,Drake,11,Z,mvc,28,3,0.9032,0,0,1,1,0,0,0,0,0,0.010357
2025,1314,North Carolina,11,Y,acc,22,13,0.6286,1,1,1,0,0,0,0,0,0,0.0
2025,1361,San Diego St,11,Y,mwc,20,9,0.6897,1,0,0,0,0,0,0,0,0,0.0
2025,1400,Texas,11,X,sec,19,15,0.5588,1,0,0,0,0,0,0,0,0,0.0
2025,1433,VCU,11,W,a_ten,27,6,0.8182,0,0,1,0,0,0,0,0,0,0.0
2025,1462,Xavier,11,X,big_east,21,11,0.6562,1,1,1,0,0,0,0,0,0,0.0
2025,1161,Colorado St,12,Z,mwc,25,9,0.7353,0,0,1,1,0,0,0,0,0,0.010357
2025,1251,Liberty,12,W,cusa,25,6,0.8065,0,0,1,0,0,0,0,0,0,0.0
2025,1270,McNeese St,12,X,southland,25,6,0.8065,0,0,1,1,0,0,0,0,0,0.010357
2025,1471,UC San Diego,12,Y,big_west,28,4,0.875,0,0,1,0,0,0,0,0,0,0.0
2025,1103,Akron,13,W,mac,26,6,0.8125,0,0,1,0,0,0,0,0,0,0.005179
2025,1213,Grand Canyon,13,Z,wac,25,7,0.7812,0,0,1,0,0,0,0,0,0,0.005179
2025,1219,High Point,13,X,big_south,27,5,0.8438,0,0,1,0,0,0,0,0,0,0.005179
2025,1463,Yale,13,Y,ivy,21,7,0.75,0,0,1,0,0,0,0,0,0,0.005179
2025,1252,Lipscomb,14,Y,a_sun,23,9,0.7188,0,0,1,0,0,0,0,0,0,0.005179
2025,1285,Montana,14,W,big_sky,22,9,0.7097,0,0,1,0,0,0,0,0,0,0.005179
2025,1407,Troy,14,X,sun_belt,21,10,0.6774,0,0,1,0,0,0,0,0,0,0.005179
2025,1423,UNC Wilmington,14,Z,caa,25,7,0.7812,0,0,1,0,0,0,0,0,0,0.005179
2025,1136,Bryant,15,Y,aec,21,11,0.6562,0,0,1,0,0,0,0,0,0,0.005179
2025,1303,NE Omaha,15,Z,summit,20,12,0.625,0,0,1,0,0,0,0,0,0,0.005179
2025,1352,Robert Morris,15,W,horizon,25,8,0.7576,0,0,1,0,0,0,0,0,0,0.005179
2025,1459,Wofford,15,X,southern,17,15,0.5312,0,0,1,0,0,0,0,0,0,0.005179
2025,1106,Alabama St,16,Y,swac,18,15,0.5455,1,1,1,0,0,0,0,0,0,0.005179
2025,1110,American Univ,16,W,patriot,20,12,0.625,1,0,0,0,0,0,0,0,0,0.005179
2025,1188,SIUE,16,X,ovc,19,11,0.6333,0,0,1,0,0,0,0,0,0,0.005179
2025,1291,Mt St Mary's,16,W,maac,21,12,0.6364,1,1,1,0,0,0,0,0,0,0.005179
2025,1313,Norfolk St,16,Z,meac,21,10,0.6774,0,0,1,0,0,0,0,0,0,0.005179
2025,1384,St Francis PA,16,Y,nec,13,17,0.4333,1,0,0,0,0,0,0,0,0,0.005179
